2025-11-07 21:36:44 WARN  [HikariPool-1:housekeeper] HikariPool - HikariPool-1 - Thread starvation or clock leap detected (housekeeper delta=41m32s135ms580µs400ns).
2025-11-07 21:36:44 DEBUG [HikariPool-1:housekeeper] HikariPool - HikariPool-1 - Pool stats (total=10/10, idle=10/10, active=0, waiting=0)
2025-11-07 21:36:44 DEBUG [HikariPool-1:housekeeper] HikariPool - HikariPool-1 - Fill pool skipped, pool has sufficient level or currently being filled.
2025-11-07 21:36:44 DEBUG [HikariPool-1:housekeeper] HikariPool - HikariPool-1 - keepalive: connection com.mysql.cj.jdbc.ConnectionImpl@2acdd558 is alive
2025-11-07 21:36:44 DEBUG [HikariPool-1:housekeeper] HikariPool - HikariPool-1 - keepalive: connection com.mysql.cj.jdbc.ConnectionImpl@768a74da is alive
2025-11-07 21:36:44 DEBUG [HikariPool-1:housekeeper] HikariPool - HikariPool-1 - keepalive: connection com.mysql.cj.jdbc.ConnectionImpl@7fc1ab27 is alive
2025-11-07 21:36:44 DEBUG [HikariPool-1:housekeeper] HikariPool - HikariPool-1 - keepalive: connection com.mysql.cj.jdbc.ConnectionImpl@389cd473 is alive
2025-11-07 21:36:44 DEBUG [HikariPool-1:housekeeper] HikariPool - HikariPool-1 - keepalive: connection com.mysql.cj.jdbc.ConnectionImpl@25cc44a2 is alive
2025-11-07 21:36:44 DEBUG [HikariPool-1:housekeeper] HikariPool - HikariPool-1 - keepalive: connection com.mysql.cj.jdbc.ConnectionImpl@108b7e2 is alive
2025-11-07 21:36:44 DEBUG [HikariPool-1:housekeeper] HikariPool - HikariPool-1 - keepalive: connection com.mysql.cj.jdbc.ConnectionImpl@51f1d1d6 is alive
2025-11-07 21:36:44 DEBUG [HikariPool-1:housekeeper] HikariPool - HikariPool-1 - keepalive: connection com.mysql.cj.jdbc.ConnectionImpl@20bb6a86 is alive
2025-11-07 21:36:44 DEBUG [HikariPool-1:housekeeper] HikariPool - HikariPool-1 - keepalive: connection com.mysql.cj.jdbc.ConnectionImpl@2acf1663 is alive
2025-11-07 21:36:44 DEBUG [HikariPool-1:housekeeper] HikariPool - HikariPool-1 - keepalive: connection com.mysql.cj.jdbc.ConnectionImpl@5c5b4af0 is alive
2025-11-07 21:36:44 DEBUG [HikariPool-1:connection-closer] PoolBase - HikariPool-1 - Closing connection com.mysql.cj.jdbc.ConnectionImpl@2acdd558: (connection has passed maxLifetime)
2025-11-07 21:36:44 DEBUG [HikariPool-1:connection-closer] PoolBase - HikariPool-1 - Closing connection com.mysql.cj.jdbc.ConnectionImpl@20bb6a86: (connection has passed maxLifetime)
2025-11-07 21:36:44 DEBUG [HikariPool-1:connection-adder] PoolBase - HikariPool-1 - Attempting to create/setup new connection (05eb706e-7090-45a9-85db-bbc8c1349688)
2025-11-07 21:36:44 DEBUG [HikariPool-1:connection-closer] PoolBase - HikariPool-1 - Closing connection com.mysql.cj.jdbc.ConnectionImpl@51f1d1d6: (connection has passed maxLifetime)
2025-11-07 21:36:44 DEBUG [HikariPool-1:connection-closer] PoolBase - HikariPool-1 - Closing connection com.mysql.cj.jdbc.ConnectionImpl@25cc44a2: (connection has passed maxLifetime)
2025-11-07 21:36:44 DEBUG [HikariPool-1:connection-closer] PoolBase - HikariPool-1 - Closing connection com.mysql.cj.jdbc.ConnectionImpl@7fc1ab27: (connection has passed maxLifetime)
2025-11-07 21:36:44 DEBUG [HikariPool-1:connection-closer] PoolBase - HikariPool-1 - Closing connection com.mysql.cj.jdbc.ConnectionImpl@389cd473: (connection has passed maxLifetime)
2025-11-07 21:36:44 DEBUG [HikariPool-1:connection-closer] PoolBase - HikariPool-1 - Closing connection com.mysql.cj.jdbc.ConnectionImpl@768a74da: (connection has passed maxLifetime)
2025-11-07 21:36:44 DEBUG [HikariPool-1:connection-closer] PoolBase - HikariPool-1 - Closing connection com.mysql.cj.jdbc.ConnectionImpl@5c5b4af0: (connection has passed maxLifetime)
2025-11-07 21:36:44 DEBUG [HikariPool-1:connection-closer] PoolBase - HikariPool-1 - Closing connection com.mysql.cj.jdbc.ConnectionImpl@108b7e2: (connection has passed maxLifetime)
2025-11-07 21:36:44 DEBUG [HikariPool-1:connection-closer] PoolBase - HikariPool-1 - Closing connection com.mysql.cj.jdbc.ConnectionImpl@2acf1663: (connection has passed maxLifetime)
2025-11-07 21:36:44 DEBUG [HikariPool-1:connection-adder] PoolBase - HikariPool-1 - Established new connection (05eb706e-7090-45a9-85db-bbc8c1349688)
2025-11-07 21:36:44 DEBUG [HikariPool-1:connection-adder] HikariPool - HikariPool-1 - Added connection com.mysql.cj.jdbc.ConnectionImpl@583af628
2025-11-07 21:36:44 DEBUG [HikariPool-1:connection-adder] PoolBase - HikariPool-1 - Attempting to create/setup new connection (a4c6ac89-218c-4027-ac60-0180b2903211)
2025-11-07 21:36:44 DEBUG [HikariPool-1:connection-adder] PoolBase - HikariPool-1 - Established new connection (a4c6ac89-218c-4027-ac60-0180b2903211)
2025-11-07 21:36:44 DEBUG [HikariPool-1:connection-adder] HikariPool - HikariPool-1 - Added connection com.mysql.cj.jdbc.ConnectionImpl@68003ce6
2025-11-07 21:36:44 DEBUG [HikariPool-1:connection-adder] PoolBase - HikariPool-1 - Attempting to create/setup new connection (84e9ad6a-4a5a-4ab7-81d9-c8b2feef1415)
2025-11-07 21:36:44 DEBUG [HikariPool-1:connection-adder] PoolBase - HikariPool-1 - Established new connection (84e9ad6a-4a5a-4ab7-81d9-c8b2feef1415)
2025-11-07 21:36:44 DEBUG [HikariPool-1:connection-adder] HikariPool - HikariPool-1 - Added connection com.mysql.cj.jdbc.ConnectionImpl@58d7fd05
2025-11-07 21:36:44 DEBUG [HikariPool-1:connection-adder] PoolBase - HikariPool-1 - Attempting to create/setup new connection (5df9d064-f930-4d59-8d36-2892f1c7c82a)
2025-11-07 21:36:45 DEBUG [HikariPool-1:connection-adder] PoolBase - HikariPool-1 - Established new connection (5df9d064-f930-4d59-8d36-2892f1c7c82a)
2025-11-07 21:36:45 DEBUG [HikariPool-1:connection-adder] HikariPool - HikariPool-1 - Added connection com.mysql.cj.jdbc.ConnectionImpl@45dc2eb7
2025-11-07 21:36:45 DEBUG [HikariPool-1:connection-adder] PoolBase - HikariPool-1 - Attempting to create/setup new connection (1a53b71f-16a5-48c4-823b-cc4752e937ff)
2025-11-07 21:36:45 DEBUG [HikariPool-1:connection-adder] PoolBase - HikariPool-1 - Established new connection (1a53b71f-16a5-48c4-823b-cc4752e937ff)
2025-11-07 21:36:45 DEBUG [HikariPool-1:connection-adder] HikariPool - HikariPool-1 - Added connection com.mysql.cj.jdbc.ConnectionImpl@24dacf53
2025-11-07 21:36:45 DEBUG [HikariPool-1:connection-adder] PoolBase - HikariPool-1 - Attempting to create/setup new connection (ddcb99ec-9e36-4784-af69-f1498b6fccdd)
2025-11-07 21:36:45 DEBUG [HikariPool-1:connection-adder] PoolBase - HikariPool-1 - Established new connection (ddcb99ec-9e36-4784-af69-f1498b6fccdd)
2025-11-07 21:36:45 DEBUG [HikariPool-1:connection-adder] HikariPool - HikariPool-1 - Added connection com.mysql.cj.jdbc.ConnectionImpl@24c63bce
2025-11-07 21:36:45 DEBUG [HikariPool-1:connection-adder] PoolBase - HikariPool-1 - Attempting to create/setup new connection (6cd64bf6-5b48-4acd-bcb7-56c2ac2290b1)
2025-11-07 21:36:45 DEBUG [HikariPool-1:connection-adder] PoolBase - HikariPool-1 - Established new connection (6cd64bf6-5b48-4acd-bcb7-56c2ac2290b1)
2025-11-07 21:36:45 DEBUG [HikariPool-1:connection-adder] HikariPool - HikariPool-1 - Added connection com.mysql.cj.jdbc.ConnectionImpl@320015cb
2025-11-07 21:36:45 DEBUG [HikariPool-1:connection-adder] PoolBase - HikariPool-1 - Attempting to create/setup new connection (08ec501f-4629-4ceb-8db7-606cc7b59aee)
2025-11-07 21:36:45 DEBUG [HikariPool-1:connection-adder] PoolBase - HikariPool-1 - Established new connection (08ec501f-4629-4ceb-8db7-606cc7b59aee)
2025-11-07 21:36:45 DEBUG [HikariPool-1:connection-adder] HikariPool - HikariPool-1 - Added connection com.mysql.cj.jdbc.ConnectionImpl@cb43b91
2025-11-07 21:36:45 DEBUG [HikariPool-1:connection-adder] PoolBase - HikariPool-1 - Attempting to create/setup new connection (d11e4ce5-4709-447f-9a91-792968a680e7)
2025-11-07 21:36:45 DEBUG [HikariPool-1:connection-adder] PoolBase - HikariPool-1 - Established new connection (d11e4ce5-4709-447f-9a91-792968a680e7)
2025-11-07 21:36:45 DEBUG [HikariPool-1:connection-adder] HikariPool - HikariPool-1 - Added connection com.mysql.cj.jdbc.ConnectionImpl@1a244dac
2025-11-07 21:36:45 DEBUG [HikariPool-1:connection-adder] PoolBase - HikariPool-1 - Attempting to create/setup new connection (49edeb9b-dce1-4b90-9b4e-0a5aadffdfce)
2025-11-07 21:36:45 DEBUG [HikariPool-1:connection-adder] PoolBase - HikariPool-1 - Established new connection (49edeb9b-dce1-4b90-9b4e-0a5aadffdfce)
2025-11-07 21:36:45 DEBUG [HikariPool-1:connection-adder] HikariPool - HikariPool-1 - Added connection com.mysql.cj.jdbc.ConnectionImpl@696ce0e6
2025-11-07 21:36:45 DEBUG [HikariPool-1:connection-adder] HikariPool - HikariPool-1 - Connection not added, stats (total=10/10, idle=10/10, active=0, waiting=0)
2025-11-07 21:37:14 DEBUG [HikariPool-1:housekeeper] HikariPool - HikariPool-1 - Pool stats (total=10/10, idle=10/10, active=0, waiting=0)
2025-11-07 21:37:14 DEBUG [HikariPool-1:housekeeper] HikariPool - HikariPool-1 - Fill pool skipped, pool has sufficient level or currently being filled.
2025-11-07 21:37:44 DEBUG [HikariPool-1:housekeeper] HikariPool - HikariPool-1 - Pool stats (total=10/10, idle=10/10, active=0, waiting=0)
2025-11-07 21:37:44 DEBUG [HikariPool-1:housekeeper] HikariPool - HikariPool-1 - Fill pool skipped, pool has sufficient level or currently being filled.
2025-11-07 21:38:14 DEBUG [HikariPool-1:housekeeper] HikariPool - HikariPool-1 - Pool stats (total=10/10, idle=10/10, active=0, waiting=0)
2025-11-07 21:38:14 DEBUG [HikariPool-1:housekeeper] HikariPool - HikariPool-1 - Fill pool skipped, pool has sufficient level or currently being filled.
2025-11-07 21:38:21 DEBUG [HikariPool-1:housekeeper] HikariPool - HikariPool-1 - keepalive: connection com.mysql.cj.jdbc.ConnectionImpl@58d7fd05 is alive
2025-11-07 21:38:22 DEBUG [HikariPool-1:housekeeper] HikariPool - HikariPool-1 - keepalive: connection com.mysql.cj.jdbc.ConnectionImpl@cb43b91 is alive
2025-11-07 21:38:28 DEBUG [HikariPool-1:housekeeper] HikariPool - HikariPool-1 - keepalive: connection com.mysql.cj.jdbc.ConnectionImpl@24dacf53 is alive
2025-11-07 21:38:29 DEBUG [HikariPool-1:housekeeper] HikariPool - HikariPool-1 - keepalive: connection com.mysql.cj.jdbc.ConnectionImpl@320015cb is alive
2025-11-07 21:38:29 DEBUG [HikariPool-1:housekeeper] HikariPool - HikariPool-1 - keepalive: connection com.mysql.cj.jdbc.ConnectionImpl@68003ce6 is alive
2025-11-07 21:38:33 DEBUG [HikariPool-1:housekeeper] HikariPool - HikariPool-1 - keepalive: connection com.mysql.cj.jdbc.ConnectionImpl@24c63bce is alive
2025-11-07 21:38:35 DEBUG [HikariPool-1:housekeeper] HikariPool - HikariPool-1 - keepalive: connection com.mysql.cj.jdbc.ConnectionImpl@1a244dac is alive
2025-11-07 21:38:36 DEBUG [HikariPool-1:housekeeper] HikariPool - HikariPool-1 - keepalive: connection com.mysql.cj.jdbc.ConnectionImpl@45dc2eb7 is alive
2025-11-07 21:38:38 DEBUG [HikariPool-1:housekeeper] HikariPool - HikariPool-1 - keepalive: connection com.mysql.cj.jdbc.ConnectionImpl@696ce0e6 is alive
2025-11-07 21:38:43 DEBUG [HikariPool-1:housekeeper] HikariPool - HikariPool-1 - keepalive: connection com.mysql.cj.jdbc.ConnectionImpl@583af628 is alive
2025-11-07 21:38:44 DEBUG [HikariPool-1:housekeeper] HikariPool - HikariPool-1 - Pool stats (total=10/10, idle=10/10, active=0, waiting=0)
2025-11-07 21:38:44 DEBUG [HikariPool-1:housekeeper] HikariPool - HikariPool-1 - Fill pool skipped, pool has sufficient level or currently being filled.
2025-11-07 21:39:14 DEBUG [HikariPool-1:housekeeper] HikariPool - HikariPool-1 - Pool stats (total=10/10, idle=10/10, active=0, waiting=0)
2025-11-07 21:39:14 DEBUG [HikariPool-1:housekeeper] HikariPool - HikariPool-1 - Fill pool skipped, pool has sufficient level or currently being filled.
2025-11-07 21:39:44 DEBUG [HikariPool-1:housekeeper] HikariPool - HikariPool-1 - Pool stats (total=10/10, idle=10/10, active=0, waiting=0)
2025-11-07 21:39:44 DEBUG [HikariPool-1:housekeeper] HikariPool - HikariPool-1 - Fill pool skipped, pool has sufficient level or currently being filled.
2025-11-07 21:39:57 DEBUG [HikariPool-1:housekeeper] HikariPool - HikariPool-1 - keepalive: connection com.mysql.cj.jdbc.ConnectionImpl@58d7fd05 is alive
2025-11-07 21:40:00 DEBUG [HikariPool-1:housekeeper] HikariPool - HikariPool-1 - keepalive: connection com.mysql.cj.jdbc.ConnectionImpl@cb43b91 is alive
2025-11-07 21:40:12 DEBUG [HikariPool-1:housekeeper] HikariPool - HikariPool-1 - keepalive: connection com.mysql.cj.jdbc.ConnectionImpl@320015cb is alive
2025-11-07 21:40:12 DEBUG [HikariPool-1:housekeeper] HikariPool - HikariPool-1 - keepalive: connection com.mysql.cj.jdbc.ConnectionImpl@24dacf53 is alive
2025-11-07 21:40:14 DEBUG [HikariPool-1:housekeeper] HikariPool - HikariPool-1 - keepalive: connection com.mysql.cj.jdbc.ConnectionImpl@68003ce6 is alive
2025-11-07 21:40:14 DEBUG [HikariPool-1:housekeeper] HikariPool - HikariPool-1 - Pool stats (total=10/10, idle=10/10, active=0, waiting=0)
2025-11-07 21:40:14 DEBUG [HikariPool-1:housekeeper] HikariPool - HikariPool-1 - Fill pool skipped, pool has sufficient level or currently being filled.
2025-11-07 21:40:20 DEBUG [HikariPool-1:housekeeper] HikariPool - HikariPool-1 - keepalive: connection com.mysql.cj.jdbc.ConnectionImpl@24c63bce is alive
2025-11-07 21:40:25 DEBUG [HikariPool-1:housekeeper] HikariPool - HikariPool-1 - keepalive: connection com.mysql.cj.jdbc.ConnectionImpl@1a244dac is alive
2025-11-07 21:40:27 DEBUG [HikariPool-1:housekeeper] HikariPool - HikariPool-1 - keepalive: connection com.mysql.cj.jdbc.ConnectionImpl@45dc2eb7 is alive
2025-11-07 21:40:30 DEBUG [HikariPool-1:housekeeper] HikariPool - HikariPool-1 - keepalive: connection com.mysql.cj.jdbc.ConnectionImpl@696ce0e6 is alive
2025-11-07 21:40:41 DEBUG [HikariPool-1:housekeeper] HikariPool - HikariPool-1 - keepalive: connection com.mysql.cj.jdbc.ConnectionImpl@583af628 is alive
2025-11-07 21:40:44 DEBUG [HikariPool-1:housekeeper] HikariPool - HikariPool-1 - Pool stats (total=10/10, idle=10/10, active=0, waiting=0)
2025-11-07 21:40:44 DEBUG [HikariPool-1:housekeeper] HikariPool - HikariPool-1 - Fill pool skipped, pool has sufficient level or currently being filled.
2025-11-07 21:41:14 DEBUG [HikariPool-1:housekeeper] HikariPool - HikariPool-1 - Pool stats (total=10/10, idle=10/10, active=0, waiting=0)
2025-11-07 21:41:14 DEBUG [HikariPool-1:housekeeper] HikariPool - HikariPool-1 - Fill pool skipped, pool has sufficient level or currently being filled.
2025-11-07 21:41:33 DEBUG [HikariPool-1:housekeeper] HikariPool - HikariPool-1 - keepalive: connection com.mysql.cj.jdbc.ConnectionImpl@58d7fd05 is alive
2025-11-07 21:41:38 DEBUG [HikariPool-1:housekeeper] HikariPool - HikariPool-1 - keepalive: connection com.mysql.cj.jdbc.ConnectionImpl@cb43b91 is alive
2025-11-07 21:41:44 DEBUG [HikariPool-1:housekeeper] HikariPool - HikariPool-1 - Pool stats (total=10/10, idle=10/10, active=0, waiting=0)
2025-11-07 21:41:44 DEBUG [HikariPool-1:housekeeper] HikariPool - HikariPool-1 - Fill pool skipped, pool has sufficient level or currently being filled.
2025-11-07 21:41:57 DEBUG [HikariPool-1:housekeeper] HikariPool - HikariPool-1 - keepalive: connection com.mysql.cj.jdbc.ConnectionImpl@320015cb is alive
2025-11-07 21:41:57 DEBUG [HikariPool-1:housekeeper] HikariPool - HikariPool-1 - keepalive: connection com.mysql.cj.jdbc.ConnectionImpl@24dacf53 is alive
2025-11-07 21:41:59 DEBUG [HikariPool-1:housekeeper] HikariPool - HikariPool-1 - keepalive: connection com.mysql.cj.jdbc.ConnectionImpl@68003ce6 is alive
2025-11-07 21:42:08 DEBUG [HikariPool-1:housekeeper] HikariPool - HikariPool-1 - keepalive: connection com.mysql.cj.jdbc.ConnectionImpl@24c63bce is alive
2025-11-07 21:42:14 DEBUG [HikariPool-1:housekeeper] HikariPool - HikariPool-1 - Pool stats (total=10/10, idle=10/10, active=0, waiting=0)
2025-11-07 21:42:14 DEBUG [HikariPool-1:housekeeper] HikariPool - HikariPool-1 - Fill pool skipped, pool has sufficient level or currently being filled.
2025-11-07 21:42:15 DEBUG [HikariPool-1:housekeeper] HikariPool - HikariPool-1 - keepalive: connection com.mysql.cj.jdbc.ConnectionImpl@1a244dac is alive
2025-11-07 21:42:18 DEBUG [HikariPool-1:housekeeper] HikariPool - HikariPool-1 - keepalive: connection com.mysql.cj.jdbc.ConnectionImpl@45dc2eb7 is alive
2025-11-07 21:42:23 DEBUG [HikariPool-1:housekeeper] HikariPool - HikariPool-1 - keepalive: connection com.mysql.cj.jdbc.ConnectionImpl@696ce0e6 is alive
2025-11-07 21:42:40 DEBUG [HikariPool-1:housekeeper] HikariPool - HikariPool-1 - keepalive: connection com.mysql.cj.jdbc.ConnectionImpl@583af628 is alive
2025-11-07 21:42:44 DEBUG [HikariPool-1:housekeeper] HikariPool - HikariPool-1 - Pool stats (total=10/10, idle=10/10, active=0, waiting=0)
2025-11-07 21:42:44 DEBUG [HikariPool-1:housekeeper] HikariPool - HikariPool-1 - Fill pool skipped, pool has sufficient level or currently being filled.
2025-11-07 21:43:09 DEBUG [HikariPool-1:housekeeper] HikariPool - HikariPool-1 - keepalive: connection com.mysql.cj.jdbc.ConnectionImpl@58d7fd05 is alive
2025-11-07 21:43:14 DEBUG [HikariPool-1:housekeeper] HikariPool - HikariPool-1 - Pool stats (total=10/10, idle=10/10, active=0, waiting=0)
2025-11-07 21:43:14 DEBUG [HikariPool-1:housekeeper] HikariPool - HikariPool-1 - Fill pool skipped, pool has sufficient level or currently being filled.
2025-11-07 21:43:15 DEBUG [HikariPool-1:housekeeper] HikariPool - HikariPool-1 - keepalive: connection com.mysql.cj.jdbc.ConnectionImpl@cb43b91 is alive
2025-11-07 21:43:40 DEBUG [HikariPool-1:housekeeper] HikariPool - HikariPool-1 - keepalive: connection com.mysql.cj.jdbc.ConnectionImpl@320015cb is alive
2025-11-07 21:43:41 DEBUG [HikariPool-1:housekeeper] HikariPool - HikariPool-1 - keepalive: connection com.mysql.cj.jdbc.ConnectionImpl@24dacf53 is alive
2025-11-07 21:43:44 DEBUG [HikariPool-1:housekeeper] HikariPool - HikariPool-1 - keepalive: connection com.mysql.cj.jdbc.ConnectionImpl@68003ce6 is alive
2025-11-07 21:43:44 DEBUG [HikariPool-1:housekeeper] HikariPool - HikariPool-1 - Pool stats (total=10/10, idle=10/10, active=0, waiting=0)
2025-11-07 21:43:44 DEBUG [HikariPool-1:housekeeper] HikariPool - HikariPool-1 - Fill pool skipped, pool has sufficient level or currently being filled.
2025-11-07 21:43:56 DEBUG [HikariPool-1:housekeeper] HikariPool - HikariPool-1 - keepalive: connection com.mysql.cj.jdbc.ConnectionImpl@24c63bce is alive
2025-11-07 21:44:06 DEBUG [HikariPool-1:housekeeper] HikariPool - HikariPool-1 - keepalive: connection com.mysql.cj.jdbc.ConnectionImpl@1a244dac is alive
2025-11-07 21:44:09 DEBUG [HikariPool-1:housekeeper] HikariPool - HikariPool-1 - keepalive: connection com.mysql.cj.jdbc.ConnectionImpl@45dc2eb7 is alive
2025-11-07 21:44:14 DEBUG [HikariPool-1:housekeeper] HikariPool - HikariPool-1 - Pool stats (total=10/10, idle=10/10, active=0, waiting=0)
2025-11-07 21:44:14 DEBUG [HikariPool-1:housekeeper] HikariPool - HikariPool-1 - Fill pool skipped, pool has sufficient level or currently being filled.
2025-11-07 21:44:16 DEBUG [HikariPool-1:housekeeper] HikariPool - HikariPool-1 - keepalive: connection com.mysql.cj.jdbc.ConnectionImpl@696ce0e6 is alive
2025-11-07 21:44:38 DEBUG [HikariPool-1:housekeeper] HikariPool - HikariPool-1 - keepalive: connection com.mysql.cj.jdbc.ConnectionImpl@583af628 is alive
2025-11-07 21:44:44 DEBUG [HikariPool-1:housekeeper] HikariPool - HikariPool-1 - Pool stats (total=10/10, idle=10/10, active=0, waiting=0)
2025-11-07 21:44:44 DEBUG [HikariPool-1:housekeeper] HikariPool - HikariPool-1 - Fill pool skipped, pool has sufficient level or currently being filled.
2025-11-07 21:44:45 DEBUG [HikariPool-1:housekeeper] HikariPool - HikariPool-1 - keepalive: connection com.mysql.cj.jdbc.ConnectionImpl@58d7fd05 is alive
2025-11-07 21:44:53 DEBUG [HikariPool-1:housekeeper] HikariPool - HikariPool-1 - keepalive: connection com.mysql.cj.jdbc.ConnectionImpl@cb43b91 is alive
2025-11-07 21:45:14 DEBUG [HikariPool-1:housekeeper] HikariPool - HikariPool-1 - Pool stats (total=10/10, idle=10/10, active=0, waiting=0)
2025-11-07 21:45:14 DEBUG [HikariPool-1:housekeeper] HikariPool - HikariPool-1 - Fill pool skipped, pool has sufficient level or currently being filled.
2025-11-07 21:45:24 DEBUG [HikariPool-1:housekeeper] HikariPool - HikariPool-1 - keepalive: connection com.mysql.cj.jdbc.ConnectionImpl@320015cb is alive
2025-11-07 21:45:24 DEBUG [HikariPool-1:housekeeper] HikariPool - HikariPool-1 - keepalive: connection com.mysql.cj.jdbc.ConnectionImpl@24dacf53 is alive
2025-11-07 21:45:28 DEBUG [HikariPool-1:housekeeper] HikariPool - HikariPool-1 - keepalive: connection com.mysql.cj.jdbc.ConnectionImpl@68003ce6 is alive
2025-11-07 21:45:44 DEBUG [HikariPool-1:housekeeper] HikariPool - HikariPool-1 - keepalive: connection com.mysql.cj.jdbc.ConnectionImpl@24c63bce is alive
2025-11-07 21:45:44 DEBUG [HikariPool-1:housekeeper] HikariPool - HikariPool-1 - Pool stats (total=10/10, idle=10/10, active=0, waiting=0)
2025-11-07 21:45:44 DEBUG [HikariPool-1:housekeeper] HikariPool - HikariPool-1 - Fill pool skipped, pool has sufficient level or currently being filled.
2025-11-07 21:45:56 DEBUG [HikariPool-1:housekeeper] HikariPool - HikariPool-1 - keepalive: connection com.mysql.cj.jdbc.ConnectionImpl@1a244dac is alive
2025-11-07 21:46:00 DEBUG [HikariPool-1:housekeeper] HikariPool - HikariPool-1 - keepalive: connection com.mysql.cj.jdbc.ConnectionImpl@45dc2eb7 is alive
2025-11-07 21:46:08 DEBUG [HikariPool-1:housekeeper] HikariPool - HikariPool-1 - keepalive: connection com.mysql.cj.jdbc.ConnectionImpl@696ce0e6 is alive
2025-11-07 21:46:14 DEBUG [HikariPool-1:housekeeper] HikariPool - HikariPool-1 - Pool stats (total=10/10, idle=10/10, active=0, waiting=0)
2025-11-07 21:46:14 DEBUG [HikariPool-1:housekeeper] HikariPool - HikariPool-1 - Fill pool skipped, pool has sufficient level or currently being filled.
2025-11-07 21:46:22 DEBUG [HikariPool-1:housekeeper] HikariPool - HikariPool-1 - keepalive: connection com.mysql.cj.jdbc.ConnectionImpl@58d7fd05 is alive
2025-11-07 21:46:31 DEBUG [HikariPool-1:housekeeper] HikariPool - HikariPool-1 - keepalive: connection com.mysql.cj.jdbc.ConnectionImpl@cb43b91 is alive
2025-11-07 21:46:37 DEBUG [HikariPool-1:housekeeper] HikariPool - HikariPool-1 - keepalive: connection com.mysql.cj.jdbc.ConnectionImpl@583af628 is alive
2025-11-07 21:46:44 DEBUG [HikariPool-1:housekeeper] HikariPool - HikariPool-1 - Pool stats (total=10/10, idle=10/10, active=0, waiting=0)
2025-11-07 21:46:44 DEBUG [HikariPool-1:housekeeper] HikariPool - HikariPool-1 - Fill pool skipped, pool has sufficient level or currently being filled.
2025-11-07 21:47:08 DEBUG [HikariPool-1:housekeeper] HikariPool - HikariPool-1 - keepalive: connection com.mysql.cj.jdbc.ConnectionImpl@320015cb is alive
2025-11-07 21:47:08 DEBUG [HikariPool-1:housekeeper] HikariPool - HikariPool-1 - keepalive: connection com.mysql.cj.jdbc.ConnectionImpl@24dacf53 is alive
2025-11-07 21:47:13 DEBUG [HikariPool-1:housekeeper] HikariPool - HikariPool-1 - keepalive: connection com.mysql.cj.jdbc.ConnectionImpl@68003ce6 is alive
2025-11-07 21:47:14 DEBUG [HikariPool-1:housekeeper] HikariPool - HikariPool-1 - Pool stats (total=10/10, idle=10/10, active=0, waiting=0)
2025-11-07 21:47:14 DEBUG [HikariPool-1:housekeeper] HikariPool - HikariPool-1 - Fill pool skipped, pool has sufficient level or currently being filled.
2025-11-07 21:47:32 DEBUG [HikariPool-1:housekeeper] HikariPool - HikariPool-1 - keepalive: connection com.mysql.cj.jdbc.ConnectionImpl@24c63bce is alive
2025-11-07 21:47:45 DEBUG [HikariPool-1:housekeeper] HikariPool - HikariPool-1 - Pool stats (total=10/10, idle=10/10, active=0, waiting=0)
2025-11-07 21:47:45 DEBUG [HikariPool-1:housekeeper] HikariPool - HikariPool-1 - Fill pool skipped, pool has sufficient level or currently being filled.
2025-11-07 21:47:46 DEBUG [HikariPool-1:housekeeper] HikariPool - HikariPool-1 - keepalive: connection com.mysql.cj.jdbc.ConnectionImpl@1a244dac is alive
2025-11-07 21:47:51 DEBUG [HikariPool-1:housekeeper] HikariPool - HikariPool-1 - keepalive: connection com.mysql.cj.jdbc.ConnectionImpl@45dc2eb7 is alive
2025-11-07 21:47:58 DEBUG [HikariPool-1:housekeeper] HikariPool - HikariPool-1 - keepalive: connection com.mysql.cj.jdbc.ConnectionImpl@58d7fd05 is alive
2025-11-07 21:48:01 DEBUG [HikariPool-1:housekeeper] HikariPool - HikariPool-1 - keepalive: connection com.mysql.cj.jdbc.ConnectionImpl@696ce0e6 is alive
2025-11-07 21:48:08 DEBUG [HikariPool-1:housekeeper] HikariPool - HikariPool-1 - keepalive: connection com.mysql.cj.jdbc.ConnectionImpl@cb43b91 is alive
2025-11-07 21:48:15 DEBUG [HikariPool-1:housekeeper] HikariPool - HikariPool-1 - Pool stats (total=10/10, idle=10/10, active=0, waiting=0)
2025-11-07 21:48:15 DEBUG [HikariPool-1:housekeeper] HikariPool - HikariPool-1 - Fill pool skipped, pool has sufficient level or currently being filled.
2025-11-07 21:48:35 DEBUG [HikariPool-1:housekeeper] HikariPool - HikariPool-1 - keepalive: connection com.mysql.cj.jdbc.ConnectionImpl@583af628 is alive
2025-11-07 21:48:45 DEBUG [HikariPool-1:housekeeper] HikariPool - HikariPool-1 - Pool stats (total=10/10, idle=10/10, active=0, waiting=0)
2025-11-07 21:48:45 DEBUG [HikariPool-1:housekeeper] HikariPool - HikariPool-1 - Fill pool skipped, pool has sufficient level or currently being filled.
2025-11-07 21:48:52 DEBUG [HikariPool-1:housekeeper] HikariPool - HikariPool-1 - keepalive: connection com.mysql.cj.jdbc.ConnectionImpl@320015cb is alive
2025-11-07 21:48:52 DEBUG [HikariPool-1:housekeeper] HikariPool - HikariPool-1 - keepalive: connection com.mysql.cj.jdbc.ConnectionImpl@24dacf53 is alive
2025-11-07 21:48:58 DEBUG [HikariPool-1:housekeeper] HikariPool - HikariPool-1 - keepalive: connection com.mysql.cj.jdbc.ConnectionImpl@68003ce6 is alive
2025-11-07 21:49:15 DEBUG [HikariPool-1:housekeeper] HikariPool - HikariPool-1 - Pool stats (total=10/10, idle=10/10, active=0, waiting=0)
2025-11-07 21:49:15 DEBUG [HikariPool-1:housekeeper] HikariPool - HikariPool-1 - Fill pool skipped, pool has sufficient level or currently being filled.
2025-11-07 21:49:26 DEBUG [background-preinit] logging - Logging Provider: org.jboss.logging.Log4j2LoggerProvider
2025-11-07 21:49:26 INFO  [background-preinit] Version - HV000001: Hibernate Validator 8.0.1.Final
2025-11-07 21:49:26 DEBUG [background-preinit] ValidationXmlParser - Trying to load META-INF/validation.xml for XML based Validator configuration.
2025-11-07 21:49:26 DEBUG [background-preinit] ResourceLoaderHelper - Trying to load META-INF/validation.xml via TCCL
2025-11-07 21:49:26 DEBUG [background-preinit] ResourceLoaderHelper - Trying to load META-INF/validation.xml via Hibernate Validator's class loader
2025-11-07 21:49:26 DEBUG [background-preinit] ValidationXmlParser - No META-INF/validation.xml found. Using annotation based configuration only.
2025-11-07 21:49:26 DEBUG [background-preinit] TraversableResolvers - Found jakarta.persistence.Persistence on classpath containing 'getPersistenceUtil'. Assuming JPA 2 environment. Trying to instantiate JPA aware TraversableResolver
2025-11-07 21:49:26 DEBUG [background-preinit] TraversableResolvers - Instantiated JPA aware TraversableResolver of type org.hibernate.validator.internal.engine.resolver.JPATraversableResolver.
2025-11-07 21:49:26 DEBUG [background-preinit] ResourceBundleMessageInterpolator - Loaded expression factory via original TCCL
2025-11-07 21:49:26 INFO  [main] ProductApplication - Starting ProductApplication using Java 17.0.12 with PID 21904 (C:\Users\LENOVO\Documents\Github\product\target\classes started by LENOVO in C:\Users\LENOVO\Documents\Github\product)
2025-11-07 21:49:26 INFO  [main] ProductApplication - No active profile set, falling back to 1 default profile: "default"
2025-11-07 21:49:26 DEBUG [main] SpringApplication - Loading source class com.codecraft.product.ProductApplication
2025-11-07 21:49:26 DEBUG [main] AnnotationConfigServletWebServerApplicationContext - Refreshing org.springframework.boot.web.servlet.context.AnnotationConfigServletWebServerApplicationContext@117632cf
2025-11-07 21:49:27 DEBUG [main] DefaultListableBeanFactory - Creating shared instance of singleton bean 'org.springframework.context.annotation.internalConfigurationAnnotationProcessor'
2025-11-07 21:49:27 DEBUG [main] DefaultListableBeanFactory - Creating shared instance of singleton bean 'org.springframework.boot.autoconfigure.internalCachingMetadataReaderFactory'
2025-11-07 21:49:27 DEBUG [background-preinit] ValidatorFactoryConfigurationHelper - HV000252: Using org.hibernate.validator.internal.engine.DefaultPropertyNodeNameProvider as property node name provider.
2025-11-07 21:49:27 DEBUG [background-preinit] ValidatorFactoryConfigurationHelper - HV000234: Using org.hibernate.validator.messageinterpolation.ResourceBundleMessageInterpolator as ValidatorFactory-scoped message interpolator.
2025-11-07 21:49:27 DEBUG [background-preinit] ValidatorFactoryConfigurationHelper - HV000234: Using org.hibernate.validator.internal.engine.resolver.JPATraversableResolver as ValidatorFactory-scoped traversable resolver.
2025-11-07 21:49:27 DEBUG [background-preinit] ValidatorFactoryConfigurationHelper - HV000234: Using org.hibernate.validator.internal.util.ExecutableParameterNameProvider as ValidatorFactory-scoped parameter name provider.
2025-11-07 21:49:27 DEBUG [background-preinit] ValidatorFactoryConfigurationHelper - HV000234: Using org.hibernate.validator.internal.engine.DefaultClockProvider as ValidatorFactory-scoped clock provider.
2025-11-07 21:49:27 DEBUG [background-preinit] ValidatorFactoryConfigurationHelper - HV000234: Using org.hibernate.validator.internal.engine.scripting.DefaultScriptEvaluatorFactory as ValidatorFactory-scoped script evaluator factory.
2025-11-07 21:49:27 DEBUG [main] ClassPathBeanDefinitionScanner - Identified candidate component class: file [C:\Users\LENOVO\Documents\Github\product\target\classes\com\codecraft\product\config\CorsConfig.class]
2025-11-07 21:49:27 DEBUG [main] ClassPathBeanDefinitionScanner - Identified candidate component class: file [C:\Users\LENOVO\Documents\Github\product\target\classes\com\codecraft\product\config\SwaggerConfig.class]
2025-11-07 21:49:27 DEBUG [main] ClassPathBeanDefinitionScanner - Identified candidate component class: file [C:\Users\LENOVO\Documents\Github\product\target\classes\com\codecraft\product\config\WebSecurityConfig.class]
2025-11-07 21:49:27 DEBUG [main] ClassPathBeanDefinitionScanner - Identified candidate component class: file [C:\Users\LENOVO\Documents\Github\product\target\classes\com\codecraft\product\controller\AuthController.class]
2025-11-07 21:49:27 DEBUG [main] ClassPathBeanDefinitionScanner - Identified candidate component class: file [C:\Users\LENOVO\Documents\Github\product\target\classes\com\codecraft\product\controller\ProductController.class]
2025-11-07 21:49:27 DEBUG [main] ClassPathBeanDefinitionScanner - Identified candidate component class: file [C:\Users\LENOVO\Documents\Github\product\target\classes\com\codecraft\product\controller\ProductInventoryController.class]
2025-11-07 21:49:27 DEBUG [main] ClassPathBeanDefinitionScanner - Identified candidate component class: file [C:\Users\LENOVO\Documents\Github\product\target\classes\com\codecraft\product\controller\UserController.class]
2025-11-07 21:49:27 DEBUG [main] ClassPathBeanDefinitionScanner - Identified candidate component class: file [C:\Users\LENOVO\Documents\Github\product\target\classes\com\codecraft\product\converter\UserConverter.class]
2025-11-07 21:49:27 DEBUG [main] ClassPathBeanDefinitionScanner - Identified candidate component class: file [C:\Users\LENOVO\Documents\Github\product\target\classes\com\codecraft\product\converter\UserGetConverter.class]
2025-11-07 21:49:27 DEBUG [main] ClassPathBeanDefinitionScanner - Ignored because not a concrete top-level class: file [C:\Users\LENOVO\Documents\Github\product\target\classes\com\codecraft\product\domain\repository\ProductInventoryRepository.class]
2025-11-07 21:49:27 DEBUG [main] ClassPathBeanDefinitionScanner - Ignored because not a concrete top-level class: file [C:\Users\LENOVO\Documents\Github\product\target\classes\com\codecraft\product\domain\repository\ProductRepository.class]
2025-11-07 21:49:27 DEBUG [main] ClassPathBeanDefinitionScanner - Ignored because not a concrete top-level class: file [C:\Users\LENOVO\Documents\Github\product\target\classes\com\codecraft\product\domain\repository\SaleRepository.class]
2025-11-07 21:49:27 DEBUG [main] ClassPathBeanDefinitionScanner - Identified candidate component class: file [C:\Users\LENOVO\Documents\Github\product\target\classes\com\codecraft\product\domain\repository\UserProcedureRepository.class]
2025-11-07 21:49:27 DEBUG [main] ClassPathBeanDefinitionScanner - Ignored because not a concrete top-level class: file [C:\Users\LENOVO\Documents\Github\product\target\classes\com\codecraft\product\domain\repository\UserRepository.class]
2025-11-07 21:49:27 DEBUG [main] ClassPathBeanDefinitionScanner - Identified candidate component class: file [C:\Users\LENOVO\Documents\Github\product\target\classes\com\codecraft\product\exception\GeneralExceptionHandler.class]
2025-11-07 21:49:27 DEBUG [main] ClassPathBeanDefinitionScanner - Identified candidate component class: file [C:\Users\LENOVO\Documents\Github\product\target\classes\com\codecraft\product\exception\ProductExceptionHandler.class]
2025-11-07 21:49:27 DEBUG [main] ClassPathBeanDefinitionScanner - Identified candidate component class: file [C:\Users\LENOVO\Documents\Github\product\target\classes\com\codecraft\product\service\ProductInventoryService.class]
2025-11-07 21:49:27 DEBUG [main] ClassPathBeanDefinitionScanner - Identified candidate component class: file [C:\Users\LENOVO\Documents\Github\product\target\classes\com\codecraft\product\service\ProductService.class]
2025-11-07 21:49:27 DEBUG [main] ClassPathBeanDefinitionScanner - Identified candidate component class: file [C:\Users\LENOVO\Documents\Github\product\target\classes\com\codecraft\product\service\UserService.class]
2025-11-07 21:49:28 INFO  [main] RepositoryConfigurationDelegate - Bootstrapping Spring Data JPA repositories in DEFAULT mode.
2025-11-07 21:49:28 DEBUG [main] DefaultListableBeanFactory - Creating shared instance of singleton bean 'org.springframework.boot.autoconfigure.AutoConfigurationPackages'
2025-11-07 21:49:28 DEBUG [main] AutoConfigurationPackages - @EnableAutoConfiguration was declared on a class in the package 'com.codecraft.product'. Automatic @Repository and @Entity scanning is enabled.
2025-11-07 21:49:28 DEBUG [main] RepositoryConfigurationDelegate - Scanning for JPA repositories in packages com.codecraft.product.
2025-11-07 21:49:28 DEBUG [main] RepositoryComponentProvider - Identified candidate component class: file [C:\Users\LENOVO\Documents\Github\product\target\classes\com\codecraft\product\domain\repository\ProductInventoryRepository.class]
2025-11-07 21:49:28 DEBUG [main] RepositoryComponentProvider - Identified candidate component class: file [C:\Users\LENOVO\Documents\Github\product\target\classes\com\codecraft\product\domain\repository\ProductRepository.class]
2025-11-07 21:49:28 DEBUG [main] RepositoryComponentProvider - Identified candidate component class: file [C:\Users\LENOVO\Documents\Github\product\target\classes\com\codecraft\product\domain\repository\SaleRepository.class]
2025-11-07 21:49:28 DEBUG [main] RepositoryComponentProvider - Identified candidate component class: file [C:\Users\LENOVO\Documents\Github\product\target\classes\com\codecraft\product\domain\repository\UserRepository.class]
2025-11-07 21:49:29 INFO  [main] RepositoryConfigurationDelegate - Finished Spring Data repository scanning in 126 ms. Found 4 JPA repository interfaces.
2025-11-07 21:49:29 DEBUG [main] DefaultListableBeanFactory - Creating shared instance of singleton bean 'springSecurityPathPatternParserBeanDefinitionRegistryPostProcessor'
2025-11-07 21:49:29 DEBUG [main] DefaultListableBeanFactory - Creating shared instance of singleton bean 'springSecurityHandlerMappingIntrospectorBeanDefinitionRegistryPostProcessor'
2025-11-07 21:49:29 DEBUG [main] DefaultListableBeanFactory - Creating shared instance of singleton bean 'propertySourcesPlaceholderConfigurer'
2025-11-07 21:49:29 DEBUG [main] DefaultListableBeanFactory - Creating shared instance of singleton bean 'emBeanDefinitionRegistrarPostProcessor'
2025-11-07 21:49:29 DEBUG [main] DefaultListableBeanFactory - Creating shared instance of singleton bean 'org.springframework.boot.sql.init.dependency.DatabaseInitializationDependencyConfigurer$DependsOnDatabaseInitializationPostProcessor'
2025-11-07 21:49:29 DEBUG [main] DefaultListableBeanFactory - Creating shared instance of singleton bean 'org.springframework.context.event.internalEventListenerProcessor'
2025-11-07 21:49:29 DEBUG [main] DefaultListableBeanFactory - Creating shared instance of singleton bean 'bootstrapExecutorAliasPostProcessor'
2025-11-07 21:49:29 DEBUG [main] DefaultListableBeanFactory - Creating shared instance of singleton bean 'preserveErrorControllerTargetClassPostProcessor'
2025-11-07 21:49:29 DEBUG [main] DefaultListableBeanFactory - Creating shared instance of singleton bean 'conversionServicePostProcessor'
2025-11-07 21:49:29 DEBUG [main] DefaultListableBeanFactory - Creating shared instance of singleton bean 'org.springframework.context.event.internalEventListenerFactory'
2025-11-07 21:49:29 DEBUG [main] DefaultListableBeanFactory - Creating shared instance of singleton bean 'org.springframework.transaction.config.internalTransactionalEventListenerFactory'
2025-11-07 21:49:29 DEBUG [main] DefaultListableBeanFactory - Creating shared instance of singleton bean 'org.springframework.context.annotation.internalAutowiredAnnotationProcessor'
2025-11-07 21:49:29 DEBUG [main] DefaultListableBeanFactory - Creating shared instance of singleton bean 'org.springframework.context.annotation.internalCommonAnnotationProcessor'
2025-11-07 21:49:29 DEBUG [main] DefaultListableBeanFactory - Creating shared instance of singleton bean 'org.springframework.context.annotation.internalPersistenceAnnotationProcessor'
2025-11-07 21:49:29 DEBUG [main] DefaultListableBeanFactory - Creating shared instance of singleton bean 'org.springframework.boot.context.properties.ConfigurationPropertiesBindingPostProcessor'
2025-11-07 21:49:29 DEBUG [main] DefaultListableBeanFactory - Creating shared instance of singleton bean 'org.springframework.boot.context.internalConfigurationPropertiesBinder'
2025-11-07 21:49:29 DEBUG [main] DefaultListableBeanFactory - Creating shared instance of singleton bean 'jdbcConnectionDetailsHikariBeanPostProcessor'
2025-11-07 21:49:29 DEBUG [main] DefaultListableBeanFactory - Creating shared instance of singleton bean 'methodValidationPostProcessor'
2025-11-07 21:49:29 DEBUG [main] DefaultListableBeanFactory - Autowiring by type from bean name 'methodValidationPostProcessor' via factory method to bean named 'environment'
2025-11-07 21:49:29 DEBUG [main] DefaultListableBeanFactory - Creating shared instance of singleton bean 'org.springframework.boot.context.properties.EnableConfigurationPropertiesRegistrar.methodValidationExcludeFilter'
2025-11-07 21:49:29 DEBUG [main] DefaultListableBeanFactory - Creating shared instance of singleton bean 'org.springframework.aop.config.internalAutoProxyCreator'
2025-11-07 21:49:29 DEBUG [main] DefaultListableBeanFactory - Creating shared instance of singleton bean 'persistenceExceptionTranslationPostProcessor'
2025-11-07 21:49:29 DEBUG [main] DefaultListableBeanFactory - Autowiring by type from bean name 'persistenceExceptionTranslationPostProcessor' via factory method to bean named 'environment'
2025-11-07 21:49:29 DEBUG [main] DefaultListableBeanFactory - Creating shared instance of singleton bean 'webServerFactoryCustomizerBeanPostProcessor'
2025-11-07 21:49:29 DEBUG [main] DefaultListableBeanFactory - Creating shared instance of singleton bean 'errorPageRegistrarBeanPostProcessor'
2025-11-07 21:49:29 DEBUG [main] DefaultListableBeanFactory - Creating shared instance of singleton bean 'projectingArgumentResolverBeanPostProcessor'
2025-11-07 21:49:29 DEBUG [main] DefaultListableBeanFactory - Creating shared instance of singleton bean 'org.springframework.transaction.config.internalTransactionAdvisor'
2025-11-07 21:49:29 DEBUG [main] DefaultListableBeanFactory - Creating shared instance of singleton bean 'org.springframework.transaction.annotation.ProxyTransactionManagementConfiguration'
2025-11-07 21:49:29 DEBUG [main] DefaultListableBeanFactory - Creating shared instance of singleton bean 'transactionAttributeSource'
2025-11-07 21:49:29 DEBUG [main] DefaultListableBeanFactory - Creating shared instance of singleton bean 'transactionInterceptor'
2025-11-07 21:49:29 DEBUG [main] DefaultListableBeanFactory - Autowiring by type from bean name 'transactionInterceptor' via factory method to bean named 'transactionAttributeSource'
2025-11-07 21:49:29 DEBUG [main] DefaultListableBeanFactory - Autowiring by type from bean name 'org.springframework.transaction.config.internalTransactionAdvisor' via factory method to bean named 'transactionAttributeSource'
2025-11-07 21:49:29 DEBUG [main] DefaultListableBeanFactory - Autowiring by type from bean name 'org.springframework.transaction.config.internalTransactionAdvisor' via factory method to bean named 'transactionInterceptor'
2025-11-07 21:49:29 DEBUG [main] UiApplicationContextUtils - Unable to locate ThemeSource with name 'themeSource': using default [org.springframework.ui.context.support.ResourceBundleThemeSource@79d7035]
2025-11-07 21:49:29 DEBUG [main] DefaultListableBeanFactory - Creating shared instance of singleton bean 'tomcatServletWebServerFactory'
2025-11-07 21:49:29 DEBUG [main] DefaultListableBeanFactory - Creating shared instance of singleton bean 'org.springframework.boot.autoconfigure.web.servlet.ServletWebServerFactoryConfiguration$EmbeddedTomcat'
2025-11-07 21:49:30 DEBUG [main] DefaultListableBeanFactory - Creating shared instance of singleton bean 'websocketServletWebServerCustomizer'
2025-11-07 21:49:30 DEBUG [main] DefaultListableBeanFactory - Creating shared instance of singleton bean 'org.springframework.boot.autoconfigure.websocket.servlet.WebSocketServletAutoConfiguration$TomcatWebSocketConfiguration'
2025-11-07 21:49:30 DEBUG [main] DefaultListableBeanFactory - Creating shared instance of singleton bean 'servletWebServerFactoryCustomizer'
2025-11-07 21:49:30 DEBUG [main] DefaultListableBeanFactory - Creating shared instance of singleton bean 'org.springframework.boot.autoconfigure.web.servlet.ServletWebServerFactoryAutoConfiguration'
2025-11-07 21:49:30 DEBUG [main] DefaultListableBeanFactory - Creating shared instance of singleton bean 'server-org.springframework.boot.autoconfigure.web.ServerProperties'
2025-11-07 21:49:30 DEBUG [main] DefaultListableBeanFactory - Creating shared instance of singleton bean 'org.springframework.boot.context.properties.BoundConfigurationProperties'
2025-11-07 21:49:30 DEBUG [main] DefaultListableBeanFactory - Autowiring by type from bean name 'servletWebServerFactoryCustomizer' via factory method to bean named 'server-org.springframework.boot.autoconfigure.web.ServerProperties'
2025-11-07 21:49:30 DEBUG [main] DefaultListableBeanFactory - Creating shared instance of singleton bean 'sslBundleRegistry'
2025-11-07 21:49:30 DEBUG [main] DefaultListableBeanFactory - Creating shared instance of singleton bean 'org.springframework.boot.autoconfigure.ssl.SslAutoConfiguration'
2025-11-07 21:49:30 DEBUG [main] DefaultListableBeanFactory - Creating shared instance of singleton bean 'spring.ssl-org.springframework.boot.autoconfigure.ssl.SslProperties'
2025-11-07 21:49:30 DEBUG [main] DefaultListableBeanFactory - Autowiring by type from bean name 'org.springframework.boot.autoconfigure.ssl.SslAutoConfiguration' via constructor to bean named 'org.springframework.boot.web.servlet.context.AnnotationConfigServletWebServerApplicationContext@117632cf'
2025-11-07 21:49:30 DEBUG [main] DefaultListableBeanFactory - Autowiring by type from bean name 'org.springframework.boot.autoconfigure.ssl.SslAutoConfiguration' via constructor to bean named 'spring.ssl-org.springframework.boot.autoconfigure.ssl.SslProperties'
2025-11-07 21:49:30 DEBUG [main] DefaultListableBeanFactory - Creating shared instance of singleton bean 'sslPropertiesSslBundleRegistrar'
2025-11-07 21:49:30 DEBUG [main] DefaultListableBeanFactory - Creating shared instance of singleton bean 'fileWatcher'
2025-11-07 21:49:30 DEBUG [main] DefaultListableBeanFactory - Autowiring by type from bean name 'sslPropertiesSslBundleRegistrar' via factory method to bean named 'fileWatcher'
2025-11-07 21:49:30 DEBUG [main] DefaultListableBeanFactory - Creating shared instance of singleton bean 'tomcatServletWebServerFactoryCustomizer'
2025-11-07 21:49:30 DEBUG [main] DefaultListableBeanFactory - Autowiring by type from bean name 'tomcatServletWebServerFactoryCustomizer' via factory method to bean named 'server-org.springframework.boot.autoconfigure.web.ServerProperties'
2025-11-07 21:49:30 DEBUG [main] DefaultListableBeanFactory - Creating shared instance of singleton bean 'tomcatWebServerFactoryCustomizer'
2025-11-07 21:49:30 DEBUG [main] DefaultListableBeanFactory - Creating shared instance of singleton bean 'org.springframework.boot.autoconfigure.web.embedded.EmbeddedWebServerFactoryCustomizerAutoConfiguration$TomcatWebServerFactoryCustomizerConfiguration'
2025-11-07 21:49:30 DEBUG [main] DefaultListableBeanFactory - Autowiring by type from bean name 'tomcatWebServerFactoryCustomizer' via factory method to bean named 'environment'
2025-11-07 21:49:30 DEBUG [main] DefaultListableBeanFactory - Autowiring by type from bean name 'tomcatWebServerFactoryCustomizer' via factory method to bean named 'server-org.springframework.boot.autoconfigure.web.ServerProperties'
2025-11-07 21:49:30 DEBUG [main] DefaultListableBeanFactory - Creating shared instance of singleton bean 'localeCharsetMappingsCustomizer'
2025-11-07 21:49:30 DEBUG [main] DefaultListableBeanFactory - Creating shared instance of singleton bean 'org.springframework.boot.autoconfigure.web.servlet.HttpEncodingAutoConfiguration'
2025-11-07 21:49:30 DEBUG [main] DefaultListableBeanFactory - Autowiring by type from bean name 'org.springframework.boot.autoconfigure.web.servlet.HttpEncodingAutoConfiguration' via constructor to bean named 'server-org.springframework.boot.autoconfigure.web.ServerProperties'
2025-11-07 21:49:30 DEBUG [main] DefaultListableBeanFactory - Creating shared instance of singleton bean 'errorPageCustomizer'
2025-11-07 21:49:30 DEBUG [main] DefaultListableBeanFactory - Creating shared instance of singleton bean 'org.springframework.boot.autoconfigure.web.servlet.error.ErrorMvcAutoConfiguration'
2025-11-07 21:49:30 DEBUG [main] DefaultListableBeanFactory - Autowiring by type from bean name 'org.springframework.boot.autoconfigure.web.servlet.error.ErrorMvcAutoConfiguration' via constructor to bean named 'server-org.springframework.boot.autoconfigure.web.ServerProperties'
2025-11-07 21:49:30 DEBUG [main] DefaultListableBeanFactory - Creating shared instance of singleton bean 'dispatcherServletRegistration'
2025-11-07 21:49:30 DEBUG [main] DefaultListableBeanFactory - Creating shared instance of singleton bean 'org.springframework.boot.autoconfigure.web.servlet.DispatcherServletAutoConfiguration$DispatcherServletRegistrationConfiguration'
2025-11-07 21:49:30 DEBUG [main] DefaultListableBeanFactory - Creating shared instance of singleton bean 'dispatcherServlet'
2025-11-07 21:49:30 DEBUG [main] DefaultListableBeanFactory - Creating shared instance of singleton bean 'org.springframework.boot.autoconfigure.web.servlet.DispatcherServletAutoConfiguration$DispatcherServletConfiguration'
2025-11-07 21:49:30 DEBUG [main] DefaultListableBeanFactory - Creating shared instance of singleton bean 'spring.mvc-org.springframework.boot.autoconfigure.web.servlet.WebMvcProperties'
2025-11-07 21:49:30 DEBUG [main] DefaultListableBeanFactory - Autowiring by type from bean name 'dispatcherServlet' via factory method to bean named 'spring.mvc-org.springframework.boot.autoconfigure.web.servlet.WebMvcProperties'
2025-11-07 21:49:30 DEBUG [main] DefaultListableBeanFactory - Autowiring by type from bean name 'dispatcherServletRegistration' via factory method to bean named 'dispatcherServlet'
2025-11-07 21:49:30 DEBUG [main] DefaultListableBeanFactory - Autowiring by type from bean name 'dispatcherServletRegistration' via factory method to bean named 'spring.mvc-org.springframework.boot.autoconfigure.web.servlet.WebMvcProperties'
2025-11-07 21:49:30 DEBUG [main] DefaultListableBeanFactory - Creating shared instance of singleton bean 'multipartConfigElement'
2025-11-07 21:49:30 DEBUG [main] DefaultListableBeanFactory - Creating shared instance of singleton bean 'org.springframework.boot.autoconfigure.web.servlet.MultipartAutoConfiguration'
2025-11-07 21:49:30 DEBUG [main] DefaultListableBeanFactory - Creating shared instance of singleton bean 'spring.servlet.multipart-org.springframework.boot.autoconfigure.web.servlet.MultipartProperties'
2025-11-07 21:49:30 DEBUG [main] DefaultListableBeanFactory - Autowiring by type from bean name 'org.springframework.boot.autoconfigure.web.servlet.MultipartAutoConfiguration' via constructor to bean named 'spring.servlet.multipart-org.springframework.boot.autoconfigure.web.servlet.MultipartProperties'
2025-11-07 21:49:30 DEBUG [main] DefaultListableBeanFactory - Autowiring by type from bean name 'errorPageCustomizer' via factory method to bean named 'dispatcherServletRegistration'
2025-11-07 21:49:30 DEBUG [main] TomcatServletWebServerFactory - Code archive: C:\Users\LENOVO\.m2\repository\org\springframework\boot\spring-boot\3.5.6\spring-boot-3.5.6.jar
2025-11-07 21:49:30 DEBUG [main] TomcatServletWebServerFactory - Code archive: C:\Users\LENOVO\.m2\repository\org\springframework\boot\spring-boot\3.5.6\spring-boot-3.5.6.jar
2025-11-07 21:49:30 DEBUG [main] TomcatServletWebServerFactory - None of the document roots [src/main/webapp, public, static] point to a directory and will be ignored.
2025-11-07 21:49:30 INFO  [main] TomcatWebServer - Tomcat initialized with port 8080 (http)
2025-11-07 21:49:30 DEBUG [main] ServletWebServerApplicationContext - Published root WebApplicationContext as ServletContext attribute with name [org.springframework.web.context.WebApplicationContext.ROOT]
2025-11-07 21:49:30 INFO  [main] ServletWebServerApplicationContext - Root WebApplicationContext: initialization completed in 3888 ms
2025-11-07 21:49:30 DEBUG [main] DefaultListableBeanFactory - Creating shared instance of singleton bean 'securityFilterChainRegistration'
2025-11-07 21:49:30 DEBUG [main] DefaultListableBeanFactory - Creating shared instance of singleton bean 'org.springframework.boot.autoconfigure.security.servlet.SecurityFilterAutoConfiguration'
2025-11-07 21:49:30 DEBUG [main] DefaultListableBeanFactory - Creating shared instance of singleton bean 'spring.security-org.springframework.boot.autoconfigure.security.SecurityProperties'
2025-11-07 21:49:30 DEBUG [main] DefaultListableBeanFactory - Autowiring by type from bean name 'securityFilterChainRegistration' via factory method to bean named 'spring.security-org.springframework.boot.autoconfigure.security.SecurityProperties'
2025-11-07 21:49:30 DEBUG [main] DefaultListableBeanFactory - Creating shared instance of singleton bean 'requestContextFilter'
2025-11-07 21:49:30 DEBUG [main] DefaultListableBeanFactory - Creating shared instance of singleton bean 'formContentFilter'
2025-11-07 21:49:30 DEBUG [main] DefaultListableBeanFactory - Creating shared instance of singleton bean 'org.springframework.boot.autoconfigure.web.servlet.WebMvcAutoConfiguration'
2025-11-07 21:49:30 DEBUG [main] DefaultListableBeanFactory - Creating shared instance of singleton bean 'characterEncodingFilter'
2025-11-07 21:49:30 DEBUG [main] ServletContextInitializerBeans - Mapping filters: springSecurityFilterChain urls=[/*] order=-100, characterEncodingFilter urls=[/*] order=-2147483648, formContentFilter urls=[/*] order=-9900, requestContextFilter urls=[/*] order=-105
2025-11-07 21:49:30 DEBUG [main] ServletContextInitializerBeans - Mapping servlets: dispatcherServlet urls=[/]
2025-11-07 21:49:30 DEBUG [main] OrderedRequestContextFilter - Filter 'requestContextFilter' configured for use
2025-11-07 21:49:30 DEBUG [main] OrderedCharacterEncodingFilter - Filter 'characterEncodingFilter' configured for use
2025-11-07 21:49:30 DEBUG [main] DelegatingFilterProxyRegistrationBean$1 - Filter 'springSecurityFilterChain' configured for use
2025-11-07 21:49:30 DEBUG [main] OrderedFormContentFilter - Filter 'formContentFilter' configured for use
2025-11-07 21:49:31 DEBUG [main] DefaultListableBeanFactory - Creating shared instance of singleton bean 'applicationTaskExecutor'
2025-11-07 21:49:31 DEBUG [main] DefaultListableBeanFactory - Creating shared instance of singleton bean 'org.springframework.boot.autoconfigure.task.TaskExecutorConfigurations$TaskExecutorConfiguration'
2025-11-07 21:49:31 DEBUG [main] DefaultListableBeanFactory - Creating shared instance of singleton bean 'threadPoolTaskExecutorBuilder'
2025-11-07 21:49:31 DEBUG [main] DefaultListableBeanFactory - Creating shared instance of singleton bean 'org.springframework.boot.autoconfigure.task.TaskExecutorConfigurations$ThreadPoolTaskExecutorBuilderConfiguration'
2025-11-07 21:49:31 DEBUG [main] DefaultListableBeanFactory - Creating shared instance of singleton bean 'spring.task.execution-org.springframework.boot.autoconfigure.task.TaskExecutionProperties'
2025-11-07 21:49:31 DEBUG [main] DefaultListableBeanFactory - Autowiring by type from bean name 'threadPoolTaskExecutorBuilder' via factory method to bean named 'spring.task.execution-org.springframework.boot.autoconfigure.task.TaskExecutionProperties'
2025-11-07 21:49:31 DEBUG [main] DefaultListableBeanFactory - Autowiring by type from bean name 'applicationTaskExecutor' via factory method to bean named 'threadPoolTaskExecutorBuilder'
2025-11-07 21:49:31 DEBUG [main] ThreadPoolTaskExecutor - Initializing ExecutorService 'applicationTaskExecutor'
2025-11-07 21:49:31 DEBUG [main] DefaultListableBeanFactory - Creating shared instance of singleton bean 'dataSourceScriptDatabaseInitializer'
2025-11-07 21:49:31 DEBUG [main] DefaultListableBeanFactory - Creating shared instance of singleton bean 'org.springframework.boot.autoconfigure.sql.init.DataSourceInitializationConfiguration'
2025-11-07 21:49:31 DEBUG [main] DefaultListableBeanFactory - Creating shared instance of singleton bean 'dataSource'
2025-11-07 21:49:31 DEBUG [main] DefaultListableBeanFactory - Creating shared instance of singleton bean 'org.springframework.boot.autoconfigure.jdbc.DataSourceConfiguration$Hikari'
2025-11-07 21:49:31 DEBUG [main] DefaultListableBeanFactory - Creating shared instance of singleton bean 'spring.datasource-org.springframework.boot.autoconfigure.jdbc.DataSourceProperties'
2025-11-07 21:49:31 DEBUG [main] DefaultListableBeanFactory - Creating shared instance of singleton bean 'jdbcConnectionDetails'
2025-11-07 21:49:31 DEBUG [main] DefaultListableBeanFactory - Creating shared instance of singleton bean 'org.springframework.boot.autoconfigure.jdbc.DataSourceAutoConfiguration$PooledDataSourceConfiguration'
2025-11-07 21:49:31 DEBUG [main] DefaultListableBeanFactory - Autowiring by type from bean name 'jdbcConnectionDetails' via factory method to bean named 'spring.datasource-org.springframework.boot.autoconfigure.jdbc.DataSourceProperties'
2025-11-07 21:49:31 DEBUG [main] DefaultListableBeanFactory - Autowiring by type from bean name 'dataSource' via factory method to bean named 'spring.datasource-org.springframework.boot.autoconfigure.jdbc.DataSourceProperties'
2025-11-07 21:49:31 DEBUG [main] DefaultListableBeanFactory - Autowiring by type from bean name 'dataSource' via factory method to bean named 'jdbcConnectionDetails'
2025-11-07 21:49:31 DEBUG [main] DefaultListableBeanFactory - Autowiring by type from bean name 'dataSource' via factory method to bean named 'environment'
2025-11-07 21:49:31 DEBUG [main] HikariConfig - Class com.mysql.cj.jdbc.Driver found in Thread context class loader jdk.internal.loader.ClassLoaders$AppClassLoader@1d44bcfa
2025-11-07 21:49:31 DEBUG [main] DefaultListableBeanFactory - Creating shared instance of singleton bean 'spring.sql.init-org.springframework.boot.autoconfigure.sql.init.SqlInitializationProperties'
2025-11-07 21:49:31 DEBUG [main] DefaultListableBeanFactory - Autowiring by type from bean name 'dataSourceScriptDatabaseInitializer' via factory method to bean named 'dataSource'
2025-11-07 21:49:31 DEBUG [main] DefaultListableBeanFactory - Autowiring by type from bean name 'dataSourceScriptDatabaseInitializer' via factory method to bean named 'spring.sql.init-org.springframework.boot.autoconfigure.sql.init.SqlInitializationProperties'
2025-11-07 21:49:31 DEBUG [main] DefaultListableBeanFactory - Creating shared instance of singleton bean 'entityManagerFactory'
2025-11-07 21:49:31 DEBUG [main] DefaultListableBeanFactory - Creating shared instance of singleton bean 'org.springframework.boot.autoconfigure.orm.jpa.HibernateJpaConfiguration'
2025-11-07 21:49:31 DEBUG [main] DefaultListableBeanFactory - Creating shared instance of singleton bean 'spring.jpa-org.springframework.boot.autoconfigure.orm.jpa.JpaProperties'
2025-11-07 21:49:31 DEBUG [main] DefaultListableBeanFactory - Creating shared instance of singleton bean 'spring.jpa.hibernate-org.springframework.boot.autoconfigure.orm.jpa.HibernateProperties'
2025-11-07 21:49:31 DEBUG [main] DefaultListableBeanFactory - Autowiring by type from bean name 'org.springframework.boot.autoconfigure.orm.jpa.HibernateJpaConfiguration' via constructor to bean named 'dataSource'
2025-11-07 21:49:31 DEBUG [main] DefaultListableBeanFactory - Autowiring by type from bean name 'org.springframework.boot.autoconfigure.orm.jpa.HibernateJpaConfiguration' via constructor to bean named 'spring.jpa-org.springframework.boot.autoconfigure.orm.jpa.JpaProperties'
2025-11-07 21:49:31 DEBUG [main] DefaultListableBeanFactory - Autowiring by type from bean name 'org.springframework.boot.autoconfigure.orm.jpa.HibernateJpaConfiguration' via constructor to bean named 'org.springframework.beans.factory.support.DefaultListableBeanFactory@2c779e5'
2025-11-07 21:49:31 DEBUG [main] DefaultListableBeanFactory - Autowiring by type from bean name 'org.springframework.boot.autoconfigure.orm.jpa.HibernateJpaConfiguration' via constructor to bean named 'spring.jpa.hibernate-org.springframework.boot.autoconfigure.orm.jpa.HibernateProperties'
2025-11-07 21:49:31 DEBUG [main] DefaultListableBeanFactory - Creating shared instance of singleton bean 'hikariPoolDataSourceMetadataProvider'
2025-11-07 21:49:31 DEBUG [main] DefaultListableBeanFactory - Creating shared instance of singleton bean 'org.springframework.boot.autoconfigure.jdbc.metadata.DataSourcePoolMetadataProvidersConfiguration$HikariPoolDataSourceMetadataProviderConfiguration'
2025-11-07 21:49:31 DEBUG [main] DefaultListableBeanFactory - Creating shared instance of singleton bean 'entityManagerFactoryBuilder'
2025-11-07 21:49:31 DEBUG [main] DefaultListableBeanFactory - Creating shared instance of singleton bean 'jpaVendorAdapter'
2025-11-07 21:49:31 DEBUG [main] DefaultListableBeanFactory - Autowiring by type from bean name 'entityManagerFactoryBuilder' via factory method to bean named 'jpaVendorAdapter'
2025-11-07 21:49:31 DEBUG [main] DefaultListableBeanFactory - Creating shared instance of singleton bean 'persistenceManagedTypes'
2025-11-07 21:49:31 DEBUG [main] DefaultListableBeanFactory - Autowiring by type from bean name 'persistenceManagedTypes' via factory method to bean named 'org.springframework.beans.factory.support.DefaultListableBeanFactory@2c779e5'
2025-11-07 21:49:31 DEBUG [main] DefaultListableBeanFactory - Autowiring by type from bean name 'persistenceManagedTypes' via factory method to bean named 'org.springframework.boot.web.servlet.context.AnnotationConfigServletWebServerApplicationContext@117632cf'
2025-11-07 21:49:31 DEBUG [main] DefaultListableBeanFactory - Autowiring by type from bean name 'entityManagerFactory' via factory method to bean named 'entityManagerFactoryBuilder'
2025-11-07 21:49:31 DEBUG [main] DefaultListableBeanFactory - Autowiring by type from bean name 'entityManagerFactory' via factory method to bean named 'persistenceManagedTypes'
2025-11-07 21:49:31 DEBUG [main] LocalContainerEntityManagerFactoryBean - Building JPA container EntityManagerFactory for persistence unit 'default'
2025-11-07 21:49:31 DEBUG [main] LogHelper - PersistenceUnitInfo [
	name: default
	persistence provider classname: null
	classloader: jdk.internal.loader.ClassLoaders$AppClassLoader@1d44bcfa
	excludeUnlistedClasses: true
	JTA datasource: null
	Non JTA datasource: HikariDataSource (null)
	Transaction type: RESOURCE_LOCAL
	PU root URL: file:/C:/Users/LENOVO/Documents/Github/product/target/classes/
	Shared Cache Mode: UNSPECIFIED
	Validation Mode: AUTO
	Jar files URLs []
	Managed classes names [
		com.codecraft.product.domain.entity.Product
		com.codecraft.product.domain.entity.ProductInventory
		com.codecraft.product.domain.entity.Sale
		com.codecraft.product.domain.entity.SaleItem
		com.codecraft.product.domain.entity.User
		com.codecraft.product.domain.entity.UserPasswordAudit]
	Mapping files names []
	Properties []
2025-11-07 21:49:31 DEBUG [main] IntegratorServiceImpl - Adding Integrator [org.hibernate.boot.beanvalidation.BeanValidationIntegrator].
2025-11-07 21:49:31 DEBUG [main] IntegratorServiceImpl - Adding Integrator [org.hibernate.cache.internal.CollectionCacheInvalidator].
2025-11-07 21:49:31 INFO  [main] Version - HHH000412: Hibernate ORM core version 6.6.29.Final
2025-11-07 21:49:31 DEBUG [main] Environment - HHH000206: 'hibernate.properties' not found
2025-11-07 21:49:31 DEBUG [main] factory - Registering IdentifierGenerator strategy [uuid2] -> [org.hibernate.id.UUIDGenerator]
2025-11-07 21:49:31 DEBUG [main] factory - Registering IdentifierGenerator strategy [guid] -> [org.hibernate.id.GUIDGenerator]
2025-11-07 21:49:31 DEBUG [main] factory - Registering IdentifierGenerator strategy [uuid] -> [org.hibernate.id.UUIDHexGenerator]
2025-11-07 21:49:31 DEBUG [main] factory - Registering IdentifierGenerator strategy [uuid.hex] -> [org.hibernate.id.UUIDHexGenerator]
2025-11-07 21:49:31 DEBUG [main] factory - Registering IdentifierGenerator strategy [assigned] -> [org.hibernate.id.Assigned]
2025-11-07 21:49:31 DEBUG [main] factory - Registering IdentifierGenerator strategy [identity] -> [org.hibernate.id.IdentityGenerator]
2025-11-07 21:49:31 DEBUG [main] factory - Registering IdentifierGenerator strategy [select] -> [org.hibernate.id.SelectGenerator]
2025-11-07 21:49:31 DEBUG [main] factory - Registering IdentifierGenerator strategy [sequence] -> [org.hibernate.id.enhanced.SequenceStyleGenerator]
2025-11-07 21:49:31 DEBUG [main] factory - Registering IdentifierGenerator strategy [increment] -> [org.hibernate.id.IncrementGenerator]
2025-11-07 21:49:31 DEBUG [main] factory - Registering IdentifierGenerator strategy [foreign] -> [org.hibernate.id.ForeignGenerator]
2025-11-07 21:49:31 DEBUG [main] factory - Registering IdentifierGenerator strategy [enhanced-sequence] -> [org.hibernate.id.enhanced.SequenceStyleGenerator]
2025-11-07 21:49:31 DEBUG [main] factory - Registering IdentifierGenerator strategy [enhanced-table] -> [org.hibernate.id.enhanced.TableGenerator]
2025-11-07 21:49:31 DEBUG [main] RegionFactoryInitiator - Cannot default RegionFactory based on registered strategies as `[]` RegionFactory strategies were registered
2025-11-07 21:49:31 INFO  [main] RegionFactoryInitiator - HHH000026: Second-level cache disabled
2025-11-07 21:49:31 DEBUG [main] BasicTypeRegistry - Adding type registration boolean -> org.hibernate.type.BasicTypeReference@f48a080
2025-11-07 21:49:31 DEBUG [main] BasicTypeRegistry - Adding type registration boolean -> org.hibernate.type.BasicTypeReference@f48a080
2025-11-07 21:49:31 DEBUG [main] BasicTypeRegistry - Adding type registration java.lang.Boolean -> org.hibernate.type.BasicTypeReference@f48a080
2025-11-07 21:49:31 DEBUG [main] BasicTypeRegistry - Adding type registration numeric_boolean -> org.hibernate.type.BasicTypeReference@5f7cd50e
2025-11-07 21:49:31 DEBUG [main] BasicTypeRegistry - Adding type registration org.hibernate.type.NumericBooleanConverter -> org.hibernate.type.BasicTypeReference@5f7cd50e
2025-11-07 21:49:31 DEBUG [main] BasicTypeRegistry - Adding type registration true_false -> org.hibernate.type.BasicTypeReference@401ec794
2025-11-07 21:49:31 DEBUG [main] BasicTypeRegistry - Adding type registration org.hibernate.type.TrueFalseConverter -> org.hibernate.type.BasicTypeReference@401ec794
2025-11-07 21:49:31 DEBUG [main] BasicTypeRegistry - Adding type registration yes_no -> org.hibernate.type.BasicTypeReference@d76099a
2025-11-07 21:49:31 DEBUG [main] BasicTypeRegistry - Adding type registration org.hibernate.type.YesNoConverter -> org.hibernate.type.BasicTypeReference@d76099a
2025-11-07 21:49:31 DEBUG [main] BasicTypeRegistry - Adding type registration byte -> org.hibernate.type.BasicTypeReference@47f0f414
2025-11-07 21:49:31 DEBUG [main] BasicTypeRegistry - Adding type registration byte -> org.hibernate.type.BasicTypeReference@47f0f414
2025-11-07 21:49:31 DEBUG [main] BasicTypeRegistry - Adding type registration java.lang.Byte -> org.hibernate.type.BasicTypeReference@47f0f414
2025-11-07 21:49:31 DEBUG [main] BasicTypeRegistry - Adding type registration binary -> org.hibernate.type.BasicTypeReference@7e1d8d41
2025-11-07 21:49:31 DEBUG [main] BasicTypeRegistry - Adding type registration byte[] -> org.hibernate.type.BasicTypeReference@7e1d8d41
2025-11-07 21:49:31 DEBUG [main] BasicTypeRegistry - Adding type registration [B -> org.hibernate.type.BasicTypeReference@7e1d8d41
2025-11-07 21:49:31 DEBUG [main] BasicTypeRegistry - Adding type registration binary_wrapper -> org.hibernate.type.BasicTypeReference@4809c771
2025-11-07 21:49:31 DEBUG [main] BasicTypeRegistry - Adding type registration wrapper-binary -> org.hibernate.type.BasicTypeReference@4809c771
2025-11-07 21:49:31 DEBUG [main] BasicTypeRegistry - Adding type registration image -> org.hibernate.type.BasicTypeReference@750e2d33
2025-11-07 21:49:31 DEBUG [main] BasicTypeRegistry - Adding type registration blob -> org.hibernate.type.BasicTypeReference@359e27d2
2025-11-07 21:49:31 DEBUG [main] BasicTypeRegistry - Adding type registration java.sql.Blob -> org.hibernate.type.BasicTypeReference@359e27d2
2025-11-07 21:49:31 DEBUG [main] BasicTypeRegistry - Adding type registration materialized_blob -> org.hibernate.type.BasicTypeReference@277bc3a5
2025-11-07 21:49:31 DEBUG [main] BasicTypeRegistry - Adding type registration materialized_blob_wrapper -> org.hibernate.type.BasicTypeReference@214fba74
2025-11-07 21:49:31 DEBUG [main] BasicTypeRegistry - Adding type registration short -> org.hibernate.type.BasicTypeReference@252c6cdb
2025-11-07 21:49:31 DEBUG [main] BasicTypeRegistry - Adding type registration short -> org.hibernate.type.BasicTypeReference@252c6cdb
2025-11-07 21:49:31 DEBUG [main] BasicTypeRegistry - Adding type registration java.lang.Short -> org.hibernate.type.BasicTypeReference@252c6cdb
2025-11-07 21:49:31 DEBUG [main] BasicTypeRegistry - Adding type registration integer -> org.hibernate.type.BasicTypeReference@61c87f1b
2025-11-07 21:49:31 DEBUG [main] BasicTypeRegistry - Adding type registration int -> org.hibernate.type.BasicTypeReference@61c87f1b
2025-11-07 21:49:31 DEBUG [main] BasicTypeRegistry - Adding type registration java.lang.Integer -> org.hibernate.type.BasicTypeReference@61c87f1b
2025-11-07 21:49:31 DEBUG [main] BasicTypeRegistry - Adding type registration long -> org.hibernate.type.BasicTypeReference@1857fe6c
2025-11-07 21:49:31 DEBUG [main] BasicTypeRegistry - Adding type registration long -> org.hibernate.type.BasicTypeReference@1857fe6c
2025-11-07 21:49:31 DEBUG [main] BasicTypeRegistry - Adding type registration java.lang.Long -> org.hibernate.type.BasicTypeReference@1857fe6c
2025-11-07 21:49:31 DEBUG [main] BasicTypeRegistry - Adding type registration float -> org.hibernate.type.BasicTypeReference@44976b08
2025-11-07 21:49:31 DEBUG [main] BasicTypeRegistry - Adding type registration float -> org.hibernate.type.BasicTypeReference@44976b08
2025-11-07 21:49:31 DEBUG [main] BasicTypeRegistry - Adding type registration java.lang.Float -> org.hibernate.type.BasicTypeReference@44976b08
2025-11-07 21:49:31 DEBUG [main] BasicTypeRegistry - Adding type registration double -> org.hibernate.type.BasicTypeReference@29b8df5
2025-11-07 21:49:31 DEBUG [main] BasicTypeRegistry - Adding type registration double -> org.hibernate.type.BasicTypeReference@29b8df5
2025-11-07 21:49:31 DEBUG [main] BasicTypeRegistry - Adding type registration java.lang.Double -> org.hibernate.type.BasicTypeReference@29b8df5
2025-11-07 21:49:31 DEBUG [main] BasicTypeRegistry - Adding type registration big_integer -> org.hibernate.type.BasicTypeReference@20890a1a
2025-11-07 21:49:31 DEBUG [main] BasicTypeRegistry - Adding type registration java.math.BigInteger -> org.hibernate.type.BasicTypeReference@20890a1a
2025-11-07 21:49:31 DEBUG [main] BasicTypeRegistry - Adding type registration big_decimal -> org.hibernate.type.BasicTypeReference@70a24f9
2025-11-07 21:49:31 DEBUG [main] BasicTypeRegistry - Adding type registration java.math.BigDecimal -> org.hibernate.type.BasicTypeReference@70a24f9
2025-11-07 21:49:31 DEBUG [main] BasicTypeRegistry - Adding type registration character -> org.hibernate.type.BasicTypeReference@78bad03b
2025-11-07 21:49:31 DEBUG [main] BasicTypeRegistry - Adding type registration char -> org.hibernate.type.BasicTypeReference@78bad03b
2025-11-07 21:49:31 DEBUG [main] BasicTypeRegistry - Adding type registration java.lang.Character -> org.hibernate.type.BasicTypeReference@78bad03b
2025-11-07 21:49:31 DEBUG [main] BasicTypeRegistry - Adding type registration character_nchar -> org.hibernate.type.BasicTypeReference@26101efc
2025-11-07 21:49:31 DEBUG [main] BasicTypeRegistry - Adding type registration string -> org.hibernate.type.BasicTypeReference@4e2109fe
2025-11-07 21:49:31 DEBUG [main] BasicTypeRegistry - Adding type registration java.lang.String -> org.hibernate.type.BasicTypeReference@4e2109fe
2025-11-07 21:49:31 DEBUG [main] BasicTypeRegistry - Adding type registration nstring -> org.hibernate.type.BasicTypeReference@18dac12f
2025-11-07 21:49:31 DEBUG [main] BasicTypeRegistry - Adding type registration characters -> org.hibernate.type.BasicTypeReference@36cfe107
2025-11-07 21:49:31 DEBUG [main] BasicTypeRegistry - Adding type registration char[] -> org.hibernate.type.BasicTypeReference@36cfe107
2025-11-07 21:49:31 DEBUG [main] BasicTypeRegistry - Adding type registration [C -> org.hibernate.type.BasicTypeReference@36cfe107
2025-11-07 21:49:31 DEBUG [main] BasicTypeRegistry - Adding type registration wrapper-characters -> org.hibernate.type.BasicTypeReference@100eeedc
2025-11-07 21:49:31 DEBUG [main] BasicTypeRegistry - Adding type registration text -> org.hibernate.type.BasicTypeReference@56266bda
2025-11-07 21:49:31 DEBUG [main] BasicTypeRegistry - Adding type registration ntext -> org.hibernate.type.BasicTypeReference@18bb1b88
2025-11-07 21:49:31 DEBUG [main] BasicTypeRegistry - Adding type registration clob -> org.hibernate.type.BasicTypeReference@51b51641
2025-11-07 21:49:31 DEBUG [main] BasicTypeRegistry - Adding type registration java.sql.Clob -> org.hibernate.type.BasicTypeReference@51b51641
2025-11-07 21:49:31 DEBUG [main] BasicTypeRegistry - Adding type registration nclob -> org.hibernate.type.BasicTypeReference@362a6aa5
2025-11-07 21:49:31 DEBUG [main] BasicTypeRegistry - Adding type registration java.sql.NClob -> org.hibernate.type.BasicTypeReference@362a6aa5
2025-11-07 21:49:31 DEBUG [main] BasicTypeRegistry - Adding type registration materialized_clob -> org.hibernate.type.BasicTypeReference@53b7bf01
2025-11-07 21:49:31 DEBUG [main] BasicTypeRegistry - Adding type registration materialized_clob_char_array -> org.hibernate.type.BasicTypeReference@139089a4
2025-11-07 21:49:31 DEBUG [main] BasicTypeRegistry - Adding type registration materialized_clob_character_array -> org.hibernate.type.BasicTypeReference@6a6e9289
2025-11-07 21:49:31 DEBUG [main] BasicTypeRegistry - Adding type registration materialized_nclob -> org.hibernate.type.BasicTypeReference@ff4b223
2025-11-07 21:49:31 DEBUG [main] BasicTypeRegistry - Adding type registration materialized_nclob_character_array -> org.hibernate.type.BasicTypeReference@61554b6b
2025-11-07 21:49:31 DEBUG [main] BasicTypeRegistry - Adding type registration materialized_nclob_char_array -> org.hibernate.type.BasicTypeReference@761f234c
2025-11-07 21:49:31 DEBUG [main] BasicTypeRegistry - Adding type registration Duration -> org.hibernate.type.BasicTypeReference@687b0ddc
2025-11-07 21:49:31 DEBUG [main] BasicTypeRegistry - Adding type registration java.time.Duration -> org.hibernate.type.BasicTypeReference@687b0ddc
2025-11-07 21:49:31 DEBUG [main] BasicTypeRegistry - Adding type registration LocalDateTime -> org.hibernate.type.BasicTypeReference@42b4df5a
2025-11-07 21:49:31 DEBUG [main] BasicTypeRegistry - Adding type registration java.time.LocalDateTime -> org.hibernate.type.BasicTypeReference@42b4df5a
2025-11-07 21:49:31 DEBUG [main] BasicTypeRegistry - Adding type registration LocalDate -> org.hibernate.type.BasicTypeReference@9f1ca74
2025-11-07 21:49:31 DEBUG [main] BasicTypeRegistry - Adding type registration java.time.LocalDate -> org.hibernate.type.BasicTypeReference@9f1ca74
2025-11-07 21:49:31 DEBUG [main] BasicTypeRegistry - Adding type registration LocalTime -> org.hibernate.type.BasicTypeReference@67b8d45
2025-11-07 21:49:31 DEBUG [main] BasicTypeRegistry - Adding type registration java.time.LocalTime -> org.hibernate.type.BasicTypeReference@67b8d45
2025-11-07 21:49:31 DEBUG [main] BasicTypeRegistry - Adding type registration OffsetDateTime -> org.hibernate.type.BasicTypeReference@365e65bb
2025-11-07 21:49:31 DEBUG [main] BasicTypeRegistry - Adding type registration java.time.OffsetDateTime -> org.hibernate.type.BasicTypeReference@365e65bb
2025-11-07 21:49:31 DEBUG [main] BasicTypeRegistry - Adding type registration OffsetDateTimeWithTimezone -> org.hibernate.type.BasicTypeReference@52f43225
2025-11-07 21:49:31 DEBUG [main] BasicTypeRegistry - Adding type registration OffsetDateTimeWithoutTimezone -> org.hibernate.type.BasicTypeReference@55d1f065
2025-11-07 21:49:31 DEBUG [main] BasicTypeRegistry - Adding type registration OffsetTime -> org.hibernate.type.BasicTypeReference@f9a5e3f
2025-11-07 21:49:31 DEBUG [main] BasicTypeRegistry - Adding type registration java.time.OffsetTime -> org.hibernate.type.BasicTypeReference@f9a5e3f
2025-11-07 21:49:31 DEBUG [main] BasicTypeRegistry - Adding type registration OffsetTimeUtc -> org.hibernate.type.BasicTypeReference@4aac81ca
2025-11-07 21:49:31 DEBUG [main] BasicTypeRegistry - Adding type registration OffsetTimeWithTimezone -> org.hibernate.type.BasicTypeReference@393ae7a0
2025-11-07 21:49:31 DEBUG [main] BasicTypeRegistry - Adding type registration OffsetTimeWithoutTimezone -> org.hibernate.type.BasicTypeReference@63326a3a
2025-11-07 21:49:31 DEBUG [main] BasicTypeRegistry - Adding type registration ZonedDateTime -> org.hibernate.type.BasicTypeReference@3e04abc5
2025-11-07 21:49:31 DEBUG [main] BasicTypeRegistry - Adding type registration java.time.ZonedDateTime -> org.hibernate.type.BasicTypeReference@3e04abc5
2025-11-07 21:49:31 DEBUG [main] BasicTypeRegistry - Adding type registration ZonedDateTimeWithTimezone -> org.hibernate.type.BasicTypeReference@1008df1e
2025-11-07 21:49:31 DEBUG [main] BasicTypeRegistry - Adding type registration ZonedDateTimeWithoutTimezone -> org.hibernate.type.BasicTypeReference@7ee12d58
2025-11-07 21:49:31 DEBUG [main] BasicTypeRegistry - Adding type registration date -> org.hibernate.type.BasicTypeReference@e72fb04
2025-11-07 21:49:31 DEBUG [main] BasicTypeRegistry - Adding type registration java.sql.Date -> org.hibernate.type.BasicTypeReference@e72fb04
2025-11-07 21:49:31 DEBUG [main] BasicTypeRegistry - Adding type registration time -> org.hibernate.type.BasicTypeReference@1533338c
2025-11-07 21:49:31 DEBUG [main] BasicTypeRegistry - Adding type registration java.sql.Time -> org.hibernate.type.BasicTypeReference@1533338c
2025-11-07 21:49:31 DEBUG [main] BasicTypeRegistry - Adding type registration timestamp -> org.hibernate.type.BasicTypeReference@4315fe1b
2025-11-07 21:49:31 DEBUG [main] BasicTypeRegistry - Adding type registration java.sql.Timestamp -> org.hibernate.type.BasicTypeReference@4315fe1b
2025-11-07 21:49:31 DEBUG [main] BasicTypeRegistry - Adding type registration java.util.Date -> org.hibernate.type.BasicTypeReference@4315fe1b
2025-11-07 21:49:31 DEBUG [main] BasicTypeRegistry - Adding type registration calendar -> org.hibernate.type.BasicTypeReference@34e990cc
2025-11-07 21:49:31 DEBUG [main] BasicTypeRegistry - Adding type registration java.util.Calendar -> org.hibernate.type.BasicTypeReference@34e990cc
2025-11-07 21:49:31 DEBUG [main] BasicTypeRegistry - Adding type registration java.util.GregorianCalendar -> org.hibernate.type.BasicTypeReference@34e990cc
2025-11-07 21:49:31 DEBUG [main] BasicTypeRegistry - Adding type registration calendar_date -> org.hibernate.type.BasicTypeReference@2d5ae78e
2025-11-07 21:49:31 DEBUG [main] BasicTypeRegistry - Adding type registration calendar_time -> org.hibernate.type.BasicTypeReference@21f91efa
2025-11-07 21:49:31 DEBUG [main] BasicTypeRegistry - Adding type registration instant -> org.hibernate.type.BasicTypeReference@4df0d9f8
2025-11-07 21:49:31 DEBUG [main] BasicTypeRegistry - Adding type registration java.time.Instant -> org.hibernate.type.BasicTypeReference@4df0d9f8
2025-11-07 21:49:31 DEBUG [main] BasicTypeRegistry - Adding type registration uuid -> org.hibernate.type.BasicTypeReference@35e75f7a
2025-11-07 21:49:31 DEBUG [main] BasicTypeRegistry - Adding type registration java.util.UUID -> org.hibernate.type.BasicTypeReference@35e75f7a
2025-11-07 21:49:31 DEBUG [main] BasicTypeRegistry - Adding type registration pg-uuid -> org.hibernate.type.BasicTypeReference@35e75f7a
2025-11-07 21:49:31 DEBUG [main] BasicTypeRegistry - Adding type registration uuid-binary -> org.hibernate.type.BasicTypeReference@4f7bb8df
2025-11-07 21:49:31 DEBUG [main] BasicTypeRegistry - Adding type registration uuid-char -> org.hibernate.type.BasicTypeReference@269c7104
2025-11-07 21:49:31 DEBUG [main] BasicTypeRegistry - Adding type registration class -> org.hibernate.type.BasicTypeReference@6de84336
2025-11-07 21:49:31 DEBUG [main] BasicTypeRegistry - Adding type registration java.lang.Class -> org.hibernate.type.BasicTypeReference@6de84336
2025-11-07 21:49:31 DEBUG [main] BasicTypeRegistry - Adding type registration currency -> org.hibernate.type.BasicTypeReference@627bcd7e
2025-11-07 21:49:31 DEBUG [main] BasicTypeRegistry - Adding type registration Currency -> org.hibernate.type.BasicTypeReference@627bcd7e
2025-11-07 21:49:31 DEBUG [main] BasicTypeRegistry - Adding type registration java.util.Currency -> org.hibernate.type.BasicTypeReference@627bcd7e
2025-11-07 21:49:31 DEBUG [main] BasicTypeRegistry - Adding type registration locale -> org.hibernate.type.BasicTypeReference@70543cae
2025-11-07 21:49:31 DEBUG [main] BasicTypeRegistry - Adding type registration java.util.Locale -> org.hibernate.type.BasicTypeReference@70543cae
2025-11-07 21:49:31 DEBUG [main] BasicTypeRegistry - Adding type registration serializable -> org.hibernate.type.BasicTypeReference@350567f1
2025-11-07 21:49:31 DEBUG [main] BasicTypeRegistry - Adding type registration java.io.Serializable -> org.hibernate.type.BasicTypeReference@350567f1
2025-11-07 21:49:31 DEBUG [main] BasicTypeRegistry - Adding type registration timezone -> org.hibernate.type.BasicTypeReference@1a5b7394
2025-11-07 21:49:31 DEBUG [main] BasicTypeRegistry - Adding type registration java.util.TimeZone -> org.hibernate.type.BasicTypeReference@1a5b7394
2025-11-07 21:49:31 DEBUG [main] BasicTypeRegistry - Adding type registration ZoneOffset -> org.hibernate.type.BasicTypeReference@26f75d9c
2025-11-07 21:49:31 DEBUG [main] BasicTypeRegistry - Adding type registration java.time.ZoneOffset -> org.hibernate.type.BasicTypeReference@26f75d9c
2025-11-07 21:49:31 DEBUG [main] BasicTypeRegistry - Adding type registration url -> org.hibernate.type.BasicTypeReference@7717b4a0
2025-11-07 21:49:31 DEBUG [main] BasicTypeRegistry - Adding type registration java.net.URL -> org.hibernate.type.BasicTypeReference@7717b4a0
2025-11-07 21:49:31 DEBUG [main] BasicTypeRegistry - Adding type registration vector -> org.hibernate.type.BasicTypeReference@69b37f5c
2025-11-07 21:49:31 DEBUG [main] BasicTypeRegistry - Adding type registration float_vector -> org.hibernate.type.BasicTypeReference@28b5662d
2025-11-07 21:49:31 DEBUG [main] BasicTypeRegistry - Adding type registration double_vector -> org.hibernate.type.BasicTypeReference@34b2d51a
2025-11-07 21:49:31 DEBUG [main] BasicTypeRegistry - Adding type registration byte_vector -> org.hibernate.type.BasicTypeReference@7e4ac598
2025-11-07 21:49:31 DEBUG [main] BasicTypeRegistry - Adding type registration row_version -> org.hibernate.type.BasicTypeReference@cf10c92
2025-11-07 21:49:31 DEBUG [main] BasicTypeRegistry - Adding type registration object -> org.hibernate.type.JavaObjectType@48b3b1b8
2025-11-07 21:49:31 DEBUG [main] BasicTypeRegistry - Adding type registration java.lang.Object -> org.hibernate.type.JavaObjectType@48b3b1b8
2025-11-07 21:49:31 DEBUG [main] BasicTypeRegistry - Adding type registration null -> org.hibernate.type.NullType@5501d1c8
2025-11-07 21:49:31 DEBUG [main] BasicTypeRegistry - Adding type registration imm_date -> org.hibernate.type.BasicTypeReference@652b3733
2025-11-07 21:49:31 DEBUG [main] BasicTypeRegistry - Adding type registration imm_time -> org.hibernate.type.BasicTypeReference@7b598d05
2025-11-07 21:49:31 DEBUG [main] BasicTypeRegistry - Adding type registration imm_timestamp -> org.hibernate.type.BasicTypeReference@6cc8c13c
2025-11-07 21:49:31 DEBUG [main] BasicTypeRegistry - Adding type registration imm_calendar -> org.hibernate.type.BasicTypeReference@371cd2fc
2025-11-07 21:49:31 DEBUG [main] BasicTypeRegistry - Adding type registration imm_calendar_date -> org.hibernate.type.BasicTypeReference@b32e983
2025-11-07 21:49:31 DEBUG [main] BasicTypeRegistry - Adding type registration imm_calendar_time -> org.hibernate.type.BasicTypeReference@3c346c45
2025-11-07 21:49:31 DEBUG [main] BasicTypeRegistry - Adding type registration imm_binary -> org.hibernate.type.BasicTypeReference@16df9bde
2025-11-07 21:49:31 DEBUG [main] BasicTypeRegistry - Adding type registration imm_serializable -> org.hibernate.type.BasicTypeReference@478530cb
2025-11-07 21:49:31 DEBUG [main] BootstrapContextImpl - Injecting JPA temp ClassLoader [org.springframework.instrument.classloading.SimpleThrowawayClassLoader@349f3ff7] into BootstrapContext; was [null]
2025-11-07 21:49:31 DEBUG [main] ClassLoaderAccessImpl - ClassLoaderAccessImpl#injectTempClassLoader(org.springframework.instrument.classloading.SimpleThrowawayClassLoader@349f3ff7) [was null]
2025-11-07 21:49:31 DEBUG [main] BootstrapContextImpl - Injecting ScanEnvironment [org.hibernate.jpa.boot.internal.StandardJpaScanEnvironmentImpl@3cdfbbef] into BootstrapContext; was [null]
2025-11-07 21:49:31 DEBUG [main] BootstrapContextImpl - Injecting ScanOptions [org.hibernate.boot.archive.scan.internal.StandardScanOptions@7a1ddbf1] into BootstrapContext; was [org.hibernate.boot.archive.scan.internal.StandardScanOptions@1e606f64]
2025-11-07 21:49:31 DEBUG [main] PersistenceUnitInfoDescriptor - Pushing class transformers for PU named 'default' on loading classloader jdk.internal.loader.ClassLoaders$AppClassLoader@1d44bcfa
2025-11-07 21:49:32 INFO  [main] SpringPersistenceUnitInfo - No LoadTimeWeaver setup: ignoring JPA class transformer
2025-11-07 21:49:32 DEBUG [main] BootstrapContextImpl - Injecting JPA temp ClassLoader [null] into BootstrapContext; was [org.springframework.instrument.classloading.SimpleThrowawayClassLoader@349f3ff7]
2025-11-07 21:49:32 DEBUG [main] ClassLoaderAccessImpl - ClassLoaderAccessImpl#injectTempClassLoader(null) [was org.springframework.instrument.classloading.SimpleThrowawayClassLoader@349f3ff7]
2025-11-07 21:49:32 DEBUG [main] HikariConfig - HikariPool-1 - configuration:
2025-11-07 21:49:32 DEBUG [main] HikariConfig - allowPoolSuspension.............false
2025-11-07 21:49:32 DEBUG [main] HikariConfig - autoCommit......................true
2025-11-07 21:49:32 DEBUG [main] HikariConfig - catalog.........................none
2025-11-07 21:49:32 DEBUG [main] HikariConfig - connectionInitSql...............none
2025-11-07 21:49:32 DEBUG [main] HikariConfig - connectionTestQuery.............none
2025-11-07 21:49:32 DEBUG [main] HikariConfig - connectionTimeout...............30000
2025-11-07 21:49:32 DEBUG [main] HikariConfig - credentials.....................com.zaxxer.hikari.util.Credentials@3e8afc2d
2025-11-07 21:49:32 DEBUG [main] HikariConfig - dataSource......................none
2025-11-07 21:49:32 DEBUG [main] HikariConfig - dataSourceClassName.............none
2025-11-07 21:49:32 DEBUG [main] HikariConfig - dataSourceJNDI..................none
2025-11-07 21:49:32 DEBUG [main] HikariConfig - dataSourceProperties............{password=<masked>}
2025-11-07 21:49:32 DEBUG [main] HikariConfig - driverClassName................."com.mysql.cj.jdbc.Driver"
2025-11-07 21:49:32 DEBUG [main] HikariConfig - exceptionOverride...............none
2025-11-07 21:49:32 DEBUG [main] HikariConfig - exceptionOverrideClassName......none
2025-11-07 21:49:32 DEBUG [main] HikariConfig - healthCheckProperties...........{}
2025-11-07 21:49:32 DEBUG [main] HikariConfig - healthCheckRegistry.............none
2025-11-07 21:49:32 DEBUG [main] HikariConfig - idleTimeout.....................600000
2025-11-07 21:49:32 DEBUG [main] HikariConfig - initializationFailTimeout.......1
2025-11-07 21:49:32 DEBUG [main] HikariConfig - isolateInternalQueries..........false
2025-11-07 21:49:32 DEBUG [main] HikariConfig - jdbcUrl.........................jdbc:mysql://localhost:3306/examen_tecnico
2025-11-07 21:49:32 DEBUG [main] HikariConfig - keepaliveTime...................120000
2025-11-07 21:49:32 DEBUG [main] HikariConfig - leakDetectionThreshold..........0
2025-11-07 21:49:32 DEBUG [main] HikariConfig - maxLifetime.....................1800000
2025-11-07 21:49:32 DEBUG [main] HikariConfig - maximumPoolSize.................10
2025-11-07 21:49:32 DEBUG [main] HikariConfig - metricRegistry..................none
2025-11-07 21:49:32 DEBUG [main] HikariConfig - metricsTrackerFactory...........none
2025-11-07 21:49:32 DEBUG [main] HikariConfig - minimumIdle.....................10
2025-11-07 21:49:32 DEBUG [main] HikariConfig - password........................<masked>
2025-11-07 21:49:32 DEBUG [main] HikariConfig - poolName........................"HikariPool-1"
2025-11-07 21:49:32 DEBUG [main] HikariConfig - readOnly........................false
2025-11-07 21:49:32 DEBUG [main] HikariConfig - registerMbeans..................false
2025-11-07 21:49:32 DEBUG [main] HikariConfig - scheduledExecutor...............none
2025-11-07 21:49:32 DEBUG [main] HikariConfig - schema..........................none
2025-11-07 21:49:32 DEBUG [main] HikariConfig - threadFactory...................internal
2025-11-07 21:49:32 DEBUG [main] HikariConfig - transactionIsolation............default
2025-11-07 21:49:32 DEBUG [main] HikariConfig - username........................"root"
2025-11-07 21:49:32 DEBUG [main] HikariConfig - validationTimeout...............5000
2025-11-07 21:49:32 INFO  [main] HikariDataSource - HikariPool-1 - Starting...
2025-11-07 21:49:32 DEBUG [main] PoolBase - HikariPool-1 - Attempting to create/setup new connection (2aa7004e-a25d-4632-840f-ba222519eeb0)
2025-11-07 21:49:33 DEBUG [main] PoolBase - HikariPool-1 - Established new connection (2aa7004e-a25d-4632-840f-ba222519eeb0)
2025-11-07 21:49:33 INFO  [main] HikariPool - HikariPool-1 - Added connection com.mysql.cj.jdbc.ConnectionImpl@7c02b3cb
2025-11-07 21:49:33 INFO  [main] HikariDataSource - HikariPool-1 - Start completed.
2025-11-07 21:49:33 DEBUG [main] JdbcEnvironmentInitiator - Database ->
	   name : MySQL
	version : 9.5.0
	  major : 9
	  minor : 5
2025-11-07 21:49:33 DEBUG [main] JdbcEnvironmentInitiator - Driver ->
	   name : MySQL Connector/J
	version : mysql-connector-j-8.3.0 (Revision: 805f872a57875f311cb82487efcfb070411a3fa0)
	  major : 8
	  minor : 3
2025-11-07 21:49:33 DEBUG [main] JdbcEnvironmentInitiator - JDBC version : 4.2
2025-11-07 21:49:33 DEBUG [HikariPool-1:housekeeper] HikariPool - HikariPool-1 - Pool stats (total=1/10, idle=0/10, active=1, waiting=0)
2025-11-07 21:49:33 DEBUG [HikariPool-1:connection-adder] PoolBase - HikariPool-1 - Attempting to create/setup new connection (1d535f18-af1c-4fe7-bd53-10f70104fa64)
2025-11-07 21:49:33 DEBUG [HikariPool-1:connection-adder] PoolBase - HikariPool-1 - Established new connection (1d535f18-af1c-4fe7-bd53-10f70104fa64)
2025-11-07 21:49:33 DEBUG [HikariPool-1:connection-adder] HikariPool - HikariPool-1 - Added connection com.mysql.cj.jdbc.ConnectionImpl@44f8ee55
2025-11-07 21:49:33 DEBUG [main] dialect - HHH035001: Using dialect: org.hibernate.dialect.MySQLDialect, version: 9.5
2025-11-07 21:49:33 DEBUG [HikariPool-1:connection-adder] HikariPool - HikariPool-1 - After adding stats (total=2/10, idle=1/10, active=1, waiting=0)
2025-11-07 21:49:33 DEBUG [HikariPool-1:connection-adder] PoolBase - HikariPool-1 - Attempting to create/setup new connection (e89bef76-3183-4919-a2dd-430b19bf0f6b)
2025-11-07 21:49:33 DEBUG [main] IdentifierHelperBuilder - JDBC driver metadata reported database stores quoted identifiers in more than one case
2025-11-07 21:49:33 DEBUG [main] IdentifierHelperBuilder - IdentifierCaseStrategy for both quoted and unquoted identifiers was set to the same strategy [LOWER]; that will likely lead to problems in schema update and validation if using quoted identifiers
2025-11-07 21:49:33 DEBUG [HikariPool-1:connection-adder] PoolBase - HikariPool-1 - Established new connection (e89bef76-3183-4919-a2dd-430b19bf0f6b)
2025-11-07 21:49:33 DEBUG [HikariPool-1:connection-adder] HikariPool - HikariPool-1 - Added connection com.mysql.cj.jdbc.ConnectionImpl@6468186d
2025-11-07 21:49:33 DEBUG [HikariPool-1:connection-adder] HikariPool - HikariPool-1 - After adding stats (total=3/10, idle=3/10, active=0, waiting=0)
2025-11-07 21:49:33 DEBUG [HikariPool-1:connection-adder] PoolBase - HikariPool-1 - Attempting to create/setup new connection (b7b44eb6-ae85-406e-8aac-2e140dbea288)
2025-11-07 21:49:33 INFO  [main] pooling - HHH10001005: Database info:
	Database JDBC URL [Connecting through datasource 'HikariDataSource (HikariPool-1)']
	Database driver: undefined/unknown
	Database version: 9.5
	Autocommit mode: undefined/unknown
	Isolation level: undefined/unknown
	Minimum pool size: undefined/unknown
	Maximum pool size: undefined/unknown
2025-11-07 21:49:33 DEBUG [main] DdlTypeRegistry - addDescriptor(12, org.hibernate.type.descriptor.sql.internal.CapacityDependentDdlType@14d53884) replaced previous registration(org.hibernate.type.descriptor.sql.internal.CapacityDependentDdlType@126ff1a1)
2025-11-07 21:49:33 DEBUG [main] DdlTypeRegistry - addDescriptor(-9, org.hibernate.type.descriptor.sql.internal.CapacityDependentDdlType@546c30c2) replaced previous registration(org.hibernate.type.descriptor.sql.internal.CapacityDependentDdlType@6ba08a09)
2025-11-07 21:49:33 DEBUG [main] DdlTypeRegistry - addDescriptor(-3, org.hibernate.type.descriptor.sql.internal.CapacityDependentDdlType@568c9ee1) replaced previous registration(org.hibernate.type.descriptor.sql.internal.CapacityDependentDdlType@3b839f68)
2025-11-07 21:49:33 DEBUG [main] DdlTypeRegistry - addDescriptor(4003, org.hibernate.type.descriptor.sql.internal.DdlTypeImpl@e5c52fa) replaced previous registration(org.hibernate.type.descriptor.sql.internal.DdlTypeImpl@614361fa)
2025-11-07 21:49:33 DEBUG [main] DdlTypeRegistry - addDescriptor(4001, org.hibernate.type.descriptor.sql.internal.DdlTypeImpl@538a90a5) replaced previous registration(org.hibernate.type.descriptor.sql.internal.DdlTypeImpl@74d53d63)
2025-11-07 21:49:33 DEBUG [main] DdlTypeRegistry - addDescriptor(4002, org.hibernate.type.descriptor.sql.internal.DdlTypeImpl@18f27a81) replaced previous registration(org.hibernate.type.descriptor.sql.internal.DdlTypeImpl@624494d4)
2025-11-07 21:49:33 DEBUG [HikariPool-1:connection-adder] PoolBase - HikariPool-1 - Established new connection (b7b44eb6-ae85-406e-8aac-2e140dbea288)
2025-11-07 21:49:33 DEBUG [HikariPool-1:connection-adder] HikariPool - HikariPool-1 - Added connection com.mysql.cj.jdbc.ConnectionImpl@3db82764
2025-11-07 21:49:33 DEBUG [main] DdlTypeRegistry - addDescriptor(2004, org.hibernate.type.descriptor.sql.internal.CapacityDependentDdlType@654c2f81) replaced previous registration(org.hibernate.type.descriptor.sql.internal.DdlTypeImpl@38af386e)
2025-11-07 21:49:33 DEBUG [main] DdlTypeRegistry - addDescriptor(2005, org.hibernate.type.descriptor.sql.internal.CapacityDependentDdlType@33827b88) replaced previous registration(org.hibernate.type.descriptor.sql.internal.DdlTypeImpl@7526bb18)
2025-11-07 21:49:33 DEBUG [main] DdlTypeRegistry - addDescriptor(2011, org.hibernate.type.descriptor.sql.internal.CapacityDependentDdlType@7112b21a) replaced previous registration(org.hibernate.type.descriptor.sql.internal.DdlTypeImpl@30bf881e)
2025-11-07 21:49:33 DEBUG [main] JdbcTypeRegistry - addDescriptor(NCharTypeDescriptor) replaced previous registration(CharTypeDescriptor)
2025-11-07 21:49:33 DEBUG [main] JdbcTypeRegistry - addDescriptor(NVarcharTypeDescriptor) replaced previous registration(VarcharTypeDescriptor)
2025-11-07 21:49:33 DEBUG [main] JdbcTypeRegistry - addDescriptor(LongNVarcharTypeDescriptor) replaced previous registration(LongVarcharTypeDescriptor)
2025-11-07 21:49:33 DEBUG [main] JdbcTypeRegistry - addDescriptor(NClobTypeDescriptor(DEFAULT)) replaced previous registration(ClobTypeDescriptor(DEFAULT))
2025-11-07 21:49:33 DEBUG [main] BasicTypeRegistry - Adding type registration null -> org.hibernate.type.NullType@58486deb
2025-11-07 21:49:33 DEBUG [main] BasicTypeRegistry - Type registration key [null] overrode previous entry : `org.hibernate.type.NullType@5501d1c8`
2025-11-07 21:49:33 DEBUG [main] BasicTypeRegistry - Adding type registration org.hibernate.type.DurationType -> basicType@1(java.time.Duration,3015)
2025-11-07 21:49:33 DEBUG [main] BasicTypeRegistry - Adding type registration Duration -> basicType@1(java.time.Duration,3015)
2025-11-07 21:49:33 DEBUG [main] BasicTypeRegistry - Adding type registration java.time.Duration -> basicType@1(java.time.Duration,3015)
2025-11-07 21:49:33 DEBUG [HikariPool-1:connection-adder] HikariPool - HikariPool-1 - After adding stats (total=4/10, idle=4/10, active=0, waiting=0)
2025-11-07 21:49:33 DEBUG [HikariPool-1:connection-adder] PoolBase - HikariPool-1 - Attempting to create/setup new connection (fc932d02-e565-401f-b428-ba793fc2c2d0)
2025-11-07 21:49:33 DEBUG [main] BasicTypeRegistry - Adding type registration org.hibernate.type.OffsetDateTimeType -> basicType@2(java.time.OffsetDateTime,3003)
2025-11-07 21:49:33 DEBUG [main] BasicTypeRegistry - Adding type registration OffsetDateTime -> basicType@2(java.time.OffsetDateTime,3003)
2025-11-07 21:49:33 DEBUG [main] BasicTypeRegistry - Adding type registration java.time.OffsetDateTime -> basicType@2(java.time.OffsetDateTime,3003)
2025-11-07 21:49:33 DEBUG [main] BasicTypeRegistry - Adding type registration org.hibernate.type.ZonedDateTimeType -> basicType@3(java.time.ZonedDateTime,3003)
2025-11-07 21:49:33 DEBUG [main] BasicTypeRegistry - Adding type registration ZonedDateTime -> basicType@3(java.time.ZonedDateTime,3003)
2025-11-07 21:49:33 DEBUG [main] BasicTypeRegistry - Adding type registration java.time.ZonedDateTime -> basicType@3(java.time.ZonedDateTime,3003)
2025-11-07 21:49:33 DEBUG [main] BasicTypeRegistry - Adding type registration org.hibernate.type.OffsetTimeType -> basicType@4(java.time.OffsetTime,3007)
2025-11-07 21:49:33 DEBUG [main] BasicTypeRegistry - Adding type registration OffsetTime -> basicType@4(java.time.OffsetTime,3007)
2025-11-07 21:49:33 DEBUG [main] BasicTypeRegistry - Adding type registration java.time.OffsetTime -> basicType@4(java.time.OffsetTime,3007)
2025-11-07 21:49:33 DEBUG [main] TypeConfiguration$Scope - Scoping TypeConfiguration [org.hibernate.type.spi.TypeConfiguration@7bdf94f2] to MetadataBuildingContext [org.hibernate.boot.internal.MetadataBuildingContextRootImpl@6b92a0d1]
2025-11-07 21:49:33 DEBUG [HikariPool-1:connection-adder] PoolBase - HikariPool-1 - Established new connection (fc932d02-e565-401f-b428-ba793fc2c2d0)
2025-11-07 21:49:33 DEBUG [HikariPool-1:connection-adder] HikariPool - HikariPool-1 - Added connection com.mysql.cj.jdbc.ConnectionImpl@12334561
2025-11-07 21:49:33 DEBUG [HikariPool-1:connection-adder] HikariPool - HikariPool-1 - After adding stats (total=5/10, idle=5/10, active=0, waiting=0)
2025-11-07 21:49:33 DEBUG [HikariPool-1:connection-adder] PoolBase - HikariPool-1 - Attempting to create/setup new connection (7ebae66b-ef6f-4dfd-8ad3-28064060af5d)
2025-11-07 21:49:33 DEBUG [HikariPool-1:connection-adder] PoolBase - HikariPool-1 - Established new connection (7ebae66b-ef6f-4dfd-8ad3-28064060af5d)
2025-11-07 21:49:33 DEBUG [HikariPool-1:connection-adder] HikariPool - HikariPool-1 - Added connection com.mysql.cj.jdbc.ConnectionImpl@32830e11
2025-11-07 21:49:33 DEBUG [main] Namespace - Created database namespace [logicalName=Name{catalog=null, schema=null}, physicalName=Name{catalog=null, schema=null}]
2025-11-07 21:49:33 DEBUG [HikariPool-1:connection-adder] HikariPool - HikariPool-1 - After adding stats (total=6/10, idle=6/10, active=0, waiting=0)
2025-11-07 21:49:33 DEBUG [HikariPool-1:connection-adder] PoolBase - HikariPool-1 - Attempting to create/setup new connection (a06121ef-4894-4729-af0c-ce972620b898)
2025-11-07 21:49:33 DEBUG [HikariPool-1:connection-adder] PoolBase - HikariPool-1 - Established new connection (a06121ef-4894-4729-af0c-ce972620b898)
2025-11-07 21:49:33 DEBUG [HikariPool-1:connection-adder] HikariPool - HikariPool-1 - Added connection com.mysql.cj.jdbc.ConnectionImpl@771e0bcc
2025-11-07 21:49:33 DEBUG [main] EntityBinder - Binding entity from annotated class: com.codecraft.product.domain.entity.Product
2025-11-07 21:49:33 DEBUG [main] EntityBinder - Import with entity name Product
2025-11-07 21:49:33 DEBUG [main] EntityBinder - Bind entity com.codecraft.product.domain.entity.Product on table producto
2025-11-07 21:49:33 DEBUG [HikariPool-1:connection-adder] HikariPool - HikariPool-1 - After adding stats (total=7/10, idle=7/10, active=0, waiting=0)
2025-11-07 21:49:33 DEBUG [HikariPool-1:connection-adder] PoolBase - HikariPool-1 - Attempting to create/setup new connection (8bd96862-08c5-4766-b7f3-3c0d0d3ab3ad)
2025-11-07 21:49:33 DEBUG [main] AnnotatedColumn - Binding column: AnnotatedDiscriminatorColumn(column='DTYPE')
2025-11-07 21:49:33 DEBUG [HikariPool-1:connection-adder] PoolBase - HikariPool-1 - Established new connection (8bd96862-08c5-4766-b7f3-3c0d0d3ab3ad)
2025-11-07 21:49:33 DEBUG [HikariPool-1:connection-adder] HikariPool - HikariPool-1 - Added connection com.mysql.cj.jdbc.ConnectionImpl@1793d6a5
2025-11-07 21:49:33 DEBUG [main] AnnotatedColumn - Binding column: AnnotatedColumn(column='producto_id')
2025-11-07 21:49:33 DEBUG [main] ClassLoaderAccessImpl - Not known whether passed class name [com.codecraft.product.domain.entity.Product] is safe
2025-11-07 21:49:33 DEBUG [main] ClassLoaderAccessImpl - No temp ClassLoader provided; using live ClassLoader for loading potentially unsafe class : com.codecraft.product.domain.entity.Product
2025-11-07 21:49:33 DEBUG [main] PropertyBinder - MetadataSourceProcessor property id with lazy=false
2025-11-07 21:49:33 DEBUG [HikariPool-1:connection-adder] HikariPool - HikariPool-1 - After adding stats (total=8/10, idle=8/10, active=0, waiting=0)
2025-11-07 21:49:33 DEBUG [HikariPool-1:connection-adder] PoolBase - HikariPool-1 - Attempting to create/setup new connection (b28ea313-7af1-4550-babe-feecba00ded4)
2025-11-07 21:49:33 DEBUG [main] AbstractPropertyHolder - Attempting to locate auto-apply AttributeConverter for property [com.codecraft.product.domain.entity.Product:id]
2025-11-07 21:49:33 DEBUG [main] BasicValueBinder - building BasicValue for id
2025-11-07 21:49:33 DEBUG [main] BasicValue - Skipping column re-registration: producto.producto_id
2025-11-07 21:49:33 DEBUG [main] PropertyBinder - Building property id
2025-11-07 21:49:33 DEBUG [HikariPool-1:connection-adder] PoolBase - HikariPool-1 - Established new connection (b28ea313-7af1-4550-babe-feecba00ded4)
2025-11-07 21:49:33 DEBUG [HikariPool-1:connection-adder] HikariPool - HikariPool-1 - Added connection com.mysql.cj.jdbc.ConnectionImpl@9813027
2025-11-07 21:49:33 DEBUG [main] BinderHelper - #makeIdGenerator(BasicValue([Column(producto_id)]), id, identity, , ...)
2025-11-07 21:49:33 DEBUG [main] AnnotatedColumn - Binding column: AnnotatedColumn(column='activo')
2025-11-07 21:49:33 DEBUG [main] PropertyBinder - MetadataSourceProcessor property active with lazy=false
2025-11-07 21:49:33 DEBUG [main] AbstractPropertyHolder - Attempting to locate auto-apply AttributeConverter for property [com.codecraft.product.domain.entity.Product:active]
2025-11-07 21:49:33 DEBUG [main] BasicValueBinder - building BasicValue for active
2025-11-07 21:49:33 DEBUG [main] BasicValue - Skipping column re-registration: producto.activo
2025-11-07 21:49:33 DEBUG [main] PropertyBinder - Building property active
2025-11-07 21:49:33 DEBUG [main] AnnotatedColumn - Binding column: AnnotatedColumn(column='descripcion')
2025-11-07 21:49:33 DEBUG [main] PropertyBinder - MetadataSourceProcessor property description with lazy=false
2025-11-07 21:49:33 DEBUG [main] AbstractPropertyHolder - Attempting to locate auto-apply AttributeConverter for property [com.codecraft.product.domain.entity.Product:description]
2025-11-07 21:49:33 DEBUG [main] BasicValueBinder - building BasicValue for description
2025-11-07 21:49:33 DEBUG [main] BasicValue - Skipping column re-registration: producto.descripcion
2025-11-07 21:49:33 DEBUG [main] PropertyBinder - Building property description
2025-11-07 21:49:33 DEBUG [main] AnnotatedColumn - Binding column: AnnotatedColumn(column='nombre')
2025-11-07 21:49:33 DEBUG [main] PropertyBinder - MetadataSourceProcessor property name with lazy=false
2025-11-07 21:49:33 DEBUG [main] AbstractPropertyHolder - Attempting to locate auto-apply AttributeConverter for property [com.codecraft.product.domain.entity.Product:name]
2025-11-07 21:49:33 DEBUG [main] BasicValueBinder - building BasicValue for name
2025-11-07 21:49:33 DEBUG [main] BasicValue - Skipping column re-registration: producto.nombre
2025-11-07 21:49:33 DEBUG [main] PropertyBinder - Building property name
2025-11-07 21:49:33 DEBUG [main] AnnotatedColumn - Binding column: AnnotatedColumn(column='precio')
2025-11-07 21:49:33 DEBUG [main] PropertyBinder - MetadataSourceProcessor property price with lazy=false
2025-11-07 21:49:33 DEBUG [main] AbstractPropertyHolder - Attempting to locate auto-apply AttributeConverter for property [com.codecraft.product.domain.entity.Product:price]
2025-11-07 21:49:33 DEBUG [main] BasicValueBinder - building BasicValue for price
2025-11-07 21:49:33 DEBUG [main] BasicValue - Skipping column re-registration: producto.precio
2025-11-07 21:49:33 DEBUG [main] PropertyBinder - Building property price
2025-11-07 21:49:33 DEBUG [main] AnnotatedColumn - Binding column: AnnotatedColumn(column='fecha_registro')
2025-11-07 21:49:33 DEBUG [main] PropertyBinder - MetadataSourceProcessor property registerDate with lazy=false
2025-11-07 21:49:33 DEBUG [main] AbstractPropertyHolder - Attempting to locate auto-apply AttributeConverter for property [com.codecraft.product.domain.entity.Product:registerDate]
2025-11-07 21:49:33 DEBUG [main] BasicValueBinder - building BasicValue for registerDate
2025-11-07 21:49:33 DEBUG [main] BasicValue - Skipping column re-registration: producto.fecha_registro
2025-11-07 21:49:33 DEBUG [main] PropertyBinder - Building property registerDate
2025-11-07 21:49:33 DEBUG [main] AnnotatedColumn - Binding column: AnnotatedColumn(column='fecha_actualizacion')
2025-11-07 21:49:33 DEBUG [main] PropertyBinder - MetadataSourceProcessor property updateDate with lazy=false
2025-11-07 21:49:33 DEBUG [main] AbstractPropertyHolder - Attempting to locate auto-apply AttributeConverter for property [com.codecraft.product.domain.entity.Product:updateDate]
2025-11-07 21:49:33 DEBUG [main] BasicValueBinder - building BasicValue for updateDate
2025-11-07 21:49:33 DEBUG [main] BasicValue - Skipping column re-registration: producto.fecha_actualizacion
2025-11-07 21:49:33 DEBUG [main] PropertyBinder - Building property updateDate
2025-11-07 21:49:33 DEBUG [main] ClassLoaderServiceImpl - HHH000194: Package not found or no package-info.java: com.codecraft.product.domain.entity
2025-11-07 21:49:33 DEBUG [HikariPool-1:connection-adder] HikariPool - HikariPool-1 - After adding stats (total=9/10, idle=9/10, active=0, waiting=0)
2025-11-07 21:49:33 DEBUG [HikariPool-1:connection-adder] PoolBase - HikariPool-1 - Attempting to create/setup new connection (dd30d5ec-b146-4812-827f-fe2174ca2ec3)
2025-11-07 21:49:33 DEBUG [main] EntityBinder - Binding entity from annotated class: com.codecraft.product.domain.entity.ProductInventory
2025-11-07 21:49:33 DEBUG [main] EntityBinder - Import with entity name ProductInventory
2025-11-07 21:49:33 DEBUG [main] EntityBinder - Bind entity com.codecraft.product.domain.entity.ProductInventory on table productoinventario
2025-11-07 21:49:33 DEBUG [main] AnnotatedColumn - Binding column: AnnotatedDiscriminatorColumn(column='DTYPE')
2025-11-07 21:49:33 DEBUG [main] AnnotatedColumn - Binding column: AnnotatedColumn(column='producto_inventario_id')
2025-11-07 21:49:33 DEBUG [main] ClassLoaderAccessImpl - Not known whether passed class name [com.codecraft.product.domain.entity.ProductInventory] is safe
2025-11-07 21:49:33 DEBUG [main] ClassLoaderAccessImpl - No temp ClassLoader provided; using live ClassLoader for loading potentially unsafe class : com.codecraft.product.domain.entity.ProductInventory
2025-11-07 21:49:33 DEBUG [main] PropertyBinder - MetadataSourceProcessor property id with lazy=false
2025-11-07 21:49:33 DEBUG [main] AbstractPropertyHolder - Attempting to locate auto-apply AttributeConverter for property [com.codecraft.product.domain.entity.ProductInventory:id]
2025-11-07 21:49:33 DEBUG [main] BasicValueBinder - building BasicValue for id
2025-11-07 21:49:33 DEBUG [main] BasicValue - Skipping column re-registration: productoinventario.producto_inventario_id
2025-11-07 21:49:33 DEBUG [main] PropertyBinder - Building property id
2025-11-07 21:49:33 DEBUG [main] BinderHelper - #makeIdGenerator(BasicValue([Column(producto_inventario_id)]), id, identity, , ...)
2025-11-07 21:49:33 DEBUG [main] AnnotatedColumn - Binding column: AnnotatedJoinColumn(column='producto_id')
2025-11-07 21:49:33 DEBUG [HikariPool-1:connection-adder] PoolBase - HikariPool-1 - Established new connection (dd30d5ec-b146-4812-827f-fe2174ca2ec3)
2025-11-07 21:49:33 DEBUG [HikariPool-1:connection-adder] HikariPool - HikariPool-1 - Added connection com.mysql.cj.jdbc.ConnectionImpl@1f905637
2025-11-07 21:49:33 DEBUG [main] AnnotatedColumn - Binding column: AnnotatedColumn()
2025-11-07 21:49:33 DEBUG [main] PropertyBinder - Building property product
2025-11-07 21:49:33 DEBUG [main] AnnotatedColumn - Binding column: AnnotatedColumn(column='cantidad')
2025-11-07 21:49:33 DEBUG [main] PropertyBinder - MetadataSourceProcessor property quantity with lazy=false
2025-11-07 21:49:33 DEBUG [main] AbstractPropertyHolder - Attempting to locate auto-apply AttributeConverter for property [com.codecraft.product.domain.entity.ProductInventory:quantity]
2025-11-07 21:49:33 DEBUG [main] BasicValueBinder - building BasicValue for quantity
2025-11-07 21:49:33 DEBUG [main] BasicValue - Skipping column re-registration: productoinventario.cantidad
2025-11-07 21:49:33 DEBUG [main] PropertyBinder - Building property quantity
2025-11-07 21:49:33 DEBUG [main] AnnotatedColumn - Binding column: AnnotatedColumn(column='fecha_registro')
2025-11-07 21:49:33 DEBUG [main] PropertyBinder - MetadataSourceProcessor property registerDate with lazy=false
2025-11-07 21:49:33 DEBUG [main] AbstractPropertyHolder - Attempting to locate auto-apply AttributeConverter for property [com.codecraft.product.domain.entity.ProductInventory:registerDate]
2025-11-07 21:49:33 DEBUG [main] BasicValueBinder - building BasicValue for registerDate
2025-11-07 21:49:33 DEBUG [main] BasicValue - Skipping column re-registration: productoinventario.fecha_registro
2025-11-07 21:49:33 DEBUG [main] PropertyBinder - Building property registerDate
2025-11-07 21:49:33 DEBUG [main] AnnotatedColumn - Binding column: AnnotatedColumn(column='fecha_actualizacion')
2025-11-07 21:49:33 DEBUG [main] PropertyBinder - MetadataSourceProcessor property updateDate with lazy=false
2025-11-07 21:49:33 DEBUG [main] AbstractPropertyHolder - Attempting to locate auto-apply AttributeConverter for property [com.codecraft.product.domain.entity.ProductInventory:updateDate]
2025-11-07 21:49:33 DEBUG [main] BasicValueBinder - building BasicValue for updateDate
2025-11-07 21:49:33 DEBUG [main] BasicValue - Skipping column re-registration: productoinventario.fecha_actualizacion
2025-11-07 21:49:33 DEBUG [main] PropertyBinder - Building property updateDate
2025-11-07 21:49:33 DEBUG [main] ClassLoaderServiceImpl - HHH000194: Package not found or no package-info.java: com.codecraft.product.domain.entity
2025-11-07 21:49:33 DEBUG [main] EntityBinder - Binding entity from annotated class: com.codecraft.product.domain.entity.Sale
2025-11-07 21:49:33 DEBUG [main] EntityBinder - Import with entity name Sale
2025-11-07 21:49:33 DEBUG [main] EntityBinder - Bind entity com.codecraft.product.domain.entity.Sale on table venta
2025-11-07 21:49:33 DEBUG [main] AnnotatedColumn - Binding column: AnnotatedDiscriminatorColumn(column='DTYPE')
2025-11-07 21:49:33 DEBUG [main] AnnotatedColumn - Binding column: AnnotatedColumn(column='venta_id')
2025-11-07 21:49:33 DEBUG [main] ClassLoaderAccessImpl - Not known whether passed class name [com.codecraft.product.domain.entity.Sale] is safe
2025-11-07 21:49:33 DEBUG [main] ClassLoaderAccessImpl - No temp ClassLoader provided; using live ClassLoader for loading potentially unsafe class : com.codecraft.product.domain.entity.Sale
2025-11-07 21:49:33 DEBUG [main] PropertyBinder - MetadataSourceProcessor property id with lazy=false
2025-11-07 21:49:33 DEBUG [main] AbstractPropertyHolder - Attempting to locate auto-apply AttributeConverter for property [com.codecraft.product.domain.entity.Sale:id]
2025-11-07 21:49:33 DEBUG [main] BasicValueBinder - building BasicValue for id
2025-11-07 21:49:33 DEBUG [main] BasicValue - Skipping column re-registration: venta.venta_id
2025-11-07 21:49:33 DEBUG [main] PropertyBinder - Building property id
2025-11-07 21:49:33 DEBUG [main] BinderHelper - #makeIdGenerator(BasicValue([Column(venta_id)]), id, identity, , ...)
2025-11-07 21:49:33 DEBUG [main] AnnotatedColumn - Binding column: AnnotatedColumn(column='fecha')
2025-11-07 21:49:33 DEBUG [main] PropertyBinder - MetadataSourceProcessor property date with lazy=false
2025-11-07 21:49:33 DEBUG [main] AbstractPropertyHolder - Attempting to locate auto-apply AttributeConverter for property [com.codecraft.product.domain.entity.Sale:date]
2025-11-07 21:49:33 DEBUG [main] BasicValueBinder - building BasicValue for date
2025-11-07 21:49:33 DEBUG [main] BasicValue - Skipping column re-registration: venta.fecha
2025-11-07 21:49:33 DEBUG [main] PropertyBinder - Building property date
2025-11-07 21:49:33 DEBUG [main] AnnotatedColumn - Binding column: AnnotatedJoinColumn()
2025-11-07 21:49:33 DEBUG [main] AnnotatedColumn - Binding column: AnnotatedColumn()
2025-11-07 21:49:33 DEBUG [HikariPool-1:connection-adder] HikariPool - HikariPool-1 - After adding stats (total=10/10, idle=10/10, active=0, waiting=0)
2025-11-07 21:49:33 DEBUG [HikariPool-1:connection-adder] HikariPool - HikariPool-1 - Connection not added, stats (total=10/10, idle=10/10, active=0, waiting=0)
2025-11-07 21:49:33 DEBUG [main] AnnotatedColumn - Binding column: IndexColumn(column='items_ORDER')
2025-11-07 21:49:33 DEBUG [main] AnnotatedColumn - Binding column: AnnotatedColumn()
2025-11-07 21:49:33 DEBUG [main] AnnotatedColumn - Binding column: AnnotatedColumn(column='items_KEY')
2025-11-07 21:49:33 DEBUG [main] AnnotatedColumn - Binding column: AnnotatedJoinColumn(column='items_KEY')
2025-11-07 21:49:33 DEBUG [main] AnnotatedColumn - Binding column: AnnotatedJoinColumn()
2025-11-07 21:49:33 DEBUG [main] AnnotatedColumn - Binding column: AnnotatedJoinColumn()
2025-11-07 21:49:33 DEBUG [main] CollectionBinder - Collection role: com.codecraft.product.domain.entity.Sale.items
2025-11-07 21:49:33 DEBUG [main] PropertyBinder - Building property items
2025-11-07 21:49:33 DEBUG [main] AnnotatedColumn - Binding column: AnnotatedColumn(column='precio_total')
2025-11-07 21:49:33 DEBUG [main] PropertyBinder - MetadataSourceProcessor property totalPrice with lazy=false
2025-11-07 21:49:33 DEBUG [main] AbstractPropertyHolder - Attempting to locate auto-apply AttributeConverter for property [com.codecraft.product.domain.entity.Sale:totalPrice]
2025-11-07 21:49:33 DEBUG [main] BasicValueBinder - building BasicValue for totalPrice
2025-11-07 21:49:33 DEBUG [main] BasicValue - Skipping column re-registration: venta.precio_total
2025-11-07 21:49:33 DEBUG [main] PropertyBinder - Building property totalPrice
2025-11-07 21:49:33 DEBUG [main] AnnotatedColumn - Binding column: AnnotatedJoinColumn(column='usuario_id')
2025-11-07 21:49:33 DEBUG [main] AnnotatedColumn - Binding column: AnnotatedColumn()
2025-11-07 21:49:33 DEBUG [main] PropertyBinder - Building property user
2025-11-07 21:49:33 DEBUG [main] ClassLoaderServiceImpl - HHH000194: Package not found or no package-info.java: com.codecraft.product.domain.entity
2025-11-07 21:49:33 DEBUG [main] EntityBinder - Binding entity from annotated class: com.codecraft.product.domain.entity.SaleItem
2025-11-07 21:49:33 DEBUG [main] EntityBinder - Import with entity name SaleItem
2025-11-07 21:49:33 DEBUG [main] EntityBinder - Bind entity com.codecraft.product.domain.entity.SaleItem on table productoventa
2025-11-07 21:49:33 DEBUG [main] AnnotatedColumn - Binding column: AnnotatedDiscriminatorColumn(column='DTYPE')
2025-11-07 21:49:33 DEBUG [main] AnnotatedColumn - Binding column: AnnotatedColumn(column='producto_venta_id')
2025-11-07 21:49:33 DEBUG [main] ClassLoaderAccessImpl - Not known whether passed class name [com.codecraft.product.domain.entity.SaleItem] is safe
2025-11-07 21:49:33 DEBUG [main] ClassLoaderAccessImpl - No temp ClassLoader provided; using live ClassLoader for loading potentially unsafe class : com.codecraft.product.domain.entity.SaleItem
2025-11-07 21:49:33 DEBUG [main] PropertyBinder - MetadataSourceProcessor property id with lazy=false
2025-11-07 21:49:33 DEBUG [main] AbstractPropertyHolder - Attempting to locate auto-apply AttributeConverter for property [com.codecraft.product.domain.entity.SaleItem:id]
2025-11-07 21:49:33 DEBUG [main] BasicValueBinder - building BasicValue for id
2025-11-07 21:49:33 DEBUG [main] BasicValue - Skipping column re-registration: productoventa.producto_venta_id
2025-11-07 21:49:33 DEBUG [main] PropertyBinder - Building property id
2025-11-07 21:49:33 DEBUG [main] BinderHelper - #makeIdGenerator(BasicValue([Column(producto_venta_id)]), id, identity, , ...)
2025-11-07 21:49:33 DEBUG [main] AnnotatedColumn - Binding column: AnnotatedJoinColumn(column='producto_id')
2025-11-07 21:49:33 DEBUG [main] AnnotatedColumn - Binding column: AnnotatedColumn()
2025-11-07 21:49:33 DEBUG [main] PropertyBinder - Building property product
2025-11-07 21:49:33 DEBUG [main] AnnotatedColumn - Binding column: AnnotatedColumn(column='cantidad')
2025-11-07 21:49:34 DEBUG [main] PropertyBinder - MetadataSourceProcessor property quantity with lazy=false
2025-11-07 21:49:34 DEBUG [main] AbstractPropertyHolder - Attempting to locate auto-apply AttributeConverter for property [com.codecraft.product.domain.entity.SaleItem:quantity]
2025-11-07 21:49:34 DEBUG [main] BasicValueBinder - building BasicValue for quantity
2025-11-07 21:49:34 DEBUG [main] BasicValue - Skipping column re-registration: productoventa.cantidad
2025-11-07 21:49:34 DEBUG [main] PropertyBinder - Building property quantity
2025-11-07 21:49:34 DEBUG [main] AnnotatedColumn - Binding column: AnnotatedJoinColumn(column='venta_id')
2025-11-07 21:49:34 DEBUG [main] AnnotatedColumn - Binding column: AnnotatedColumn()
2025-11-07 21:49:34 DEBUG [main] PropertyBinder - Building property sale
2025-11-07 21:49:34 DEBUG [main] AnnotatedColumn - Binding column: AnnotatedColumn(column='precio_unitario')
2025-11-07 21:49:34 DEBUG [main] PropertyBinder - MetadataSourceProcessor property unitPrice with lazy=false
2025-11-07 21:49:34 DEBUG [main] AbstractPropertyHolder - Attempting to locate auto-apply AttributeConverter for property [com.codecraft.product.domain.entity.SaleItem:unitPrice]
2025-11-07 21:49:34 DEBUG [main] BasicValueBinder - building BasicValue for unitPrice
2025-11-07 21:49:34 DEBUG [main] BasicValue - Skipping column re-registration: productoventa.precio_unitario
2025-11-07 21:49:34 DEBUG [main] PropertyBinder - Building property unitPrice
2025-11-07 21:49:34 DEBUG [main] ClassLoaderServiceImpl - HHH000194: Package not found or no package-info.java: com.codecraft.product.domain.entity
2025-11-07 21:49:34 DEBUG [main] EntityBinder - Binding entity from annotated class: com.codecraft.product.domain.entity.User
2025-11-07 21:49:34 DEBUG [main] EntityBinder - Import with entity name User
2025-11-07 21:49:34 DEBUG [main] EntityBinder - Bind entity com.codecraft.product.domain.entity.User on table usuario
2025-11-07 21:49:34 DEBUG [main] AnnotatedColumn - Binding column: AnnotatedDiscriminatorColumn(column='DTYPE')
2025-11-07 21:49:34 DEBUG [main] AnnotatedColumn - Binding column: AnnotatedColumn(column='usuario_id')
2025-11-07 21:49:34 DEBUG [main] ClassLoaderAccessImpl - Not known whether passed class name [com.codecraft.product.domain.entity.User] is safe
2025-11-07 21:49:34 DEBUG [main] ClassLoaderAccessImpl - No temp ClassLoader provided; using live ClassLoader for loading potentially unsafe class : com.codecraft.product.domain.entity.User
2025-11-07 21:49:34 DEBUG [main] PropertyBinder - MetadataSourceProcessor property id with lazy=false
2025-11-07 21:49:34 DEBUG [main] AbstractPropertyHolder - Attempting to locate auto-apply AttributeConverter for property [com.codecraft.product.domain.entity.User:id]
2025-11-07 21:49:34 DEBUG [main] BasicValueBinder - building BasicValue for id
2025-11-07 21:49:34 DEBUG [main] BasicValue - Skipping column re-registration: usuario.usuario_id
2025-11-07 21:49:34 DEBUG [main] PropertyBinder - Building property id
2025-11-07 21:49:34 DEBUG [main] BinderHelper - #makeIdGenerator(BasicValue([Column(usuario_id)]), id, identity, , ...)
2025-11-07 21:49:34 DEBUG [main] AnnotatedColumn - Binding column: AnnotatedColumn(column='fecha_nacimiento')
2025-11-07 21:49:34 DEBUG [main] PropertyBinder - MetadataSourceProcessor property dateOfBirth with lazy=false
2025-11-07 21:49:34 DEBUG [main] AbstractPropertyHolder - Attempting to locate auto-apply AttributeConverter for property [com.codecraft.product.domain.entity.User:dateOfBirth]
2025-11-07 21:49:34 DEBUG [main] BasicValueBinder - building BasicValue for dateOfBirth
2025-11-07 21:49:34 DEBUG [main] BasicValue - Skipping column re-registration: usuario.fecha_nacimiento
2025-11-07 21:49:34 DEBUG [main] PropertyBinder - Building property dateOfBirth
2025-11-07 21:49:34 DEBUG [main] AnnotatedColumn - Binding column: AnnotatedColumn(column='primer_nombre')
2025-11-07 21:49:34 DEBUG [main] PropertyBinder - MetadataSourceProcessor property firstName with lazy=false
2025-11-07 21:49:34 DEBUG [main] AbstractPropertyHolder - Attempting to locate auto-apply AttributeConverter for property [com.codecraft.product.domain.entity.User:firstName]
2025-11-07 21:49:34 DEBUG [main] BasicValueBinder - building BasicValue for firstName
2025-11-07 21:49:34 DEBUG [main] BasicValue - Skipping column re-registration: usuario.primer_nombre
2025-11-07 21:49:34 DEBUG [main] PropertyBinder - Building property firstName
2025-11-07 21:49:34 DEBUG [main] AnnotatedColumn - Binding column: AnnotatedColumn(column='genero')
2025-11-07 21:49:34 DEBUG [main] PropertyBinder - MetadataSourceProcessor property gender with lazy=false
2025-11-07 21:49:34 DEBUG [main] AbstractPropertyHolder - Attempting to locate auto-apply AttributeConverter for property [com.codecraft.product.domain.entity.User:gender]
2025-11-07 21:49:34 DEBUG [main] BasicValueBinder - building BasicValue for gender
2025-11-07 21:49:34 DEBUG [main] BasicValue - Skipping column re-registration: usuario.genero
2025-11-07 21:49:34 DEBUG [main] PropertyBinder - Building property gender
2025-11-07 21:49:34 DEBUG [main] AnnotatedColumn - Binding column: AnnotatedColumn(column='apellido_paterno')
2025-11-07 21:49:34 DEBUG [main] PropertyBinder - MetadataSourceProcessor property lastName with lazy=false
2025-11-07 21:49:34 DEBUG [main] AbstractPropertyHolder - Attempting to locate auto-apply AttributeConverter for property [com.codecraft.product.domain.entity.User:lastName]
2025-11-07 21:49:34 DEBUG [main] BasicValueBinder - building BasicValue for lastName
2025-11-07 21:49:34 DEBUG [main] BasicValue - Skipping column re-registration: usuario.apellido_paterno
2025-11-07 21:49:34 DEBUG [main] PropertyBinder - Building property lastName
2025-11-07 21:49:34 DEBUG [main] AnnotatedColumn - Binding column: AnnotatedColumn(column='apellido_materno')
2025-11-07 21:49:34 DEBUG [main] PropertyBinder - MetadataSourceProcessor property middleName with lazy=false
2025-11-07 21:49:34 DEBUG [main] AbstractPropertyHolder - Attempting to locate auto-apply AttributeConverter for property [com.codecraft.product.domain.entity.User:middleName]
2025-11-07 21:49:34 DEBUG [main] BasicValueBinder - building BasicValue for middleName
2025-11-07 21:49:34 DEBUG [main] BasicValue - Skipping column re-registration: usuario.apellido_materno
2025-11-07 21:49:34 DEBUG [main] PropertyBinder - Building property middleName
2025-11-07 21:49:34 DEBUG [main] AnnotatedColumn - Binding column: AnnotatedColumn(column='contrasenia')
2025-11-07 21:49:34 DEBUG [main] PropertyBinder - MetadataSourceProcessor property password with lazy=false
2025-11-07 21:49:34 DEBUG [main] AbstractPropertyHolder - Attempting to locate auto-apply AttributeConverter for property [com.codecraft.product.domain.entity.User:password]
2025-11-07 21:49:34 DEBUG [main] BasicValueBinder - building BasicValue for password
2025-11-07 21:49:34 DEBUG [main] BasicValue - Skipping column re-registration: usuario.contrasenia
2025-11-07 21:49:34 DEBUG [main] PropertyBinder - Building property password
2025-11-07 21:49:34 DEBUG [main] AnnotatedColumn - Binding column: AnnotatedColumn(column='fecha_registro')
2025-11-07 21:49:34 DEBUG [main] PropertyBinder - MetadataSourceProcessor property registerDate with lazy=false
2025-11-07 21:49:34 DEBUG [main] AbstractPropertyHolder - Attempting to locate auto-apply AttributeConverter for property [com.codecraft.product.domain.entity.User:registerDate]
2025-11-07 21:49:34 DEBUG [main] BasicValueBinder - building BasicValue for registerDate
2025-11-07 21:49:34 DEBUG [main] BasicValue - Skipping column re-registration: usuario.fecha_registro
2025-11-07 21:49:34 DEBUG [main] PropertyBinder - Building property registerDate
2025-11-07 21:49:34 DEBUG [main] AnnotatedColumn - Binding column: AnnotatedColumn(column='estado_nacimiento')
2025-11-07 21:49:34 DEBUG [main] PropertyBinder - MetadataSourceProcessor property stateOfBirth with lazy=false
2025-11-07 21:49:34 DEBUG [main] AbstractPropertyHolder - Attempting to locate auto-apply AttributeConverter for property [com.codecraft.product.domain.entity.User:stateOfBirth]
2025-11-07 21:49:34 DEBUG [main] BasicValueBinder - building BasicValue for stateOfBirth
2025-11-07 21:49:34 DEBUG [main] BasicValue - Skipping column re-registration: usuario.estado_nacimiento
2025-11-07 21:49:34 DEBUG [main] PropertyBinder - Building property stateOfBirth
2025-11-07 21:49:34 DEBUG [main] AnnotatedColumn - Binding column: AnnotatedColumn(column='fecha_actualizacion')
2025-11-07 21:49:34 DEBUG [main] PropertyBinder - MetadataSourceProcessor property updateDate with lazy=false
2025-11-07 21:49:34 DEBUG [main] AbstractPropertyHolder - Attempting to locate auto-apply AttributeConverter for property [com.codecraft.product.domain.entity.User:updateDate]
2025-11-07 21:49:34 DEBUG [main] BasicValueBinder - building BasicValue for updateDate
2025-11-07 21:49:34 DEBUG [main] BasicValue - Skipping column re-registration: usuario.fecha_actualizacion
2025-11-07 21:49:34 DEBUG [main] PropertyBinder - Building property updateDate
2025-11-07 21:49:34 DEBUG [main] AnnotatedColumn - Binding column: AnnotatedColumn(column='nombre_usuario')
2025-11-07 21:49:34 DEBUG [main] PropertyBinder - MetadataSourceProcessor property userName with lazy=false
2025-11-07 21:49:34 DEBUG [main] AbstractPropertyHolder - Attempting to locate auto-apply AttributeConverter for property [com.codecraft.product.domain.entity.User:userName]
2025-11-07 21:49:34 DEBUG [main] BasicValueBinder - building BasicValue for userName
2025-11-07 21:49:34 DEBUG [main] BasicValue - Skipping column re-registration: usuario.nombre_usuario
2025-11-07 21:49:34 DEBUG [main] PropertyBinder - Building property userName
2025-11-07 21:49:34 DEBUG [main] ClassLoaderServiceImpl - HHH000194: Package not found or no package-info.java: com.codecraft.product.domain.entity
2025-11-07 21:49:34 DEBUG [main] EntityBinder - Binding entity from annotated class: com.codecraft.product.domain.entity.UserPasswordAudit
2025-11-07 21:49:34 DEBUG [main] EntityBinder - Import with entity name UserPasswordAudit
2025-11-07 21:49:34 DEBUG [main] EntityBinder - Bind entity com.codecraft.product.domain.entity.UserPasswordAudit on table usuario_auditoria
2025-11-07 21:49:34 DEBUG [main] AnnotatedColumn - Binding column: AnnotatedDiscriminatorColumn(column='DTYPE')
2025-11-07 21:49:34 DEBUG [main] AnnotatedColumn - Binding column: AnnotatedColumn(column='auditoria_id')
2025-11-07 21:49:34 DEBUG [main] ClassLoaderAccessImpl - Not known whether passed class name [com.codecraft.product.domain.entity.UserPasswordAudit] is safe
2025-11-07 21:49:34 DEBUG [main] ClassLoaderAccessImpl - No temp ClassLoader provided; using live ClassLoader for loading potentially unsafe class : com.codecraft.product.domain.entity.UserPasswordAudit
2025-11-07 21:49:34 DEBUG [main] PropertyBinder - MetadataSourceProcessor property auditId with lazy=false
2025-11-07 21:49:34 DEBUG [main] AbstractPropertyHolder - Attempting to locate auto-apply AttributeConverter for property [com.codecraft.product.domain.entity.UserPasswordAudit:auditId]
2025-11-07 21:49:34 DEBUG [main] BasicValueBinder - building BasicValue for auditId
2025-11-07 21:49:34 DEBUG [main] BasicValue - Skipping column re-registration: usuario_auditoria.auditoria_id
2025-11-07 21:49:34 DEBUG [main] PropertyBinder - Building property auditId
2025-11-07 21:49:34 DEBUG [main] BinderHelper - #makeIdGenerator(BasicValue([Column(auditoria_id)]), auditId, identity, , ...)
2025-11-07 21:49:34 DEBUG [main] AnnotatedColumn - Binding column: AnnotatedColumn(column='fecha_cambio')
2025-11-07 21:49:34 DEBUG [main] PropertyBinder - MetadataSourceProcessor property changedAt with lazy=false
2025-11-07 21:49:34 DEBUG [main] AbstractPropertyHolder - Attempting to locate auto-apply AttributeConverter for property [com.codecraft.product.domain.entity.UserPasswordAudit:changedAt]
2025-11-07 21:49:34 DEBUG [main] BasicValueBinder - building BasicValue for changedAt
2025-11-07 21:49:34 DEBUG [main] BasicValue - Skipping column re-registration: usuario_auditoria.fecha_cambio
2025-11-07 21:49:34 DEBUG [main] PropertyBinder - Building property changedAt
2025-11-07 21:49:34 DEBUG [main] AnnotatedColumn - Binding column: AnnotatedColumn(column='contrasenia_nueva')
2025-11-07 21:49:34 DEBUG [main] PropertyBinder - MetadataSourceProcessor property newPassword with lazy=false
2025-11-07 21:49:34 DEBUG [main] AbstractPropertyHolder - Attempting to locate auto-apply AttributeConverter for property [com.codecraft.product.domain.entity.UserPasswordAudit:newPassword]
2025-11-07 21:49:34 DEBUG [main] BasicValueBinder - building BasicValue for newPassword
2025-11-07 21:49:34 DEBUG [main] BasicValue - Skipping column re-registration: usuario_auditoria.contrasenia_nueva
2025-11-07 21:49:34 DEBUG [main] PropertyBinder - Building property newPassword
2025-11-07 21:49:34 DEBUG [main] AnnotatedColumn - Binding column: AnnotatedColumn(column='contrasenia_anterior')
2025-11-07 21:49:34 DEBUG [main] PropertyBinder - MetadataSourceProcessor property oldPassword with lazy=false
2025-11-07 21:49:34 DEBUG [main] AbstractPropertyHolder - Attempting to locate auto-apply AttributeConverter for property [com.codecraft.product.domain.entity.UserPasswordAudit:oldPassword]
2025-11-07 21:49:34 DEBUG [main] BasicValueBinder - building BasicValue for oldPassword
2025-11-07 21:49:34 DEBUG [main] BasicValue - Skipping column re-registration: usuario_auditoria.contrasenia_anterior
2025-11-07 21:49:34 DEBUG [main] PropertyBinder - Building property oldPassword
2025-11-07 21:49:34 DEBUG [main] AnnotatedColumn - Binding column: AnnotatedColumn(column='usario_id')
2025-11-07 21:49:34 DEBUG [main] PropertyBinder - MetadataSourceProcessor property userId with lazy=false
2025-11-07 21:49:34 DEBUG [main] AbstractPropertyHolder - Attempting to locate auto-apply AttributeConverter for property [com.codecraft.product.domain.entity.UserPasswordAudit:userId]
2025-11-07 21:49:34 DEBUG [main] BasicValueBinder - building BasicValue for userId
2025-11-07 21:49:34 DEBUG [main] BasicValue - Skipping column re-registration: usuario_auditoria.usario_id
2025-11-07 21:49:34 DEBUG [main] PropertyBinder - Building property userId
2025-11-07 21:49:34 DEBUG [main] ClassLoaderServiceImpl - HHH000194: Package not found or no package-info.java: com.codecraft.product.domain.entity
2025-11-07 21:49:34 DEBUG [main] BasicValueBinder - Starting `BasicValueBinder#fillSimpleValue` for id
2025-11-07 21:49:34 DEBUG [main] BasicValueBinder - Starting `BasicValueBinder#fillSimpleValue` for active
2025-11-07 21:49:34 DEBUG [main] BasicValueBinder - Starting `BasicValueBinder#fillSimpleValue` for description
2025-11-07 21:49:34 DEBUG [main] BasicValueBinder - Starting `BasicValueBinder#fillSimpleValue` for name
2025-11-07 21:49:34 DEBUG [main] BasicValueBinder - Starting `BasicValueBinder#fillSimpleValue` for price
2025-11-07 21:49:34 DEBUG [main] BasicValueBinder - Starting `BasicValueBinder#fillSimpleValue` for registerDate
2025-11-07 21:49:34 DEBUG [main] BasicValueBinder - Starting `BasicValueBinder#fillSimpleValue` for updateDate
2025-11-07 21:49:34 DEBUG [main] BasicValueBinder - Starting `BasicValueBinder#fillSimpleValue` for id
2025-11-07 21:49:34 DEBUG [main] BasicValueBinder - Starting `BasicValueBinder#fillSimpleValue` for quantity
2025-11-07 21:49:34 DEBUG [main] BasicValueBinder - Starting `BasicValueBinder#fillSimpleValue` for registerDate
2025-11-07 21:49:34 DEBUG [main] BasicValueBinder - Starting `BasicValueBinder#fillSimpleValue` for updateDate
2025-11-07 21:49:34 DEBUG [main] BasicValueBinder - Starting `BasicValueBinder#fillSimpleValue` for id
2025-11-07 21:49:34 DEBUG [main] BasicValueBinder - Starting `BasicValueBinder#fillSimpleValue` for date
2025-11-07 21:49:34 DEBUG [main] BasicValueBinder - Starting `BasicValueBinder#fillSimpleValue` for totalPrice
2025-11-07 21:49:34 DEBUG [main] BasicValueBinder - Starting `BasicValueBinder#fillSimpleValue` for id
2025-11-07 21:49:34 DEBUG [main] BasicValueBinder - Starting `BasicValueBinder#fillSimpleValue` for quantity
2025-11-07 21:49:34 DEBUG [main] BasicValueBinder - Starting `BasicValueBinder#fillSimpleValue` for unitPrice
2025-11-07 21:49:34 DEBUG [main] BasicValueBinder - Starting `BasicValueBinder#fillSimpleValue` for id
2025-11-07 21:49:34 DEBUG [main] BasicValueBinder - Starting `BasicValueBinder#fillSimpleValue` for dateOfBirth
2025-11-07 21:49:34 DEBUG [main] BasicValueBinder - Starting `BasicValueBinder#fillSimpleValue` for firstName
2025-11-07 21:49:34 DEBUG [main] BasicValueBinder - Starting `BasicValueBinder#fillSimpleValue` for gender
2025-11-07 21:49:34 DEBUG [main] BasicValueBinder - Starting `BasicValueBinder#fillSimpleValue` for lastName
2025-11-07 21:49:34 DEBUG [main] BasicValueBinder - Starting `BasicValueBinder#fillSimpleValue` for middleName
2025-11-07 21:49:34 DEBUG [main] BasicValueBinder - Starting `BasicValueBinder#fillSimpleValue` for password
2025-11-07 21:49:34 DEBUG [main] BasicValueBinder - Starting `BasicValueBinder#fillSimpleValue` for registerDate
2025-11-07 21:49:34 DEBUG [main] BasicValueBinder - Starting `BasicValueBinder#fillSimpleValue` for stateOfBirth
2025-11-07 21:49:34 DEBUG [main] BasicValueBinder - Starting `BasicValueBinder#fillSimpleValue` for updateDate
2025-11-07 21:49:34 DEBUG [main] BasicValueBinder - Starting `BasicValueBinder#fillSimpleValue` for userName
2025-11-07 21:49:34 DEBUG [main] BasicValueBinder - Starting `BasicValueBinder#fillSimpleValue` for auditId
2025-11-07 21:49:34 DEBUG [main] BasicValueBinder - Starting `BasicValueBinder#fillSimpleValue` for changedAt
2025-11-07 21:49:34 DEBUG [main] BasicValueBinder - Starting `BasicValueBinder#fillSimpleValue` for newPassword
2025-11-07 21:49:34 DEBUG [main] BasicValueBinder - Starting `BasicValueBinder#fillSimpleValue` for oldPassword
2025-11-07 21:49:34 DEBUG [main] BasicValueBinder - Starting `BasicValueBinder#fillSimpleValue` for userId
2025-11-07 21:49:34 DEBUG [main] PrimaryKey - Forcing column [producto_id] to be non-null as it is part of the primary key for table [producto]
2025-11-07 21:49:34 DEBUG [main] PrimaryKey - Forcing column [producto_inventario_id] to be non-null as it is part of the primary key for table [productoinventario]
2025-11-07 21:49:34 DEBUG [main] PrimaryKey - Forcing column [venta_id] to be non-null as it is part of the primary key for table [venta]
2025-11-07 21:49:34 DEBUG [main] PrimaryKey - Forcing column [producto_venta_id] to be non-null as it is part of the primary key for table [productoventa]
2025-11-07 21:49:34 DEBUG [main] PrimaryKey - Forcing column [usuario_id] to be non-null as it is part of the primary key for table [usuario]
2025-11-07 21:49:34 DEBUG [main] PrimaryKey - Forcing column [auditoria_id] to be non-null as it is part of the primary key for table [usuario_auditoria]
2025-11-07 21:49:34 DEBUG [main] CollectionSecondPass - Second pass for collection: com.codecraft.product.domain.entity.Sale.items
2025-11-07 21:49:34 DEBUG [main] CollectionBinder - Binding a OneToMany: com.codecraft.product.domain.entity.Sale.items through a foreign key
2025-11-07 21:49:34 DEBUG [main] CollectionBinder - Mapping collection: com.codecraft.product.domain.entity.Sale.items -> productoventa
2025-11-07 21:49:34 DEBUG [main] TableBinder - Retrieving property com.codecraft.product.domain.entity.SaleItem.sale
2025-11-07 21:49:34 DEBUG [main] CollectionSecondPass - Mapped collection key: venta_id, one-to-many: com.codecraft.product.domain.entity.SaleItem
2025-11-07 21:49:34 DEBUG [main] SessionFactoryImpl - Building session factory
2025-11-07 21:49:34 DEBUG [main] SessionFactoryServiceRegistryImpl - EventListenerRegistry access via ServiceRegistry is deprecated.  Use `sessionFactory.getEventEngine().getListenerRegistry()` instead
2025-11-07 21:49:34 DEBUG [main] SessionFactoryImpl - Instantiating SessionFactory with settings: {hibernate.format_sql=true, java.specification.version=17, sun.cpu.isalist=amd64, hibernate.resource.beans.container=org.springframework.orm.hibernate5.SpringBeanContainer@35451ba6, hibernate.connection.handling_mode=DELAYED_ACQUISITION_AND_HOLD, sun.jnu.encoding=Cp1252, hibernate.implicit_naming_strategy=org.springframework.boot.orm.jpa.hibernate.SpringImplicitNamingStrategy, java.class.path=C:\Users\LENOVO\Documents\Github\product\target\classes;C:\Users\LENOVO\.m2\repository\org\springframework\boot\spring-boot-starter-data-jpa\3.5.6\spring-boot-starter-data-jpa-3.5.6.jar;C:\Users\LENOVO\.m2\repository\org\springframework\boot\spring-boot-starter\3.5.6\spring-boot-starter-3.5.6.jar;C:\Users\LENOVO\.m2\repository\org\springframework\boot\spring-boot\3.5.6\spring-boot-3.5.6.jar;C:\Users\LENOVO\.m2\repository\org\springframework\boot\spring-boot-autoconfigure\3.5.6\spring-boot-autoconfigure-3.5.6.jar;C:\Users\LENOVO\.m2\repository\jakarta\annotation\jakarta.annotation-api\2.1.1\jakarta.annotation-api-2.1.1.jar;C:\Users\LENOVO\.m2\repository\org\yaml\snakeyaml\2.4\snakeyaml-2.4.jar;C:\Users\LENOVO\.m2\repository\org\springframework\boot\spring-boot-starter-jdbc\3.5.6\spring-boot-starter-jdbc-3.5.6.jar;C:\Users\LENOVO\.m2\repository\com\zaxxer\HikariCP\6.3.3\HikariCP-6.3.3.jar;C:\Users\LENOVO\.m2\repository\org\springframework\spring-jdbc\6.2.11\spring-jdbc-6.2.11.jar;C:\Users\LENOVO\.m2\repository\org\hibernate\orm\hibernate-core\6.6.29.Final\hibernate-core-6.6.29.Final.jar;C:\Users\LENOVO\.m2\repository\jakarta\persistence\jakarta.persistence-api\3.1.0\jakarta.persistence-api-3.1.0.jar;C:\Users\LENOVO\.m2\repository\jakarta\transaction\jakarta.transaction-api\2.0.1\jakarta.transaction-api-2.0.1.jar;C:\Users\LENOVO\.m2\repository\org\hibernate\common\hibernate-commons-annotations\7.0.3.Final\hibernate-commons-annotations-7.0.3.Final.jar;C:\Users\LENOVO\.m2\repository\io\smallrye\jandex\3.2.0\jandex-3.2.0.jar;C:\Users\LENOVO\.m2\repository\net\bytebuddy\byte-buddy\1.17.7\byte-buddy-1.17.7.jar;C:\Users\LENOVO\.m2\repository\org\glassfish\jaxb\jaxb-runtime\4.0.5\jaxb-runtime-4.0.5.jar;C:\Users\LENOVO\.m2\repository\org\glassfish\jaxb\jaxb-core\4.0.5\jaxb-core-4.0.5.jar;C:\Users\LENOVO\.m2\repository\org\eclipse\angus\angus-activation\2.0.2\angus-activation-2.0.2.jar;C:\Users\LENOVO\.m2\repository\org\glassfish\jaxb\txw2\4.0.5\txw2-4.0.5.jar;C:\Users\LENOVO\.m2\repository\com\sun\istack\istack-commons-runtime\4.1.2\istack-commons-runtime-4.1.2.jar;C:\Users\LENOVO\.m2\repository\jakarta\inject\jakarta.inject-api\2.0.1\jakarta.inject-api-2.0.1.jar;C:\Users\LENOVO\.m2\repository\org\antlr\antlr4-runtime\4.13.0\antlr4-runtime-4.13.0.jar;C:\Users\LENOVO\.m2\repository\org\springframework\data\spring-data-jpa\3.5.4\spring-data-jpa-3.5.4.jar;C:\Users\LENOVO\.m2\repository\org\springframework\data\spring-data-commons\3.5.4\spring-data-commons-3.5.4.jar;C:\Users\LENOVO\.m2\repository\org\springframework\spring-orm\6.2.11\spring-orm-6.2.11.jar;C:\Users\LENOVO\.m2\repository\org\springframework\spring-context\6.2.11\spring-context-6.2.11.jar;C:\Users\LENOVO\.m2\repository\org\springframework\spring-tx\6.2.11\spring-tx-6.2.11.jar;C:\Users\LENOVO\.m2\repository\org\springframework\spring-beans\6.2.11\spring-beans-6.2.11.jar;C:\Users\LENOVO\.m2\repository\org\springframework\spring-aspects\6.2.11\spring-aspects-6.2.11.jar;C:\Users\LENOVO\.m2\repository\org\aspectj\aspectjweaver\1.9.24\aspectjweaver-1.9.24.jar;C:\Users\LENOVO\.m2\repository\org\springframework\boot\spring-boot-starter-web\3.5.6\spring-boot-starter-web-3.5.6.jar;C:\Users\LENOVO\.m2\repository\org\springframework\boot\spring-boot-starter-json\3.5.6\spring-boot-starter-json-3.5.6.jar;C:\Users\LENOVO\.m2\repository\com\fasterxml\jackson\datatype\jackson-datatype-jdk8\2.19.2\jackson-datatype-jdk8-2.19.2.jar;C:\Users\LENOVO\.m2\repository\com\fasterxml\jackson\datatype\jackson-datatype-jsr310\2.19.2\jackson-datatype-jsr310-2.19.2.jar;C:\Users\LENOVO\.m2\repository\com\fasterxml\jackson\module\jackson-module-parameter-names\2.19.2\jackson-module-parameter-names-2.19.2.jar;C:\Users\LENOVO\.m2\repository\org\springframework\boot\spring-boot-starter-tomcat\3.5.6\spring-boot-starter-tomcat-3.5.6.jar;C:\Users\LENOVO\.m2\repository\org\apache\tomcat\embed\tomcat-embed-core\10.1.46\tomcat-embed-core-10.1.46.jar;C:\Users\LENOVO\.m2\repository\org\apache\tomcat\embed\tomcat-embed-el\10.1.46\tomcat-embed-el-10.1.46.jar;C:\Users\LENOVO\.m2\repository\org\apache\tomcat\embed\tomcat-embed-websocket\10.1.46\tomcat-embed-websocket-10.1.46.jar;C:\Users\LENOVO\.m2\repository\org\springframework\spring-web\6.2.11\spring-web-6.2.11.jar;C:\Users\LENOVO\.m2\repository\io\micrometer\micrometer-observation\1.15.4\micrometer-observation-1.15.4.jar;C:\Users\LENOVO\.m2\repository\io\micrometer\micrometer-commons\1.15.4\micrometer-commons-1.15.4.jar;C:\Users\LENOVO\.m2\repository\org\springframework\spring-webmvc\6.2.11\spring-webmvc-6.2.11.jar;C:\Users\LENOVO\.m2\repository\org\springframework\spring-expression\6.2.11\spring-expression-6.2.11.jar;C:\Users\LENOVO\.m2\repository\org\projectlombok\lombok\1.18.40\lombok-1.18.40.jar;C:\Users\LENOVO\.m2\repository\jakarta\xml\bind\jakarta.xml.bind-api\4.0.2\jakarta.xml.bind-api-4.0.2.jar;C:\Users\LENOVO\.m2\repository\jakarta\activation\jakarta.activation-api\2.1.4\jakarta.activation-api-2.1.4.jar;C:\Users\LENOVO\.m2\repository\org\springframework\spring-core\6.2.11\spring-core-6.2.11.jar;C:\Users\LENOVO\.m2\repository\org\springframework\spring-jcl\6.2.11\spring-jcl-6.2.11.jar;C:\Users\LENOVO\.m2\repository\com\mysql\mysql-connector-j\8.3.0\mysql-connector-j-8.3.0.jar;C:\Users\LENOVO\.m2\repository\org\apache\logging\log4j\log4j-core\2.20.0\log4j-core-2.20.0.jar;C:\Users\LENOVO\.m2\repository\org\apache\logging\log4j\log4j-api\2.20.0\log4j-api-2.20.0.jar;C:\Users\LENOVO\.m2\repository\org\apache\logging\log4j\log4j-slf4j2-impl\2.20.0\log4j-slf4j2-impl-2.20.0.jar;C:\Users\LENOVO\.m2\repository\org\slf4j\slf4j-api\2.0.17\slf4j-api-2.0.17.jar;C:\Users\LENOVO\.m2\repository\org\springdoc\springdoc-openapi-starter-webmvc-ui\2.7.0\springdoc-openapi-starter-webmvc-ui-2.7.0.jar;C:\Users\LENOVO\.m2\repository\org\springdoc\springdoc-openapi-starter-webmvc-api\2.7.0\springdoc-openapi-starter-webmvc-api-2.7.0.jar;C:\Users\LENOVO\.m2\repository\org\springdoc\springdoc-openapi-starter-common\2.7.0\springdoc-openapi-starter-common-2.7.0.jar;C:\Users\LENOVO\.m2\repository\io\swagger\core\v3\swagger-core-jakarta\2.2.25\swagger-core-jakarta-2.2.25.jar;C:\Users\LENOVO\.m2\repository\org\apache\commons\commons-lang3\3.17.0\commons-lang3-3.17.0.jar;C:\Users\LENOVO\.m2\repository\io\swagger\core\v3\swagger-annotations-jakarta\2.2.25\swagger-annotations-jakarta-2.2.25.jar;C:\Users\LENOVO\.m2\repository\io\swagger\core\v3\swagger-models-jakarta\2.2.25\swagger-models-jakarta-2.2.25.jar;C:\Users\LENOVO\.m2\repository\com\fasterxml\jackson\dataformat\jackson-dataformat-yaml\2.19.2\jackson-dataformat-yaml-2.19.2.jar;C:\Users\LENOVO\.m2\repository\org\webjars\swagger-ui\5.18.2\swagger-ui-5.18.2.jar;C:\Users\LENOVO\.m2\repository\org\webjars\webjars-locator-lite\1.1.0\webjars-locator-lite-1.1.0.jar;C:\Users\LENOVO\.m2\repository\org\jspecify\jspecify\1.0.0\jspecify-1.0.0.jar;C:\Users\LENOVO\.m2\repository\org\hibernate\validator\hibernate-validator\8.0.1.Final\hibernate-validator-8.0.1.Final.jar;C:\Users\LENOVO\.m2\repository\jakarta\validation\jakarta.validation-api\3.0.2\jakarta.validation-api-3.0.2.jar;C:\Users\LENOVO\.m2\repository\org\jboss\logging\jboss-logging\3.6.1.Final\jboss-logging-3.6.1.Final.jar;C:\Users\LENOVO\.m2\repository\com\fasterxml\classmate\1.7.0\classmate-1.7.0.jar;C:\Users\LENOVO\.m2\repository\org\springframework\boot\spring-boot-starter-security\3.5.6\spring-boot-starter-security-3.5.6.jar;C:\Users\LENOVO\.m2\repository\org\springframework\spring-aop\6.2.11\spring-aop-6.2.11.jar;C:\Users\LENOVO\.m2\repository\org\springframework\security\spring-security-config\6.5.5\spring-security-config-6.5.5.jar;C:\Users\LENOVO\.m2\repository\org\springframework\security\spring-security-core\6.5.5\spring-security-core-6.5.5.jar;C:\Users\LENOVO\.m2\repository\org\springframework\security\spring-security-crypto\6.5.5\spring-security-crypto-6.5.5.jar;C:\Users\LENOVO\.m2\repository\org\springframework\security\spring-security-web\6.5.5\spring-security-web-6.5.5.jar;C:\Users\LENOVO\.m2\repository\io\jsonwebtoken\jjwt-api\0.12.3\jjwt-api-0.12.3.jar;C:\Users\LENOVO\.m2\repository\io\jsonwebtoken\jjwt-impl\0.12.3\jjwt-impl-0.12.3.jar;C:\Users\LENOVO\.m2\repository\io\jsonwebtoken\jjwt-jackson\0.12.3\jjwt-jackson-0.12.3.jar;C:\Users\LENOVO\.m2\repository\com\fasterxml\jackson\core\jackson-databind\2.19.2\jackson-databind-2.19.2.jar;C:\Users\LENOVO\.m2\repository\com\fasterxml\jackson\core\jackson-annotations\2.19.2\jackson-annotations-2.19.2.jar;C:\Users\LENOVO\.m2\repository\com\fasterxml\jackson\core\jackson-core\2.19.2\jackson-core-2.19.2.jar;C:\Program Files\JetBrains\IntelliJ IDEA Community Edition 2025.2.3\lib\idea_rt.jar, kotlinx.coroutines.debug.enable.mutable.state.flows.stack.trace=true, java.vm.vendor=Oracle Corporation, sun.arch.data.model=64, user.variant=, java.vendor.url=https://java.oracle.com/, catalina.useNaming=false, user.timezone=America/Mexico_City, jakarta.persistence.sharedCache.mode=UNSPECIFIED, java.vm.specification.version=17, os.name=Windows 10, APPLICATION_NAME=product, jakarta.persistence.nonJtaDataSource=HikariDataSource (HikariPool-1), sun.java.launcher=SUN_STANDARD, user.country=MX, sun.boot.library.path=C:\Program Files\Java\jdk-17\bin, sun.java.command=com.codecraft.product.ProductApplication, javax.persistence.nonJtaDataSource=HikariDataSource (HikariPool-1), hibernate.transaction.jta.platform=org.hibernate.engine.transaction.jta.platform.internal.NoJtaPlatform@21d48c40, jdk.debug=release, sun.cpu.endian=little, hibernate.cdi.extensions=true, user.home=C:\Users\LENOVO, user.language=es, java.specification.vendor=Oracle Corporation, java.version.date=2024-07-16, java.home=C:\Program Files\Java\jdk-17, file.separator=\, java.vm.compressedOopsMode=Zero based, line.separator=
, hibernate.persistenceUnitName=default, java.vm.specification.vendor=Oracle Corporation, java.specification.name=Java Platform API Specification, intellij.debug.agent=true, FILE_LOG_CHARSET=UTF-8, hibernate.transaction.coordinator_class=class org.hibernate.resource.transaction.backend.jdbc.internal.JdbcResourceLocalTransactionCoordinatorBuilderImpl, java.awt.headless=true, jakarta.persistence.validation.mode=AUTO, hibernate.hbm2ddl.auto=update, user.script=, sun.management.compiler=HotSpot 64-Bit Tiered Compilers, java.runtime.version=17.0.12+8-LTS-286, user.name=LENOVO, path.separator=;, kotlinx.coroutines.debug.enable.creation.stack.trace=false, os.version=10.0, java.runtime.name=Java(TM) SE Runtime Environment, file.encoding=UTF-8, java.vm.name=Java HotSpot(TM) 64-Bit Server VM, hibernate.show_sql=true, java.vendor.url.bug=https://bugreport.java.com/bugreport/, java.io.tmpdir=C:\Users\LENOVO\AppData\Local\Temp\, catalina.home=C:\Users\LENOVO\AppData\Local\Temp\tomcat.8080.3492187943039276869, java.version=17.0.12, jboss.modules.system.pkgs=com.intellij.rt, hibernate.physical_naming_strategy=org.hibernate.boot.model.naming.CamelCaseToUnderscoresNamingStrategy, user.dir=C:\Users\LENOVO\Documents\Github\product, os.arch=amd64, java.vm.specification.name=Java Virtual Machine Specification, PID=21904, sun.os.patch.level=, CONSOLE_LOG_CHARSET=UTF-8, catalina.base=C:\Users\LENOVO\AppData\Local\Temp\tomcat.8080.3492187943039276869, hibernate.boot.CfgXmlAccessService.key=org.hibernate.boot.registry.StandardServiceRegistryBuilder$1@4a10c019, native.encoding=Cp1252, kotlinx.coroutines.debug.enable.flows.stack.trace=true, java.library.path=C:\Program Files\Java\jdk-17\bin;C:\Windows\Sun\Java\bin;C:\Windows\system32;C:\Windows;C:\Program Files\Common Files\Oracle\Java\javapath;C:\Windows\system32;C:\Windows;C:\Windows\System32\Wbem;C:\Windows\System32\WindowsPowerShell\v1.0\;C:\Windows\System32\OpenSSH\;C:\Users\LENOVO\scoop\apps\maven\current\bin;C:\Users\LENOVO\scoop\shims;C:\Users\LENOVO\AppData\Local\Microsoft\WindowsApps;C:\Program Files\Java\jdk-17\bin;C:\Users\LENOVO\AppData\Local\Programs\Microsoft VS Code\bin;., java.vendor=Oracle Corporation, java.vm.info=mixed mode, sharing, java.vm.version=17.0.12+8-LTS-286, sun.io.unicode.encoding=UnicodeLittle, hibernate.archive.scanner=org.hibernate.boot.archive.scan.internal.DisabledScanner, hibernate.connection.datasource=HikariDataSource (HikariPool-1), debugger.agent.enable.coroutines=true, java.class.version=61.0, LOGGED_APPLICATION_NAME=[product] }
2025-11-07 21:49:34 DEBUG [main] SessionFactoryImpl - Session factory constructed with filter configurations : {}
2025-11-07 21:49:34 DEBUG [main] ValidationXmlParser - Trying to load META-INF/validation.xml for XML based Validator configuration.
2025-11-07 21:49:34 DEBUG [main] ResourceLoaderHelper - Trying to load META-INF/validation.xml via TCCL
2025-11-07 21:49:34 DEBUG [main] ResourceLoaderHelper - Trying to load META-INF/validation.xml via Hibernate Validator's class loader
2025-11-07 21:49:34 DEBUG [main] ValidationXmlParser - No META-INF/validation.xml found. Using annotation based configuration only.
2025-11-07 21:49:34 DEBUG [main] TraversableResolvers - Found jakarta.persistence.Persistence on classpath containing 'getPersistenceUtil'. Assuming JPA 2 environment. Trying to instantiate JPA aware TraversableResolver
2025-11-07 21:49:34 DEBUG [main] TraversableResolvers - Instantiated JPA aware TraversableResolver of type org.hibernate.validator.internal.engine.resolver.JPATraversableResolver.
2025-11-07 21:49:34 DEBUG [main] ResourceBundleMessageInterpolator - Loaded expression factory via original TCCL
2025-11-07 21:49:34 DEBUG [main] ValidatorFactoryConfigurationHelper - HV000252: Using org.hibernate.validator.internal.engine.DefaultPropertyNodeNameProvider as property node name provider.
2025-11-07 21:49:34 DEBUG [main] ValidatorFactoryConfigurationHelper - HV000234: Using org.hibernate.validator.messageinterpolation.ResourceBundleMessageInterpolator as ValidatorFactory-scoped message interpolator.
2025-11-07 21:49:34 DEBUG [main] ValidatorFactoryConfigurationHelper - HV000234: Using org.hibernate.validator.internal.engine.resolver.JPATraversableResolver as ValidatorFactory-scoped traversable resolver.
2025-11-07 21:49:34 DEBUG [main] ValidatorFactoryConfigurationHelper - HV000234: Using org.hibernate.validator.internal.util.ExecutableParameterNameProvider as ValidatorFactory-scoped parameter name provider.
2025-11-07 21:49:34 DEBUG [main] ValidatorFactoryConfigurationHelper - HV000234: Using org.hibernate.validator.internal.engine.DefaultClockProvider as ValidatorFactory-scoped clock provider.
2025-11-07 21:49:34 DEBUG [main] ValidatorFactoryConfigurationHelper - HV000234: Using org.hibernate.validator.internal.engine.scripting.DefaultScriptEvaluatorFactory as ValidatorFactory-scoped script evaluator factory.
2025-11-07 21:49:34 DEBUG [main] ClassLoaderAccessImpl - Not known whether passed class name [com.codecraft.product.domain.entity.SaleItem] is safe
2025-11-07 21:49:34 DEBUG [main] ClassLoaderAccessImpl - No temp ClassLoader provided; using live ClassLoader for loading potentially unsafe class : com.codecraft.product.domain.entity.SaleItem
2025-11-07 21:49:34 DEBUG [main] ClassLoaderAccessImpl - Not known whether passed class name [com.codecraft.product.domain.entity.Product] is safe
2025-11-07 21:49:34 DEBUG [main] ClassLoaderAccessImpl - No temp ClassLoader provided; using live ClassLoader for loading potentially unsafe class : com.codecraft.product.domain.entity.Product
2025-11-07 21:49:34 DEBUG [main] ClassLoaderAccessImpl - Not known whether passed class name [com.codecraft.product.domain.entity.User] is safe
2025-11-07 21:49:34 DEBUG [main] ClassLoaderAccessImpl - No temp ClassLoader provided; using live ClassLoader for loading potentially unsafe class : com.codecraft.product.domain.entity.User
2025-11-07 21:49:34 DEBUG [main] ClassLoaderAccessImpl - Not known whether passed class name [com.codecraft.product.domain.entity.ProductInventory] is safe
2025-11-07 21:49:34 DEBUG [main] ClassLoaderAccessImpl - No temp ClassLoader provided; using live ClassLoader for loading potentially unsafe class : com.codecraft.product.domain.entity.ProductInventory
2025-11-07 21:49:34 DEBUG [main] ClassLoaderAccessImpl - Not known whether passed class name [com.codecraft.product.domain.entity.Sale] is safe
2025-11-07 21:49:34 DEBUG [main] ClassLoaderAccessImpl - No temp ClassLoader provided; using live ClassLoader for loading potentially unsafe class : com.codecraft.product.domain.entity.Sale
2025-11-07 21:49:34 DEBUG [main] ClassLoaderAccessImpl - Not known whether passed class name [com.codecraft.product.domain.entity.UserPasswordAudit] is safe
2025-11-07 21:49:34 DEBUG [main] ClassLoaderAccessImpl - No temp ClassLoader provided; using live ClassLoader for loading potentially unsafe class : com.codecraft.product.domain.entity.UserPasswordAudit
2025-11-07 21:49:34 DEBUG [main] SessionFactoryServiceRegistryImpl - EventListenerRegistry access via ServiceRegistry is deprecated.  Use `sessionFactory.getEventEngine().getListenerRegistry()` instead
2025-11-07 21:49:34 DEBUG [main] SqmFunctionRegistry - Registered SqmFunctionTemplate [NamedSqmFunctionTemplate(max)] under max; prior registration was null
2025-11-07 21:49:34 DEBUG [main] SqmFunctionRegistry - Registered SqmFunctionTemplate [NamedSqmFunctionTemplate(min)] under min; prior registration was null
2025-11-07 21:49:34 DEBUG [main] SqmFunctionRegistry - Registered SqmFunctionTemplate [NamedSqmFunctionTemplate(sum)] under sum; prior registration was null
2025-11-07 21:49:34 DEBUG [main] SqmFunctionRegistry - Registered SqmFunctionTemplate [NamedSqmFunctionTemplate(avg)] under avg; prior registration was null
2025-11-07 21:49:34 DEBUG [main] SqmFunctionRegistry - Registered SqmFunctionTemplate [org.hibernate.dialect.function.CountFunction@459df48d] under count; prior registration was null
2025-11-07 21:49:34 DEBUG [main] SqmFunctionRegistry - Registered SqmFunctionTemplate [org.hibernate.dialect.function.EveryAnyEmulation@4f5bfbca] under every; prior registration was null
2025-11-07 21:49:34 DEBUG [main] SqmFunctionRegistry - Registered SqmFunctionTemplate [org.hibernate.dialect.function.EveryAnyEmulation@552b15f6] under any; prior registration was null
2025-11-07 21:49:34 DEBUG [main] SqmFunctionRegistry - Registered SqmFunctionTemplate [NamedSqmFunctionTemplate(floor)] under floor; prior registration was null
2025-11-07 21:49:34 DEBUG [main] SqmFunctionRegistry - Registered SqmFunctionTemplate [NamedSqmFunctionTemplate(ceiling)] under ceiling; prior registration was null
2025-11-07 21:49:34 DEBUG [main] SqmFunctionRegistry - Registered SqmFunctionTemplate [NamedSqmFunctionTemplate(mod)] under mod; prior registration was null
2025-11-07 21:49:34 DEBUG [main] SqmFunctionRegistry - Registered SqmFunctionTemplate [NamedSqmFunctionTemplate(abs)] under abs; prior registration was null
2025-11-07 21:49:34 DEBUG [main] SqmFunctionRegistry - Registered SqmFunctionTemplate [NamedSqmFunctionTemplate(sign)] under sign; prior registration was null
2025-11-07 21:49:34 DEBUG [main] SqmFunctionRegistry - Registered SqmFunctionTemplate [NamedSqmFunctionTemplate(sqrt)] under sqrt; prior registration was null
2025-11-07 21:49:34 DEBUG [main] SqmFunctionRegistry - Registered SqmFunctionTemplate [NamedSqmFunctionTemplate(ln)] under ln; prior registration was null
2025-11-07 21:49:34 DEBUG [main] SqmFunctionRegistry - Registered SqmFunctionTemplate [NamedSqmFunctionTemplate(exp)] under exp; prior registration was null
2025-11-07 21:49:34 DEBUG [main] SqmFunctionRegistry - Registered SqmFunctionTemplate [NamedSqmFunctionTemplate(power)] under power; prior registration was null
2025-11-07 21:49:34 DEBUG [main] SqmFunctionRegistry - Registered SqmFunctionTemplate [NamedSqmFunctionTemplate(round)] under round; prior registration was null
2025-11-07 21:49:34 DEBUG [main] SqmFunctionRegistry - Registered SqmFunctionTemplate [NamedSqmFunctionTemplate(sin)] under sin; prior registration was null
2025-11-07 21:49:34 DEBUG [main] SqmFunctionRegistry - Registered SqmFunctionTemplate [NamedSqmFunctionTemplate(cos)] under cos; prior registration was null
2025-11-07 21:49:34 DEBUG [main] SqmFunctionRegistry - Registered SqmFunctionTemplate [NamedSqmFunctionTemplate(tan)] under tan; prior registration was null
2025-11-07 21:49:34 DEBUG [main] SqmFunctionRegistry - Registered SqmFunctionTemplate [NamedSqmFunctionTemplate(asin)] under asin; prior registration was null
2025-11-07 21:49:34 DEBUG [main] SqmFunctionRegistry - Registered SqmFunctionTemplate [NamedSqmFunctionTemplate(acos)] under acos; prior registration was null
2025-11-07 21:49:34 DEBUG [main] SqmFunctionRegistry - Registered SqmFunctionTemplate [NamedSqmFunctionTemplate(atan)] under atan; prior registration was null
2025-11-07 21:49:34 DEBUG [main] SqmFunctionRegistry - Registered SqmFunctionTemplate [NamedSqmFunctionTemplate(atan2)] under atan2; prior registration was null
2025-11-07 21:49:34 DEBUG [main] SqmFunctionRegistry - Registered SqmFunctionTemplate [org.hibernate.query.sqm.function.PatternBasedSqmFunctionDescriptor@5b72b13a] under sinh; prior registration was null
2025-11-07 21:49:34 DEBUG [main] SqmFunctionRegistry - Registered SqmFunctionTemplate [org.hibernate.query.sqm.function.PatternBasedSqmFunctionDescriptor@63e648a0] under cosh; prior registration was null
2025-11-07 21:49:34 DEBUG [main] SqmFunctionRegistry - Registered SqmFunctionTemplate [org.hibernate.query.sqm.function.PatternBasedSqmFunctionDescriptor@6a6a3fc4] under tanh; prior registration was null
2025-11-07 21:49:34 DEBUG [main] SqmFunctionRegistry - Registered SqmFunctionTemplate [org.hibernate.query.sqm.function.PatternBasedSqmFunctionDescriptor@48cbe1c9] under pi; prior registration was null
2025-11-07 21:49:34 DEBUG [main] SqmFunctionRegistry - Registered SqmFunctionTemplate [org.hibernate.query.sqm.function.PatternBasedSqmFunctionDescriptor@67e628b] under log; prior registration was null
2025-11-07 21:49:34 DEBUG [main] SqmFunctionRegistry - Registered SqmFunctionTemplate [NamedSqmFunctionTemplate(coalesce)] under coalesce; prior registration was null
2025-11-07 21:49:34 DEBUG [main] SqmFunctionRegistry - Registered SqmFunctionTemplate [NamedSqmFunctionTemplate(nullif)] under nullif; prior registration was null
2025-11-07 21:49:34 DEBUG [main] SqmFunctionRegistry - Registered SqmFunctionTemplate [NamedSqmFunctionTemplate(left)] under left; prior registration was null
2025-11-07 21:49:34 DEBUG [main] SqmFunctionRegistry - Registered SqmFunctionTemplate [NamedSqmFunctionTemplate(right)] under right; prior registration was null
2025-11-07 21:49:34 DEBUG [main] SqmFunctionRegistry - Registered SqmFunctionTemplate [NamedSqmFunctionTemplate(replace)] under replace; prior registration was null
2025-11-07 21:49:34 DEBUG [main] SqmFunctionRegistry - Registered SqmFunctionTemplate [NamedSqmFunctionTemplate(concat)] under concat; prior registration was null
2025-11-07 21:49:34 DEBUG [main] SqmFunctionRegistry - Registered SqmFunctionTemplate [NamedSqmFunctionTemplate(lower)] under lower; prior registration was null
2025-11-07 21:49:34 DEBUG [main] SqmFunctionRegistry - Registered SqmFunctionTemplate [NamedSqmFunctionTemplate(upper)] under upper; prior registration was null
2025-11-07 21:49:34 DEBUG [main] SqmFunctionRegistry - Registered SqmFunctionTemplate [NamedSqmFunctionTemplate(substring)] under substring; prior registration was null
2025-11-07 21:49:34 DEBUG [main] SqmFunctionRegistry - Registered SqmFunctionTemplate [NamedSqmFunctionTemplate(locate)] under locate; prior registration was null
2025-11-07 21:49:34 DEBUG [main] SqmFunctionRegistry - Registered SqmFunctionTemplate [NamedSqmFunctionTemplate(character_length)] under character_length; prior registration was null
2025-11-07 21:49:34 DEBUG [main] SqmFunctionRegistry - Registering alternate key : length -> character_length
2025-11-07 21:49:34 DEBUG [main] SqmFunctionRegistry - Registered SqmFunctionTemplate [org.hibernate.dialect.function.LocatePositionEmulation@2cd877d3] under position; prior registration was null
2025-11-07 21:49:34 DEBUG [main] SqmFunctionRegistry - Registered SqmFunctionTemplate [org.hibernate.dialect.function.InsertSubstringOverlayEmulation@7f49df25] under overlay; prior registration was null
2025-11-07 21:49:34 DEBUG [main] SqmFunctionRegistry - Registered SqmFunctionTemplate [org.hibernate.dialect.function.TrimFunction@24482a4f] under trim; prior registration was null
2025-11-07 21:49:34 DEBUG [main] SqmFunctionRegistry - Registered SqmFunctionTemplate [org.hibernate.dialect.function.CastFunction@1921b43c] under cast; prior registration was null
2025-11-07 21:49:34 DEBUG [main] SqmFunctionRegistry - Registered SqmFunctionTemplate [org.hibernate.query.sqm.function.PatternBasedSqmFunctionDescriptor@79e15c4a] under collate; prior registration was null
2025-11-07 21:49:34 DEBUG [main] SqmFunctionRegistry - Registered SqmFunctionTemplate [org.hibernate.dialect.function.ExtractFunction@5b2ade46] under extract; prior registration was null
2025-11-07 21:49:34 DEBUG [main] SqmFunctionRegistry - Registered SqmFunctionTemplate [NamedSqmFunctionTemplate(least)] under least; prior registration was null
2025-11-07 21:49:34 DEBUG [main] SqmFunctionRegistry - Registered SqmFunctionTemplate [NamedSqmFunctionTemplate(greatest)] under greatest; prior registration was null
2025-11-07 21:49:34 DEBUG [main] SqmFunctionRegistry - Registered SqmFunctionTemplate [org.hibernate.dialect.function.CoalesceIfnullEmulation@1f6ba47b] under ifnull; prior registration was null
2025-11-07 21:49:34 DEBUG [main] SqmFunctionRegistry - Registered SqmFunctionTemplate [NamedSqmFunctionTemplate(lpad)] under lpad; prior registration was null
2025-11-07 21:49:34 DEBUG [main] SqmFunctionRegistry - Registered SqmFunctionTemplate [NamedSqmFunctionTemplate(rpad)] under rpad; prior registration was null
2025-11-07 21:49:34 DEBUG [main] SqmFunctionRegistry - Registered SqmFunctionTemplate [org.hibernate.dialect.function.LpadRpadPadEmulation@1a34772e] under pad; prior registration was null
2025-11-07 21:49:34 DEBUG [main] SqmFunctionRegistry - Registered SqmFunctionTemplate [org.hibernate.dialect.function.CastStrEmulation@7b11ff9a] under str; prior registration was null
2025-11-07 21:49:34 DEBUG [main] SqmFunctionRegistry - Registered SqmFunctionTemplate [org.hibernate.dialect.function.FormatFunction@7ee9920a] under format; prior registration was null
2025-11-07 21:49:34 DEBUG [main] SqmFunctionRegistry - Registered SqmFunctionTemplate [org.hibernate.dialect.function.TimestampaddFunction@18adc20a] under timestampadd; prior registration was null
2025-11-07 21:49:34 DEBUG [main] SqmFunctionRegistry - Registered SqmFunctionTemplate [org.hibernate.dialect.function.TimestampdiffFunction@77acc95a] under timestampdiff; prior registration was null
2025-11-07 21:49:34 DEBUG [main] SqmFunctionRegistry - Registering alternate key : dateadd -> timestampadd
2025-11-07 21:49:34 DEBUG [main] SqmFunctionRegistry - Registering alternate key : datediff -> timestampdiff
2025-11-07 21:49:34 DEBUG [main] SqmFunctionRegistry - Registered SqmFunctionTemplate [org.hibernate.dialect.function.CurrentFunction@1e0c898c] under current_date; prior registration was null
2025-11-07 21:49:34 DEBUG [main] SqmFunctionRegistry - Registered SqmFunctionTemplate [org.hibernate.dialect.function.CurrentFunction@1cd2e348] under current_time; prior registration was null
2025-11-07 21:49:34 DEBUG [main] SqmFunctionRegistry - Registered SqmFunctionTemplate [org.hibernate.dialect.function.CurrentFunction@73bcd9b4] under current_timestamp; prior registration was null
2025-11-07 21:49:34 DEBUG [main] SqmFunctionRegistry - Registering alternate key : current date -> current_date
2025-11-07 21:49:34 DEBUG [main] SqmFunctionRegistry - Registering alternate key : current time -> current_time
2025-11-07 21:49:34 DEBUG [main] SqmFunctionRegistry - Registering alternate key : current timestamp -> current_timestamp
2025-11-07 21:49:34 DEBUG [main] SqmFunctionRegistry - Registered SqmFunctionTemplate [org.hibernate.dialect.function.CurrentFunction@27aa7294] under local_date; prior registration was null
2025-11-07 21:49:34 DEBUG [main] SqmFunctionRegistry - Registered SqmFunctionTemplate [org.hibernate.dialect.function.CurrentFunction@5d10df04] under local_time; prior registration was null
2025-11-07 21:49:34 DEBUG [main] SqmFunctionRegistry - Registered SqmFunctionTemplate [org.hibernate.dialect.function.CurrentFunction@56d3af4d] under local_datetime; prior registration was null
2025-11-07 21:49:34 DEBUG [main] SqmFunctionRegistry - Registered SqmFunctionTemplate [org.hibernate.dialect.function.CurrentFunction@43b7bd5a] under offset_datetime; prior registration was null
2025-11-07 21:49:34 DEBUG [main] SqmFunctionRegistry - Registering alternate key : local date -> local_date
2025-11-07 21:49:34 DEBUG [main] SqmFunctionRegistry - Registering alternate key : local time -> local_time
2025-11-07 21:49:34 DEBUG [main] SqmFunctionRegistry - Registering alternate key : local datetime -> local_datetime
2025-11-07 21:49:34 DEBUG [main] SqmFunctionRegistry - Registering alternate key : offset datetime -> offset_datetime
2025-11-07 21:49:34 DEBUG [main] SqmFunctionRegistry - Registered SqmFunctionTemplate [org.hibernate.dialect.function.CurrentFunction@37fd496a] under instant; prior registration was null
2025-11-07 21:49:34 DEBUG [main] SqmFunctionRegistry - Registering alternate key : current_instant -> instant
2025-11-07 21:49:34 DEBUG [main] SqmFunctionRegistry - Registered SqmFunctionTemplate [org.hibernate.dialect.function.SqlFunction@7d95a717] under sql; prior registration was null
2025-11-07 21:49:34 DEBUG [main] SqmFunctionRegistry - Registered SqmFunctionTemplate [NamedSqmFunctionTemplate(soundex)] under soundex; prior registration was null
2025-11-07 21:49:34 DEBUG [main] SqmFunctionRegistry - Registered SqmFunctionTemplate [NamedSqmFunctionTemplate(radians)] under radians; prior registration was null
2025-11-07 21:49:34 DEBUG [main] SqmFunctionRegistry - Registered SqmFunctionTemplate [NamedSqmFunctionTemplate(degrees)] under degrees; prior registration was null
2025-11-07 21:49:34 DEBUG [main] SqmFunctionRegistry - Registered SqmFunctionTemplate [NamedSqmFunctionTemplate(cot)] under cot; prior registration was null
2025-11-07 21:49:34 DEBUG [main] SqmFunctionRegistry - Registered SqmFunctionTemplate [NamedSqmFunctionTemplate(log)] under log; prior registration was org.hibernate.query.sqm.function.PatternBasedSqmFunctionDescriptor@67e628b
2025-11-07 21:49:34 DEBUG [main] SqmFunctionRegistry - Registered SqmFunctionTemplate [NamedSqmFunctionTemplate(log2)] under log2; prior registration was null
2025-11-07 21:49:34 DEBUG [main] SqmFunctionRegistry - Registered SqmFunctionTemplate [NamedSqmFunctionTemplate(log10)] under log10; prior registration was null
2025-11-07 21:49:34 DEBUG [main] SqmFunctionRegistry - Registered SqmFunctionTemplate [NamedSqmFunctionTemplate(ltrim)] under ltrim; prior registration was null
2025-11-07 21:49:34 DEBUG [main] SqmFunctionRegistry - Registered SqmFunctionTemplate [NamedSqmFunctionTemplate(rtrim)] under rtrim; prior registration was null
2025-11-07 21:49:34 DEBUG [main] SqmFunctionRegistry - Registered SqmFunctionTemplate [NamedSqmFunctionTemplate(octet_length)] under octet_length; prior registration was null
2025-11-07 21:49:34 DEBUG [main] SqmFunctionRegistry - Registered SqmFunctionTemplate [NamedSqmFunctionTemplate(reverse)] under reverse; prior registration was null
2025-11-07 21:49:34 DEBUG [main] SqmFunctionRegistry - Registered SqmFunctionTemplate [NamedSqmFunctionTemplate(space)] under space; prior registration was null
2025-11-07 21:49:34 DEBUG [main] SqmFunctionRegistry - Registered SqmFunctionTemplate [NamedSqmFunctionTemplate(repeat)] under repeat; prior registration was null
2025-11-07 21:49:34 DEBUG [main] SqmFunctionRegistry - Registered SqmFunctionTemplate [org.hibernate.query.sqm.function.MultipatternSqmFunctionDescriptor@43b74979] under lpad; prior registration was NamedSqmFunctionTemplate(lpad)
2025-11-07 21:49:34 DEBUG [main] SqmFunctionRegistry - Registered SqmFunctionTemplate [org.hibernate.query.sqm.function.MultipatternSqmFunctionDescriptor@659ac28c] under rpad; prior registration was NamedSqmFunctionTemplate(rpad)
2025-11-07 21:49:34 DEBUG [main] SqmFunctionRegistry - Registered SqmFunctionTemplate [NamedSqmFunctionTemplate(md5)] under md5; prior registration was null
2025-11-07 21:49:34 DEBUG [main] SqmFunctionRegistry - Registered SqmFunctionTemplate [NamedSqmFunctionTemplate(day)] under day; prior registration was null
2025-11-07 21:49:34 DEBUG [main] SqmFunctionRegistry - Registered SqmFunctionTemplate [NamedSqmFunctionTemplate(month)] under month; prior registration was null
2025-11-07 21:49:34 DEBUG [main] SqmFunctionRegistry - Registered SqmFunctionTemplate [NamedSqmFunctionTemplate(year)] under year; prior registration was null
2025-11-07 21:49:34 DEBUG [main] SqmFunctionRegistry - Registered SqmFunctionTemplate [NamedSqmFunctionTemplate(hour)] under hour; prior registration was null
2025-11-07 21:49:34 DEBUG [main] SqmFunctionRegistry - Registered SqmFunctionTemplate [NamedSqmFunctionTemplate(minute)] under minute; prior registration was null
2025-11-07 21:49:34 DEBUG [main] SqmFunctionRegistry - Registered SqmFunctionTemplate [NamedSqmFunctionTemplate(second)] under second; prior registration was null
2025-11-07 21:49:34 DEBUG [main] SqmFunctionRegistry - Registered SqmFunctionTemplate [NamedSqmFunctionTemplate(microsecond)] under microsecond; prior registration was null
2025-11-07 21:49:34 DEBUG [main] SqmFunctionRegistry - Registered SqmFunctionTemplate [NamedSqmFunctionTemplate(dayofweek)] under dayofweek; prior registration was null
2025-11-07 21:49:34 DEBUG [main] SqmFunctionRegistry - Registered SqmFunctionTemplate [NamedSqmFunctionTemplate(dayofmonth)] under dayofmonth; prior registration was null
2025-11-07 21:49:34 DEBUG [main] SqmFunctionRegistry - Registering alternate key : day -> dayofmonth
2025-11-07 21:49:34 DEBUG [main] SqmFunctionRegistry - Registered SqmFunctionTemplate [NamedSqmFunctionTemplate(dayofyear)] under dayofyear; prior registration was null
2025-11-07 21:49:34 DEBUG [main] SqmFunctionRegistry - Registered SqmFunctionTemplate [NamedSqmFunctionTemplate(week)] under week; prior registration was null
2025-11-07 21:49:34 DEBUG [main] SqmFunctionRegistry - Registered SqmFunctionTemplate [NamedSqmFunctionTemplate(quarter)] under quarter; prior registration was null
2025-11-07 21:49:34 DEBUG [main] SqmFunctionRegistry - Registered SqmFunctionTemplate [NamedSqmFunctionTemplate(monthname)] under monthname; prior registration was null
2025-11-07 21:49:34 DEBUG [main] SqmFunctionRegistry - Registered SqmFunctionTemplate [NamedSqmFunctionTemplate(dayname)] under dayname; prior registration was null
2025-11-07 21:49:34 DEBUG [main] SqmFunctionRegistry - Registered SqmFunctionTemplate [NamedSqmFunctionTemplate(last_day)] under last_day; prior registration was null
2025-11-07 21:49:34 DEBUG [main] SqmFunctionRegistry - Registered SqmFunctionTemplate [NamedSqmFunctionTemplate(date)] under date; prior registration was null
2025-11-07 21:49:34 DEBUG [main] SqmFunctionRegistry - Registered SqmFunctionTemplate [NamedSqmFunctionTemplate(timestamp)] under timestamp; prior registration was null
2025-11-07 21:49:34 DEBUG [main] SqmFunctionRegistry - Registered SqmFunctionTemplate [NamedSqmFunctionTemplate(time)] under time; prior registration was null
2025-11-07 21:49:34 DEBUG [main] SqmFunctionRegistry - Registered SqmFunctionTemplate [NamedSqmFunctionTemplate(utc_date)] under utc_date; prior registration was null
2025-11-07 21:49:34 DEBUG [main] SqmFunctionRegistry - Registered SqmFunctionTemplate [NamedSqmFunctionTemplate(utc_time)] under utc_time; prior registration was null
2025-11-07 21:49:34 DEBUG [main] SqmFunctionRegistry - Registered SqmFunctionTemplate [NamedSqmFunctionTemplate(utc_timestamp)] under utc_timestamp; prior registration was null
2025-11-07 21:49:34 DEBUG [main] SqmFunctionRegistry - Registered SqmFunctionTemplate [NamedSqmFunctionTemplate(rand)] under rand; prior registration was null
2025-11-07 21:49:34 DEBUG [main] SqmFunctionRegistry - Registered SqmFunctionTemplate [NamedSqmFunctionTemplate(crc32)] under crc32; prior registration was null
2025-11-07 21:49:34 DEBUG [main] SqmFunctionRegistry - Registered SqmFunctionTemplate [NamedSqmFunctionTemplate(sha1)] under sha1; prior registration was null
2025-11-07 21:49:34 DEBUG [main] SqmFunctionRegistry - Registered SqmFunctionTemplate [NamedSqmFunctionTemplate(sha2)] under sha2; prior registration was null
2025-11-07 21:49:34 DEBUG [main] SqmFunctionRegistry - Registered SqmFunctionTemplate [NamedSqmFunctionTemplate(sha)] under sha; prior registration was null
2025-11-07 21:49:34 DEBUG [main] SqmFunctionRegistry - Registered SqmFunctionTemplate [NamedSqmFunctionTemplate(bit_length)] under bit_length; prior registration was null
2025-11-07 21:49:34 DEBUG [main] SqmFunctionRegistry - Registered SqmFunctionTemplate [NamedSqmFunctionTemplate(octet_length)] under octet_length; prior registration was NamedSqmFunctionTemplate(octet_length)
2025-11-07 21:49:34 DEBUG [main] SqmFunctionRegistry - Registered SqmFunctionTemplate [NamedSqmFunctionTemplate(ascii)] under ascii; prior registration was null
2025-11-07 21:49:34 DEBUG [main] SqmFunctionRegistry - Registered SqmFunctionTemplate [NamedSqmFunctionTemplate(instr)] under instr; prior registration was null
2025-11-07 21:49:34 DEBUG [main] SqmFunctionRegistry - Registered SqmFunctionTemplate [NamedSqmFunctionTemplate(substr)] under substr; prior registration was null
2025-11-07 21:49:34 DEBUG [main] SqmFunctionRegistry - Registered SqmFunctionTemplate [org.hibernate.query.sqm.function.PatternBasedSqmFunctionDescriptor@60688a97] under position; prior registration was org.hibernate.dialect.function.LocatePositionEmulation@2cd877d3
2025-11-07 21:49:34 DEBUG [main] SqmFunctionRegistry - Registered SqmFunctionTemplate [NamedSqmFunctionTemplate(curtime)] under curtime; prior registration was null
2025-11-07 21:49:34 DEBUG [main] SqmFunctionRegistry - Registered SqmFunctionTemplate [NamedSqmFunctionTemplate(curdate)] under curdate; prior registration was null
2025-11-07 21:49:34 DEBUG [main] SqmFunctionRegistry - Registered SqmFunctionTemplate [NamedSqmFunctionTemplate(now)] under now; prior registration was null
2025-11-07 21:49:34 DEBUG [main] SqmFunctionRegistry - Registered SqmFunctionTemplate [org.hibernate.dialect.function.TruncFunction@2de82bf8] under trunc; prior registration was null
2025-11-07 21:49:34 DEBUG [main] SqmFunctionRegistry - Registering alternate key : truncate -> trunc
2025-11-07 21:49:34 DEBUG [main] SqmFunctionRegistry - Registered SqmFunctionTemplate [NamedSqmFunctionTemplate(insert)] under insert; prior registration was null
2025-11-07 21:49:34 DEBUG [main] SqmFunctionRegistry - Registered SqmFunctionTemplate [org.hibernate.query.sqm.function.PatternBasedSqmFunctionDescriptor@7804a783] under bitand; prior registration was null
2025-11-07 21:49:34 DEBUG [main] SqmFunctionRegistry - Registered SqmFunctionTemplate [org.hibernate.query.sqm.function.PatternBasedSqmFunctionDescriptor@54ec8ab3] under bitor; prior registration was null
2025-11-07 21:49:34 DEBUG [main] SqmFunctionRegistry - Registered SqmFunctionTemplate [org.hibernate.query.sqm.function.PatternBasedSqmFunctionDescriptor@71b32407] under bitxor; prior registration was null
2025-11-07 21:49:34 DEBUG [main] SqmFunctionRegistry - Registered SqmFunctionTemplate [org.hibernate.query.sqm.function.PatternBasedSqmFunctionDescriptor@1d686622] under bitnot; prior registration was null
2025-11-07 21:49:34 DEBUG [main] SqmFunctionRegistry - Registered SqmFunctionTemplate [NamedSqmFunctionTemplate(bit_and)] under bit_and; prior registration was null
2025-11-07 21:49:34 DEBUG [main] SqmFunctionRegistry - Registered SqmFunctionTemplate [NamedSqmFunctionTemplate(bit_or)] under bit_or; prior registration was null
2025-11-07 21:49:34 DEBUG [main] SqmFunctionRegistry - Registered SqmFunctionTemplate [NamedSqmFunctionTemplate(stddev)] under stddev; prior registration was null
2025-11-07 21:49:34 DEBUG [main] SqmFunctionRegistry - Registered SqmFunctionTemplate [NamedSqmFunctionTemplate(stddev_pop)] under stddev_pop; prior registration was null
2025-11-07 21:49:34 DEBUG [main] SqmFunctionRegistry - Registered SqmFunctionTemplate [NamedSqmFunctionTemplate(stddev_samp)] under stddev_samp; prior registration was null
2025-11-07 21:49:34 DEBUG [main] SqmFunctionRegistry - Registered SqmFunctionTemplate [NamedSqmFunctionTemplate(variance)] under variance; prior registration was null
2025-11-07 21:49:34 DEBUG [main] SqmFunctionRegistry - Registered SqmFunctionTemplate [NamedSqmFunctionTemplate(var_pop)] under var_pop; prior registration was null
2025-11-07 21:49:34 DEBUG [main] SqmFunctionRegistry - Registered SqmFunctionTemplate [NamedSqmFunctionTemplate(var_samp)] under var_samp; prior registration was null
2025-11-07 21:49:34 DEBUG [main] SqmFunctionRegistry - Registered SqmFunctionTemplate [NamedSqmFunctionTemplate(datediff)] under datediff; prior registration was null
2025-11-07 21:49:34 DEBUG [main] SqmFunctionRegistry - Registered SqmFunctionTemplate [NamedSqmFunctionTemplate(adddate)] under adddate; prior registration was null
2025-11-07 21:49:34 DEBUG [main] SqmFunctionRegistry - Registered SqmFunctionTemplate [NamedSqmFunctionTemplate(subdate)] under subdate; prior registration was null
2025-11-07 21:49:34 DEBUG [main] SqmFunctionRegistry - Registered SqmFunctionTemplate [NamedSqmFunctionTemplate(addtime)] under addtime; prior registration was null
2025-11-07 21:49:34 DEBUG [main] SqmFunctionRegistry - Registered SqmFunctionTemplate [NamedSqmFunctionTemplate(subtime)] under subtime; prior registration was null
2025-11-07 21:49:34 DEBUG [main] SqmFunctionRegistry - Registered SqmFunctionTemplate [org.hibernate.dialect.function.FormatFunction@400df2b3] under format; prior registration was org.hibernate.dialect.function.FormatFunction@7ee9920a
2025-11-07 21:49:34 DEBUG [main] SqmFunctionRegistry - Registered SqmFunctionTemplate [NamedSqmFunctionTemplate(makedate)] under makedate; prior registration was null
2025-11-07 21:49:34 DEBUG [main] SqmFunctionRegistry - Registered SqmFunctionTemplate [NamedSqmFunctionTemplate(maketime)] under maketime; prior registration was null
2025-11-07 21:49:34 DEBUG [main] SqmFunctionRegistry - Registered SqmFunctionTemplate [NamedSqmFunctionTemplate(localtime)] under localtime; prior registration was null
2025-11-07 21:49:34 DEBUG [main] SqmFunctionRegistry - Registered SqmFunctionTemplate [NamedSqmFunctionTemplate(localtimestamp)] under localtimestamp; prior registration was null
2025-11-07 21:49:34 DEBUG [main] SqmFunctionRegistry - Registered SqmFunctionTemplate [NamedSqmFunctionTemplate(localtime)] under local_time; prior registration was org.hibernate.dialect.function.CurrentFunction@5d10df04
2025-11-07 21:49:34 DEBUG [main] SqmFunctionRegistry - Registered SqmFunctionTemplate [NamedSqmFunctionTemplate(localtimestamp)] under local_datetime; prior registration was org.hibernate.dialect.function.CurrentFunction@56d3af4d
2025-11-07 21:49:34 DEBUG [main] SqmFunctionRegistry - Registered SqmFunctionTemplate [org.hibernate.query.sqm.function.PatternBasedSqmFunctionDescriptor@70044113] under pi; prior registration was org.hibernate.query.sqm.function.PatternBasedSqmFunctionDescriptor@48cbe1c9
2025-11-07 21:49:34 DEBUG [main] SqmFunctionRegistry - Registered SqmFunctionTemplate [org.hibernate.query.sqm.function.PatternBasedSqmFunctionDescriptor@18ffc008] under chr; prior registration was null
2025-11-07 21:49:34 DEBUG [main] SqmFunctionRegistry - Registering alternate key : char -> chr
2025-11-07 21:49:34 DEBUG [main] SqmFunctionRegistry - Registered SqmFunctionTemplate [org.hibernate.query.sqm.function.PatternBasedSqmFunctionDescriptor@4678ec43] under sysdate; prior registration was null
2025-11-07 21:49:34 DEBUG [main] SqmFunctionRegistry - Registered SqmFunctionTemplate [NamedSqmFunctionTemplate(row_number)] under row_number; prior registration was null
2025-11-07 21:49:34 DEBUG [main] SqmFunctionRegistry - Registered SqmFunctionTemplate [NamedSqmFunctionTemplate(lag)] under lag; prior registration was null
2025-11-07 21:49:34 DEBUG [main] SqmFunctionRegistry - Registered SqmFunctionTemplate [NamedSqmFunctionTemplate(lead)] under lead; prior registration was null
2025-11-07 21:49:34 DEBUG [main] SqmFunctionRegistry - Registered SqmFunctionTemplate [NamedSqmFunctionTemplate(first_value)] under first_value; prior registration was null
2025-11-07 21:49:34 DEBUG [main] SqmFunctionRegistry - Registered SqmFunctionTemplate [NamedSqmFunctionTemplate(last_value)] under last_value; prior registration was null
2025-11-07 21:49:34 DEBUG [main] SqmFunctionRegistry - Registered SqmFunctionTemplate [NamedSqmFunctionTemplate(nth_value)] under nth_value; prior registration was null
2025-11-07 21:49:34 DEBUG [main] SqmFunctionRegistry - Registered SqmFunctionTemplate [org.hibernate.dialect.function.HypotheticalSetWindowEmulation@1fb00a6d] under rank; prior registration was null
2025-11-07 21:49:34 DEBUG [main] SqmFunctionRegistry - Registered SqmFunctionTemplate [org.hibernate.dialect.function.HypotheticalSetWindowEmulation@1c65ec63] under dense_rank; prior registration was null
2025-11-07 21:49:34 DEBUG [main] SqmFunctionRegistry - Registered SqmFunctionTemplate [org.hibernate.dialect.function.HypotheticalSetWindowEmulation@25f73119] under percent_rank; prior registration was null
2025-11-07 21:49:34 DEBUG [main] SqmFunctionRegistry - Registered SqmFunctionTemplate [org.hibernate.dialect.function.HypotheticalSetWindowEmulation@10f192d8] under cume_dist; prior registration was null
2025-11-07 21:49:34 DEBUG [main] SqmFunctionRegistry - Registered SqmFunctionTemplate [org.hibernate.dialect.function.ListaggGroupConcatEmulation@3c205259] under listagg; prior registration was null
2025-11-07 21:49:34 DEBUG [main] HQL_FUNCTIONS - abs(NUMERIC arg)
2025-11-07 21:49:34 DEBUG [main] HQL_FUNCTIONS - Double acos(NUMERIC arg)
2025-11-07 21:49:34 DEBUG [main] HQL_FUNCTIONS - adddate(DATE datetime, INTEGER days)
2025-11-07 21:49:34 DEBUG [main] HQL_FUNCTIONS - addtime(TIME datetime, TIME time)
2025-11-07 21:49:34 DEBUG [main] HQL_FUNCTIONS - Boolean any(BOOLEAN arg)
2025-11-07 21:49:34 DEBUG [main] HQL_FUNCTIONS - Integer ascii(STRING arg)
2025-11-07 21:49:34 DEBUG [main] HQL_FUNCTIONS - Double asin(NUMERIC arg)
2025-11-07 21:49:34 DEBUG [main] HQL_FUNCTIONS - Double atan(NUMERIC arg)
2025-11-07 21:49:34 DEBUG [main] HQL_FUNCTIONS - Double atan2(NUMERIC arg0, NUMERIC arg1)
2025-11-07 21:49:34 DEBUG [main] HQL_FUNCTIONS - avg(arg)
2025-11-07 21:49:34 DEBUG [main] HQL_FUNCTIONS - bit_and(arg)
2025-11-07 21:49:34 DEBUG [main] HQL_FUNCTIONS - Integer bit_length(STRING_OR_CLOB arg)
2025-11-07 21:49:34 DEBUG [main] HQL_FUNCTIONS - bit_or(arg)
2025-11-07 21:49:34 DEBUG [main] HQL_FUNCTIONS - bitand(arg0, arg1)
2025-11-07 21:49:34 DEBUG [main] HQL_FUNCTIONS - bitnot(arg)
2025-11-07 21:49:34 DEBUG [main] HQL_FUNCTIONS - bitor(arg0, arg1)
2025-11-07 21:49:34 DEBUG [main] HQL_FUNCTIONS - bitxor(arg0, arg1)
2025-11-07 21:49:34 DEBUG [main] HQL_FUNCTIONS - cast(arg as Type)
2025-11-07 21:49:34 DEBUG [main] HQL_FUNCTIONS - ceiling(NUMERIC arg)
2025-11-07 21:49:34 DEBUG [main] HQL_FUNCTIONS - Character char(INTEGER arg)
2025-11-07 21:49:34 DEBUG [main] HQL_FUNCTIONS - Integer character_length(STRING_OR_CLOB arg)
2025-11-07 21:49:34 DEBUG [main] HQL_FUNCTIONS - Character chr(INTEGER arg)
2025-11-07 21:49:34 DEBUG [main] HQL_FUNCTIONS - coalesce(arg0[, arg1[, ...]])
2025-11-07 21:49:34 DEBUG [main] HQL_FUNCTIONS - String collate(STRING string as COLLATION collation)
2025-11-07 21:49:34 DEBUG [main] HQL_FUNCTIONS - String concat(STRING string0[, STRING string1[, ...]])
2025-11-07 21:49:34 DEBUG [main] HQL_FUNCTIONS - Double cos(NUMERIC arg)
2025-11-07 21:49:34 DEBUG [main] HQL_FUNCTIONS - Double cosh(NUMERIC arg)
2025-11-07 21:49:34 DEBUG [main] HQL_FUNCTIONS - Double cot(NUMERIC arg)
2025-11-07 21:49:34 DEBUG [main] HQL_FUNCTIONS - Long count([distinct ]{arg|*})
2025-11-07 21:49:34 DEBUG [main] HQL_FUNCTIONS - Integer crc32(arg)
2025-11-07 21:49:34 DEBUG [main] HQL_FUNCTIONS - Double cume_dist([arg0[, ...]])
2025-11-07 21:49:34 DEBUG [main] HQL_FUNCTIONS - Date curdate()
2025-11-07 21:49:34 DEBUG [main] HQL_FUNCTIONS - Date current date
2025-11-07 21:49:34 DEBUG [main] HQL_FUNCTIONS - Time current time
2025-11-07 21:49:34 DEBUG [main] HQL_FUNCTIONS - Timestamp current timestamp
2025-11-07 21:49:34 DEBUG [main] HQL_FUNCTIONS - Date current_date
2025-11-07 21:49:34 DEBUG [main] HQL_FUNCTIONS - Instant current_instant
2025-11-07 21:49:34 DEBUG [main] HQL_FUNCTIONS - Time current_time
2025-11-07 21:49:34 DEBUG [main] HQL_FUNCTIONS - Timestamp current_timestamp
2025-11-07 21:49:34 DEBUG [main] HQL_FUNCTIONS - Time curtime()
2025-11-07 21:49:34 DEBUG [main] HQL_FUNCTIONS - Date date(arg)
2025-11-07 21:49:34 DEBUG [main] HQL_FUNCTIONS - dateadd(TEMPORAL_UNIT field, INTEGER magnitude, TEMPORAL datetime)
2025-11-07 21:49:34 DEBUG [main] HQL_FUNCTIONS - Integer datediff(DATE end, DATE start)
2025-11-07 21:49:34 DEBUG [main] HQL_FUNCTIONS - Integer day(DATE arg)
2025-11-07 21:49:34 DEBUG [main] HQL_FUNCTIONS - String dayname(DATE arg)
2025-11-07 21:49:34 DEBUG [main] HQL_FUNCTIONS - Integer dayofmonth(DATE arg)
2025-11-07 21:49:34 DEBUG [main] HQL_FUNCTIONS - Integer dayofweek(DATE arg)
2025-11-07 21:49:34 DEBUG [main] HQL_FUNCTIONS - Integer dayofyear(DATE arg)
2025-11-07 21:49:34 DEBUG [main] HQL_FUNCTIONS - Double degrees(NUMERIC arg)
2025-11-07 21:49:34 DEBUG [main] HQL_FUNCTIONS - Long dense_rank([arg0[, ...]])
2025-11-07 21:49:34 DEBUG [main] HQL_FUNCTIONS - Boolean every(BOOLEAN arg)
2025-11-07 21:49:34 DEBUG [main] HQL_FUNCTIONS - Double exp(NUMERIC arg)
2025-11-07 21:49:34 DEBUG [main] HQL_FUNCTIONS - extract(TEMPORAL_UNIT field from TEMPORAL arg)
2025-11-07 21:49:34 DEBUG [main] HQL_FUNCTIONS - first_valueANY value
2025-11-07 21:49:34 DEBUG [main] HQL_FUNCTIONS - floor(NUMERIC arg)
2025-11-07 21:49:34 DEBUG [main] HQL_FUNCTIONS - String format(TEMPORAL datetime as STRING pattern)
2025-11-07 21:49:34 DEBUG [main] HQL_FUNCTIONS - greatest(COMPARABLE arg0, COMPARABLE arg1[, arg2[, ...]])
2025-11-07 21:49:34 DEBUG [main] HQL_FUNCTIONS - Integer hour(TIME arg)
2025-11-07 21:49:34 DEBUG [main] HQL_FUNCTIONS - ifnull(arg0, arg1)
2025-11-07 21:49:34 DEBUG [main] HQL_FUNCTIONS - String insert(STRING string, INTEGER start, INTEGER length, STRING replacement)
2025-11-07 21:49:34 DEBUG [main] HQL_FUNCTIONS - Instant instant
2025-11-07 21:49:34 DEBUG [main] HQL_FUNCTIONS - Integer instr(STRING string, STRING pattern[, INTEGER start[, INTEGER occurrence]])
2025-11-07 21:49:34 DEBUG [main] HQL_FUNCTIONS - lagANY value[, INTEGER offset[, ANY default]]
2025-11-07 21:49:34 DEBUG [main] HQL_FUNCTIONS - Date last_day(DATE arg)
2025-11-07 21:49:34 DEBUG [main] HQL_FUNCTIONS - last_valueANY value
2025-11-07 21:49:34 DEBUG [main] HQL_FUNCTIONS - leadANY value[, INTEGER offset[, ANY default]]
2025-11-07 21:49:34 DEBUG [main] HQL_FUNCTIONS - least(COMPARABLE arg0, COMPARABLE arg1[, arg2[, ...]])
2025-11-07 21:49:34 DEBUG [main] HQL_FUNCTIONS - String left(STRING string, INTEGER length)
2025-11-07 21:49:34 DEBUG [main] HQL_FUNCTIONS - Integer length(STRING_OR_CLOB arg)
2025-11-07 21:49:34 DEBUG [main] HQL_FUNCTIONS - String listagg(STRING arg0, STRING arg1)
2025-11-07 21:49:34 DEBUG [main] HQL_FUNCTIONS - Double ln(NUMERIC arg)
2025-11-07 21:49:34 DEBUG [main] HQL_FUNCTIONS - LocalDate local date
2025-11-07 21:49:34 DEBUG [main] HQL_FUNCTIONS - LocalDateTime local datetime
2025-11-07 21:49:34 DEBUG [main] HQL_FUNCTIONS - LocalTime local time
2025-11-07 21:49:34 DEBUG [main] HQL_FUNCTIONS - LocalDate local_date
2025-11-07 21:49:34 DEBUG [main] HQL_FUNCTIONS - LocalDateTime local_datetime
2025-11-07 21:49:34 DEBUG [main] HQL_FUNCTIONS - LocalTime local_time
2025-11-07 21:49:34 DEBUG [main] HQL_FUNCTIONS - Time localtime
2025-11-07 21:49:34 DEBUG [main] HQL_FUNCTIONS - Timestamp localtimestamp
2025-11-07 21:49:34 DEBUG [main] HQL_FUNCTIONS - Integer locate(STRING pattern, STRING string[, INTEGER start])
2025-11-07 21:49:34 DEBUG [main] HQL_FUNCTIONS - Double log(NUMERIC arg0[, NUMERIC arg1])
2025-11-07 21:49:34 DEBUG [main] HQL_FUNCTIONS - Double log10(NUMERIC arg)
2025-11-07 21:49:34 DEBUG [main] HQL_FUNCTIONS - Double log2(NUMERIC arg)
2025-11-07 21:49:34 DEBUG [main] HQL_FUNCTIONS - String lower(STRING string)
2025-11-07 21:49:34 DEBUG [main] HQL_FUNCTIONS - String lpad(string, length[, padding])
2025-11-07 21:49:34 DEBUG [main] HQL_FUNCTIONS - String ltrim(STRING string[, STRING characters])
2025-11-07 21:49:34 DEBUG [main] HQL_FUNCTIONS - Date makedate(INTEGER year, INTEGER dayofyear)
2025-11-07 21:49:34 DEBUG [main] HQL_FUNCTIONS - Time maketime(INTEGER hour, INTEGER min, INTEGER sec)
2025-11-07 21:49:34 DEBUG [main] HQL_FUNCTIONS - max(COMPARABLE arg)
2025-11-07 21:49:34 DEBUG [main] HQL_FUNCTIONS - String md5(arg)
2025-11-07 21:49:34 DEBUG [main] HQL_FUNCTIONS - Integer microsecond(TIME arg)
2025-11-07 21:49:34 DEBUG [main] HQL_FUNCTIONS - min(COMPARABLE arg)
2025-11-07 21:49:34 DEBUG [main] HQL_FUNCTIONS - Integer minute(TIME arg)
2025-11-07 21:49:34 DEBUG [main] HQL_FUNCTIONS - Integer mod(INTEGER arg0, INTEGER arg1)
2025-11-07 21:49:34 DEBUG [main] HQL_FUNCTIONS - Integer month(DATE arg)
2025-11-07 21:49:34 DEBUG [main] HQL_FUNCTIONS - String monthname(DATE arg)
2025-11-07 21:49:34 DEBUG [main] HQL_FUNCTIONS - Timestamp now()
2025-11-07 21:49:34 DEBUG [main] HQL_FUNCTIONS - nth_valueANY value, INTEGER nth
2025-11-07 21:49:34 DEBUG [main] HQL_FUNCTIONS - nullif(arg0, arg1)
2025-11-07 21:49:34 DEBUG [main] HQL_FUNCTIONS - Integer octet_length(STRING_OR_CLOB arg)
2025-11-07 21:49:34 DEBUG [main] HQL_FUNCTIONS - OffsetDateTime offset datetime
2025-11-07 21:49:34 DEBUG [main] HQL_FUNCTIONS - OffsetDateTime offset_datetime
2025-11-07 21:49:34 DEBUG [main] HQL_FUNCTIONS - String overlay(STRING string placing STRING replacement from INTEGER start[ for INTEGER length])
2025-11-07 21:49:34 DEBUG [main] HQL_FUNCTIONS - String pad(STRING string with INTEGER length {leading|trailing}[ STRING character])
2025-11-07 21:49:34 DEBUG [main] HQL_FUNCTIONS - Double percent_rank([arg0[, ...]])
2025-11-07 21:49:34 DEBUG [main] HQL_FUNCTIONS - Double pi
2025-11-07 21:49:34 DEBUG [main] HQL_FUNCTIONS - Integer position(STRING pattern in STRING string)
2025-11-07 21:49:34 DEBUG [main] HQL_FUNCTIONS - Double power(NUMERIC arg0, NUMERIC arg1)
2025-11-07 21:49:34 DEBUG [main] HQL_FUNCTIONS - Integer quarter(DATE arg)
2025-11-07 21:49:34 DEBUG [main] HQL_FUNCTIONS - Double radians(NUMERIC arg)
2025-11-07 21:49:34 DEBUG [main] HQL_FUNCTIONS - Double rand([INTEGER seed])
2025-11-07 21:49:34 DEBUG [main] HQL_FUNCTIONS - Long rank([arg0[, ...]])
2025-11-07 21:49:34 DEBUG [main] HQL_FUNCTIONS - String repeat(STRING string, INTEGER times)
2025-11-07 21:49:34 DEBUG [main] HQL_FUNCTIONS - String replace(STRING string, STRING pattern, STRING replacement)
2025-11-07 21:49:34 DEBUG [main] HQL_FUNCTIONS - String reverse(STRING arg)
2025-11-07 21:49:34 DEBUG [main] HQL_FUNCTIONS - String right(STRING string, INTEGER length)
2025-11-07 21:49:34 DEBUG [main] HQL_FUNCTIONS - round(NUMERIC number[, INTEGER places])
2025-11-07 21:49:34 DEBUG [main] HQL_FUNCTIONS - Long row_number()
2025-11-07 21:49:34 DEBUG [main] HQL_FUNCTIONS - String rpad(string, length[, padding])
2025-11-07 21:49:34 DEBUG [main] HQL_FUNCTIONS - String rtrim(STRING string[, STRING characters])
2025-11-07 21:49:34 DEBUG [main] HQL_FUNCTIONS - Integer second(TIME arg)
2025-11-07 21:49:34 DEBUG [main] HQL_FUNCTIONS - String sha(arg)
2025-11-07 21:49:34 DEBUG [main] HQL_FUNCTIONS - String sha1(arg)
2025-11-07 21:49:34 DEBUG [main] HQL_FUNCTIONS - String sha2(arg0, arg1)
2025-11-07 21:49:34 DEBUG [main] HQL_FUNCTIONS - Integer sign(NUMERIC arg)
2025-11-07 21:49:34 DEBUG [main] HQL_FUNCTIONS - Double sin(NUMERIC arg)
2025-11-07 21:49:34 DEBUG [main] HQL_FUNCTIONS - Double sinh(NUMERIC arg)
2025-11-07 21:49:34 DEBUG [main] HQL_FUNCTIONS - String soundex(arg)
2025-11-07 21:49:34 DEBUG [main] HQL_FUNCTIONS - String space(INTEGER arg)
2025-11-07 21:49:34 DEBUG [main] HQL_FUNCTIONS - sql
2025-11-07 21:49:34 DEBUG [main] HQL_FUNCTIONS - Double sqrt(NUMERIC arg)
2025-11-07 21:49:34 DEBUG [main] HQL_FUNCTIONS - Double stddev(NUMERIC arg)
2025-11-07 21:49:34 DEBUG [main] HQL_FUNCTIONS - Double stddev_pop(NUMERIC arg)
2025-11-07 21:49:34 DEBUG [main] HQL_FUNCTIONS - Double stddev_samp(NUMERIC arg)
2025-11-07 21:49:34 DEBUG [main] HQL_FUNCTIONS - String str(arg)
2025-11-07 21:49:34 DEBUG [main] HQL_FUNCTIONS - subdate(DATE datetime, INTEGER days)
2025-11-07 21:49:34 DEBUG [main] HQL_FUNCTIONS - String substr(STRING string, INTEGER start[, INTEGER length])
2025-11-07 21:49:34 DEBUG [main] HQL_FUNCTIONS - String substring(STRING string{ from|,} INTEGER start[{ for|,} INTEGER length])
2025-11-07 21:49:34 DEBUG [main] HQL_FUNCTIONS - subtime(TIME datetime, TIME time)
2025-11-07 21:49:34 DEBUG [main] HQL_FUNCTIONS - sum(arg)
2025-11-07 21:49:34 DEBUG [main] HQL_FUNCTIONS - Timestamp sysdate()
2025-11-07 21:49:34 DEBUG [main] HQL_FUNCTIONS - Double tan(NUMERIC arg)
2025-11-07 21:49:34 DEBUG [main] HQL_FUNCTIONS - Double tanh(NUMERIC arg)
2025-11-07 21:49:34 DEBUG [main] HQL_FUNCTIONS - String time(arg)
2025-11-07 21:49:34 DEBUG [main] HQL_FUNCTIONS - Timestamp timestamp(arg0[, arg1])
2025-11-07 21:49:34 DEBUG [main] HQL_FUNCTIONS - timestampadd(TEMPORAL_UNIT field, INTEGER magnitude, TEMPORAL datetime)
2025-11-07 21:49:34 DEBUG [main] HQL_FUNCTIONS - Long|Double timestampdiff(TEMPORAL_UNIT field, TEMPORAL start, TEMPORAL end)
2025-11-07 21:49:34 DEBUG [main] HQL_FUNCTIONS - String trim([[{leading|trailing|both} ][STRING arg0 ]from] STRING arg1)
2025-11-07 21:49:34 DEBUG [main] HQL_FUNCTIONS - trunc( ... )
2025-11-07 21:49:34 DEBUG [main] HQL_FUNCTIONS - truncate( ... )
2025-11-07 21:49:34 DEBUG [main] HQL_FUNCTIONS - String upper(STRING string)
2025-11-07 21:49:34 DEBUG [main] HQL_FUNCTIONS - Date utc_date
2025-11-07 21:49:34 DEBUG [main] HQL_FUNCTIONS - Time utc_time
2025-11-07 21:49:34 DEBUG [main] HQL_FUNCTIONS - Timestamp utc_timestamp
2025-11-07 21:49:34 DEBUG [main] HQL_FUNCTIONS - Double var_pop(NUMERIC arg)
2025-11-07 21:49:34 DEBUG [main] HQL_FUNCTIONS - Double var_samp(NUMERIC arg)
2025-11-07 21:49:34 DEBUG [main] HQL_FUNCTIONS - Double variance(NUMERIC arg)
2025-11-07 21:49:34 DEBUG [main] HQL_FUNCTIONS - Integer week(DATE arg)
2025-11-07 21:49:34 DEBUG [main] HQL_FUNCTIONS - Integer year(DATE arg)
2025-11-07 21:49:34 DEBUG [main] cache - Starting QueryInterpretationCache(2048)
2025-11-07 21:49:34 DEBUG [main] SessionFactoryServiceRegistryImpl - EventListenerRegistry access via ServiceRegistry is deprecated.  Use `sessionFactory.getEventEngine().getListenerRegistry()` instead
2025-11-07 21:49:34 DEBUG [main] EntityCopyObserverFactoryInitiator - Configured EntityCopyObserver strategy: disallow
2025-11-07 21:49:34 DEBUG [main] interceptor - To-one property `com.codecraft.product.domain.entity.SaleItem#product` was mapped with LAZY + NO_PROXY but the class was not enhanced
2025-11-07 21:49:34 DEBUG [main] interceptor - To-one property `com.codecraft.product.domain.entity.SaleItem#product` was mapped with LAZY + NO_PROXY but the class was not enhanced
2025-11-07 21:49:34 DEBUG [main] interceptor - To-one property `com.codecraft.product.domain.entity.SaleItem#sale` was mapped with LAZY + NO_PROXY but the class was not enhanced
2025-11-07 21:49:34 DEBUG [main] interceptor - To-one property `com.codecraft.product.domain.entity.SaleItem#sale` was mapped with LAZY + NO_PROXY but the class was not enhanced
2025-11-07 21:49:34 DEBUG [main] ClassLoaderAccessImpl - Not known whether passed class name [com.codecraft.product.domain.entity.SaleItem] is safe
2025-11-07 21:49:34 DEBUG [main] ClassLoaderAccessImpl - No temp ClassLoader provided; using live ClassLoader for loading potentially unsafe class : com.codecraft.product.domain.entity.SaleItem
2025-11-07 21:49:35 DEBUG [main] BytecodeProviderImpl - HHH000513: Unable to create the ReflectionOptimizer for [com.codecraft.product.domain.entity.SaleItem]: private accessor [product]
2025-11-07 21:49:35 DEBUG [main] interceptor - To-one property `com.codecraft.product.domain.entity.SaleItem#product` was mapped with LAZY + NO_PROXY but the class was not enhanced
2025-11-07 21:49:35 DEBUG [main] interceptor - To-one property `com.codecraft.product.domain.entity.SaleItem#sale` was mapped with LAZY + NO_PROXY but the class was not enhanced
2025-11-07 21:49:35 DEBUG [main] ClassLoaderAccessImpl - Not known whether passed class name [com.codecraft.product.domain.entity.Product] is safe
2025-11-07 21:49:35 DEBUG [main] ClassLoaderAccessImpl - No temp ClassLoader provided; using live ClassLoader for loading potentially unsafe class : com.codecraft.product.domain.entity.Product
2025-11-07 21:49:35 DEBUG [main] BytecodeProviderImpl - HHH000513: Unable to create the ReflectionOptimizer for [com.codecraft.product.domain.entity.Product]: private accessor [active]
2025-11-07 21:49:35 DEBUG [main] ClassLoaderAccessImpl - Not known whether passed class name [com.codecraft.product.domain.entity.User] is safe
2025-11-07 21:49:35 DEBUG [main] ClassLoaderAccessImpl - No temp ClassLoader provided; using live ClassLoader for loading potentially unsafe class : com.codecraft.product.domain.entity.User
2025-11-07 21:49:35 DEBUG [main] BytecodeProviderImpl - HHH000513: Unable to create the ReflectionOptimizer for [com.codecraft.product.domain.entity.User]: private accessor [dateOfBirth]
2025-11-07 21:49:35 DEBUG [main] interceptor - To-one property `com.codecraft.product.domain.entity.ProductInventory#product` was mapped with LAZY + NO_PROXY but the class was not enhanced
2025-11-07 21:49:35 DEBUG [main] interceptor - To-one property `com.codecraft.product.domain.entity.ProductInventory#product` was mapped with LAZY + NO_PROXY but the class was not enhanced
2025-11-07 21:49:35 DEBUG [main] ClassLoaderAccessImpl - Not known whether passed class name [com.codecraft.product.domain.entity.ProductInventory] is safe
2025-11-07 21:49:35 DEBUG [main] ClassLoaderAccessImpl - No temp ClassLoader provided; using live ClassLoader for loading potentially unsafe class : com.codecraft.product.domain.entity.ProductInventory
2025-11-07 21:49:35 DEBUG [main] BytecodeProviderImpl - HHH000513: Unable to create the ReflectionOptimizer for [com.codecraft.product.domain.entity.ProductInventory]: private accessor [product]
2025-11-07 21:49:35 DEBUG [main] interceptor - To-one property `com.codecraft.product.domain.entity.ProductInventory#product` was mapped with LAZY + NO_PROXY but the class was not enhanced
2025-11-07 21:49:35 DEBUG [main] interceptor - To-one property `com.codecraft.product.domain.entity.Sale#user` was mapped with LAZY + NO_PROXY but the class was not enhanced
2025-11-07 21:49:35 DEBUG [main] interceptor - To-one property `com.codecraft.product.domain.entity.Sale#user` was mapped with LAZY + NO_PROXY but the class was not enhanced
2025-11-07 21:49:35 DEBUG [main] ClassLoaderAccessImpl - Not known whether passed class name [com.codecraft.product.domain.entity.Sale] is safe
2025-11-07 21:49:35 DEBUG [main] ClassLoaderAccessImpl - No temp ClassLoader provided; using live ClassLoader for loading potentially unsafe class : com.codecraft.product.domain.entity.Sale
2025-11-07 21:49:35 DEBUG [main] BytecodeProviderImpl - HHH000513: Unable to create the ReflectionOptimizer for [com.codecraft.product.domain.entity.Sale]: private accessor [date]
2025-11-07 21:49:35 DEBUG [main] interceptor - To-one property `com.codecraft.product.domain.entity.Sale#user` was mapped with LAZY + NO_PROXY but the class was not enhanced
2025-11-07 21:49:35 DEBUG [main] ClassLoaderAccessImpl - Not known whether passed class name [com.codecraft.product.domain.entity.UserPasswordAudit] is safe
2025-11-07 21:49:35 DEBUG [main] ClassLoaderAccessImpl - No temp ClassLoader provided; using live ClassLoader for loading potentially unsafe class : com.codecraft.product.domain.entity.UserPasswordAudit
2025-11-07 21:49:35 DEBUG [main] BytecodeProviderImpl - HHH000513: Unable to create the ReflectionOptimizer for [com.codecraft.product.domain.entity.UserPasswordAudit]: private accessor [changedAt]
2025-11-07 21:49:35 DEBUG [main] mutation - Skipping collection (re)creation - com.codecraft.product.domain.entity.Sale.items
2025-11-07 21:49:35 DEBUG [main] mutation - Skipping collection row deletions - com.codecraft.product.domain.entity.Sale.items
2025-11-07 21:49:35 DEBUG [main] mutation - Skipping collection removals - com.codecraft.product.domain.entity.Sale.items
2025-11-07 21:49:35 DEBUG [main] creation - Starting post-init callbacks
2025-11-07 21:49:35 DEBUG [main] creation - Starting PostInitCallbackEntry : To-one key - NavigableRole[com.codecraft.product.domain.entity.SaleItem.product]
2025-11-07 21:49:35 DEBUG [main] creation - Starting PostInitCallbackEntry : To-one key - NavigableRole[com.codecraft.product.domain.entity.SaleItem.sale]
2025-11-07 21:49:35 DEBUG [main] creation - Starting PostInitCallbackEntry : Entity(com.codecraft.product.domain.entity.SaleItem) `staticFetchableList` generator
2025-11-07 21:49:35 DEBUG [main] creation - Starting PostInitCallbackEntry : Entity(com.codecraft.product.domain.entity.Product) `staticFetchableList` generator
2025-11-07 21:49:35 DEBUG [main] creation - Starting PostInitCallbackEntry : Entity(com.codecraft.product.domain.entity.User) `staticFetchableList` generator
2025-11-07 21:49:35 DEBUG [main] creation - Starting PostInitCallbackEntry : To-one key - NavigableRole[com.codecraft.product.domain.entity.ProductInventory.product]
2025-11-07 21:49:35 DEBUG [main] creation - Starting PostInitCallbackEntry : Entity(com.codecraft.product.domain.entity.ProductInventory) `staticFetchableList` generator
2025-11-07 21:49:35 DEBUG [main] creation - Starting PostInitCallbackEntry : PluralAttributeMapping( NavigableRole[com.codecraft.product.domain.entity.Sale.items#{element}]) - element descriptor
2025-11-07 21:49:35 DEBUG [main] creation - Starting PostInitCallbackEntry : PluralAttributeMapping(com.codecraft.product.domain.entity.Sale.items)#finishInitialization
2025-11-07 21:49:35 DEBUG [main] creation - Starting PostInitCallbackEntry : PluralAttributeMapping(com.codecraft.product.domain.entity.Sale.items) - key descriptor
2025-11-07 21:49:35 DEBUG [main] creation - Starting PostInitCallbackEntry : To-one key - NavigableRole[com.codecraft.product.domain.entity.Sale.user]
2025-11-07 21:49:35 DEBUG [main] creation - Starting PostInitCallbackEntry : Entity(com.codecraft.product.domain.entity.Sale) `staticFetchableList` generator
2025-11-07 21:49:35 DEBUG [main] creation - Starting PostInitCallbackEntry : Entity(com.codecraft.product.domain.entity.UserPasswordAudit) `staticFetchableList` generator
2025-11-07 21:49:35 DEBUG [main] creation - Starting PostInitCallbackEntry : PluralAttributeMapping( NavigableRole[com.codecraft.product.domain.entity.Sale.items#{element}]) - element descriptor
2025-11-07 21:49:35 DEBUG [main] create - Created new SQL alias : si1_0
2025-11-07 21:49:35 DEBUG [main] create - Registration of TableGroup [StandardTableGroup(com.codecraft.product.domain.entity.SaleItem)] with identifierForTableGroup [com.codecraft.product.domain.entity.SaleItem] for NavigablePath [com.codecraft.product.domain.entity.SaleItem] 
2025-11-07 21:49:35 DEBUG [main] create - Registration of TableGroup [org.hibernate.sql.ast.tree.from.LazyTableGroup@5af8ef61] with identifierForTableGroup [com.codecraft.product.domain.entity.SaleItem.product] for NavigablePath [com.codecraft.product.domain.entity.SaleItem.product] 
2025-11-07 21:49:35 DEBUG [main] create - Created new SQL alias : p1_0
2025-11-07 21:49:35 DEBUG [main] create - Registration of TableGroup [org.hibernate.sql.ast.tree.from.LazyTableGroup@2b826482] with identifierForTableGroup [com.codecraft.product.domain.entity.SaleItem.sale] for NavigablePath [com.codecraft.product.domain.entity.SaleItem.sale] 
2025-11-07 21:49:35 DEBUG [main] create - Created new SQL alias : s1_0
2025-11-07 21:49:35 DEBUG [main] create - Registration of TableGroup [org.hibernate.sql.ast.tree.from.LazyTableGroup@3f908a10] with identifierForTableGroup [com.codecraft.product.domain.entity.SaleItem.sale.user] for NavigablePath [com.codecraft.product.domain.entity.SaleItem.sale.user] 
2025-11-07 21:49:35 DEBUG [main] create - Created new SQL alias : u1_0
2025-11-07 21:49:35 DEBUG [main] AST - DomainResult Graph:
 \-EntityResultImpl [com.codecraft.product.domain.entity.SaleItem]
 |  +-EntityFetchJoinedImpl [com.codecraft.product.domain.entity.SaleItem.product]
 |  |  +-BasicFetch [com.codecraft.product.domain.entity.SaleItem.product.active]
 |  |  +-BasicFetch [com.codecraft.product.domain.entity.SaleItem.product.description]
 |  |  +-BasicFetch [com.codecraft.product.domain.entity.SaleItem.product.name]
 |  |  +-BasicFetch [com.codecraft.product.domain.entity.SaleItem.product.price]
 |  |  +-BasicFetch [com.codecraft.product.domain.entity.SaleItem.product.registerDate]
 |  |  \-BasicFetch [com.codecraft.product.domain.entity.SaleItem.product.updateDate]
 |  +-BasicFetch [com.codecraft.product.domain.entity.SaleItem.quantity]
 |  +-EntityFetchJoinedImpl [com.codecraft.product.domain.entity.SaleItem.sale]
 |  |  +-BasicFetch [com.codecraft.product.domain.entity.SaleItem.sale.date]
 |  |  +-DelayedCollectionFetch [com.codecraft.product.domain.entity.SaleItem.sale.items]
 |  |  +-BasicFetch [com.codecraft.product.domain.entity.SaleItem.sale.totalPrice]
 |  |  \-EntityFetchJoinedImpl [com.codecraft.product.domain.entity.SaleItem.sale.user]
 |  |  |  +-BasicFetch [com.codecraft.product.domain.entity.SaleItem.sale.user.dateOfBirth]
 |  |  |  +-BasicFetch [com.codecraft.product.domain.entity.SaleItem.sale.user.firstName]
 |  |  |  +-BasicFetch [com.codecraft.product.domain.entity.SaleItem.sale.user.gender]
 |  |  |  +-BasicFetch [com.codecraft.product.domain.entity.SaleItem.sale.user.lastName]
 |  |  |  +-BasicFetch [com.codecraft.product.domain.entity.SaleItem.sale.user.middleName]
 |  |  |  +-BasicFetch [com.codecraft.product.domain.entity.SaleItem.sale.user.password]
 |  |  |  +-BasicFetch [com.codecraft.product.domain.entity.SaleItem.sale.user.registerDate]
 |  |  |  +-BasicFetch [com.codecraft.product.domain.entity.SaleItem.sale.user.stateOfBirth]
 |  |  |  +-BasicFetch [com.codecraft.product.domain.entity.SaleItem.sale.user.updateDate]
 |  |  |  \-BasicFetch [com.codecraft.product.domain.entity.SaleItem.sale.user.userName]
 |  \-BasicFetch [com.codecraft.product.domain.entity.SaleItem.unitPrice]

2025-11-07 21:49:35 DEBUG [main] tree - SQL AST Tree:
    SelectStatement {
      FromClause {
        StandardTableGroup (si1 : com.codecraft.product.domain.entity.SaleItem) {
          primaryTableReference : productoventa as si1_0
          TableGroupJoins {
             join LazyTableGroup (p1 : com.codecraft.product.domain.entity.SaleItem.product) {
              primaryTableReference : producto as p1_0
            }
             join LazyTableGroup (s1 : com.codecraft.product.domain.entity.SaleItem.sale) {
              primaryTableReference : venta as s1_0
              TableGroupJoins {
                 join LazyTableGroup (u1 : com.codecraft.product.domain.entity.SaleItem.sale.user) {
                  primaryTableReference : usuario as u1_0
                }
              }
            }
          }
        }
      }
    }

2025-11-07 21:49:35 DEBUG [main] AbstractEntityPersister - Static SQL for entity: com.codecraft.product.domain.entity.SaleItem
2025-11-07 21:49:35 DEBUG [main] AbstractEntityPersister -  Version select: select producto_venta_id from productoventa where producto_venta_id=?
2025-11-07 21:49:35 DEBUG [main] AbstractEntityPersister -  Insert (0): insert into productoventa (producto_id,cantidad,venta_id,precio_unitario) values (?,?,?,?)
2025-11-07 21:49:35 DEBUG [main] AbstractEntityPersister -  Update (0): update productoventa set producto_id=?,cantidad=?,venta_id=?,precio_unitario=? where producto_venta_id=?
2025-11-07 21:49:35 DEBUG [main] AbstractEntityPersister -  Delete (0): delete from productoventa where producto_venta_id=?
2025-11-07 21:49:35 DEBUG [main] create - Created new SQL alias : p1_0
2025-11-07 21:49:35 DEBUG [main] create - Registration of TableGroup [StandardTableGroup(com.codecraft.product.domain.entity.Product)] with identifierForTableGroup [com.codecraft.product.domain.entity.Product] for NavigablePath [com.codecraft.product.domain.entity.Product] 
2025-11-07 21:49:35 DEBUG [main] AST - DomainResult Graph:
 \-EntityResultImpl [com.codecraft.product.domain.entity.Product]
 |  +-BasicFetch [com.codecraft.product.domain.entity.Product.active]
 |  +-BasicFetch [com.codecraft.product.domain.entity.Product.description]
 |  +-BasicFetch [com.codecraft.product.domain.entity.Product.name]
 |  +-BasicFetch [com.codecraft.product.domain.entity.Product.price]
 |  +-BasicFetch [com.codecraft.product.domain.entity.Product.registerDate]
 |  \-BasicFetch [com.codecraft.product.domain.entity.Product.updateDate]

2025-11-07 21:49:35 DEBUG [main] tree - SQL AST Tree:
    SelectStatement {
      FromClause {
        StandardTableGroup (p1 : com.codecraft.product.domain.entity.Product) {
          primaryTableReference : producto as p1_0
        }
      }
    }

2025-11-07 21:49:35 DEBUG [main] AbstractEntityPersister - Static SQL for entity: com.codecraft.product.domain.entity.Product
2025-11-07 21:49:35 DEBUG [main] AbstractEntityPersister -  Version select: select producto_id from producto where producto_id=?
2025-11-07 21:49:35 DEBUG [main] AbstractEntityPersister -  Insert (0): insert into producto (activo,descripcion,nombre,precio,fecha_registro,fecha_actualizacion) values (?,?,?,?,?,?)
2025-11-07 21:49:35 DEBUG [main] AbstractEntityPersister -  Update (0): update producto set activo=?,descripcion=?,nombre=?,precio=?,fecha_registro=?,fecha_actualizacion=? where producto_id=?
2025-11-07 21:49:35 DEBUG [main] AbstractEntityPersister -  Delete (0): delete from producto where producto_id=?
2025-11-07 21:49:35 DEBUG [main] create - Created new SQL alias : u1_0
2025-11-07 21:49:35 DEBUG [main] create - Registration of TableGroup [StandardTableGroup(com.codecraft.product.domain.entity.User)] with identifierForTableGroup [com.codecraft.product.domain.entity.User] for NavigablePath [com.codecraft.product.domain.entity.User] 
2025-11-07 21:49:35 DEBUG [main] AST - DomainResult Graph:
 \-EntityResultImpl [com.codecraft.product.domain.entity.User]
 |  +-BasicFetch [com.codecraft.product.domain.entity.User.dateOfBirth]
 |  +-BasicFetch [com.codecraft.product.domain.entity.User.firstName]
 |  +-BasicFetch [com.codecraft.product.domain.entity.User.gender]
 |  +-BasicFetch [com.codecraft.product.domain.entity.User.lastName]
 |  +-BasicFetch [com.codecraft.product.domain.entity.User.middleName]
 |  +-BasicFetch [com.codecraft.product.domain.entity.User.password]
 |  +-BasicFetch [com.codecraft.product.domain.entity.User.registerDate]
 |  +-BasicFetch [com.codecraft.product.domain.entity.User.stateOfBirth]
 |  +-BasicFetch [com.codecraft.product.domain.entity.User.updateDate]
 |  \-BasicFetch [com.codecraft.product.domain.entity.User.userName]

2025-11-07 21:49:35 DEBUG [main] tree - SQL AST Tree:
    SelectStatement {
      FromClause {
        StandardTableGroup (u1 : com.codecraft.product.domain.entity.User) {
          primaryTableReference : usuario as u1_0
        }
      }
    }

2025-11-07 21:49:35 DEBUG [main] AbstractEntityPersister - Static SQL for entity: com.codecraft.product.domain.entity.User
2025-11-07 21:49:35 DEBUG [main] AbstractEntityPersister -  Version select: select usuario_id from usuario where usuario_id=?
2025-11-07 21:49:35 DEBUG [main] AbstractEntityPersister -  Insert (0): insert into usuario (fecha_nacimiento,primer_nombre,genero,apellido_paterno,apellido_materno,contrasenia,fecha_registro,estado_nacimiento,fecha_actualizacion,nombre_usuario) values (?,?,?,?,?,?,?,?,?,?)
2025-11-07 21:49:35 DEBUG [main] AbstractEntityPersister -  Update (0): update usuario set fecha_nacimiento=?,primer_nombre=?,genero=?,apellido_paterno=?,apellido_materno=?,contrasenia=?,fecha_registro=?,estado_nacimiento=?,fecha_actualizacion=?,nombre_usuario=? where usuario_id=?
2025-11-07 21:49:35 DEBUG [main] AbstractEntityPersister -  Delete (0): delete from usuario where usuario_id=?
2025-11-07 21:49:35 DEBUG [main] create - Created new SQL alias : pi1_0
2025-11-07 21:49:35 DEBUG [main] create - Registration of TableGroup [StandardTableGroup(com.codecraft.product.domain.entity.ProductInventory)] with identifierForTableGroup [com.codecraft.product.domain.entity.ProductInventory] for NavigablePath [com.codecraft.product.domain.entity.ProductInventory] 
2025-11-07 21:49:35 DEBUG [main] create - Registration of TableGroup [org.hibernate.sql.ast.tree.from.LazyTableGroup@7ceb7a60] with identifierForTableGroup [com.codecraft.product.domain.entity.ProductInventory.product] for NavigablePath [com.codecraft.product.domain.entity.ProductInventory.product] 
2025-11-07 21:49:35 DEBUG [main] create - Created new SQL alias : p1_0
2025-11-07 21:49:35 DEBUG [main] AST - DomainResult Graph:
 \-EntityResultImpl [com.codecraft.product.domain.entity.ProductInventory]
 |  +-EntityFetchJoinedImpl [com.codecraft.product.domain.entity.ProductInventory.product]
 |  |  +-BasicFetch [com.codecraft.product.domain.entity.ProductInventory.product.active]
 |  |  +-BasicFetch [com.codecraft.product.domain.entity.ProductInventory.product.description]
 |  |  +-BasicFetch [com.codecraft.product.domain.entity.ProductInventory.product.name]
 |  |  +-BasicFetch [com.codecraft.product.domain.entity.ProductInventory.product.price]
 |  |  +-BasicFetch [com.codecraft.product.domain.entity.ProductInventory.product.registerDate]
 |  |  \-BasicFetch [com.codecraft.product.domain.entity.ProductInventory.product.updateDate]
 |  +-BasicFetch [com.codecraft.product.domain.entity.ProductInventory.quantity]
 |  +-BasicFetch [com.codecraft.product.domain.entity.ProductInventory.registerDate]
 |  \-BasicFetch [com.codecraft.product.domain.entity.ProductInventory.updateDate]

2025-11-07 21:49:35 DEBUG [main] tree - SQL AST Tree:
    SelectStatement {
      FromClause {
        StandardTableGroup (pi1 : com.codecraft.product.domain.entity.ProductInventory) {
          primaryTableReference : productoinventario as pi1_0
          TableGroupJoins {
             join LazyTableGroup (p1 : com.codecraft.product.domain.entity.ProductInventory.product) {
              primaryTableReference : producto as p1_0
            }
          }
        }
      }
    }

2025-11-07 21:49:35 DEBUG [main] AbstractEntityPersister - Static SQL for entity: com.codecraft.product.domain.entity.ProductInventory
2025-11-07 21:49:35 DEBUG [main] AbstractEntityPersister -  Version select: select producto_inventario_id from productoinventario where producto_inventario_id=?
2025-11-07 21:49:35 DEBUG [main] AbstractEntityPersister -  Insert (0): insert into productoinventario (producto_id,cantidad,fecha_registro,fecha_actualizacion) values (?,?,?,?)
2025-11-07 21:49:35 DEBUG [main] AbstractEntityPersister -  Update (0): update productoinventario set producto_id=?,cantidad=?,fecha_registro=?,fecha_actualizacion=? where producto_inventario_id=?
2025-11-07 21:49:35 DEBUG [main] AbstractEntityPersister -  Delete (0): delete from productoinventario where producto_inventario_id=?
2025-11-07 21:49:35 DEBUG [main] create - Created new SQL alias : s1_0
2025-11-07 21:49:35 DEBUG [main] create - Registration of TableGroup [StandardTableGroup(com.codecraft.product.domain.entity.Sale)] with identifierForTableGroup [com.codecraft.product.domain.entity.Sale] for NavigablePath [com.codecraft.product.domain.entity.Sale] 
2025-11-07 21:49:35 DEBUG [main] create - Registration of TableGroup [org.hibernate.sql.ast.tree.from.LazyTableGroup@6b8683b8] with identifierForTableGroup [com.codecraft.product.domain.entity.Sale.user] for NavigablePath [com.codecraft.product.domain.entity.Sale.user] 
2025-11-07 21:49:35 DEBUG [main] create - Created new SQL alias : u1_0
2025-11-07 21:49:35 DEBUG [main] AST - DomainResult Graph:
 \-EntityResultImpl [com.codecraft.product.domain.entity.Sale]
 |  +-BasicFetch [com.codecraft.product.domain.entity.Sale.date]
 |  +-DelayedCollectionFetch [com.codecraft.product.domain.entity.Sale.items]
 |  +-BasicFetch [com.codecraft.product.domain.entity.Sale.totalPrice]
 |  \-EntityFetchJoinedImpl [com.codecraft.product.domain.entity.Sale.user]
 |  |  +-BasicFetch [com.codecraft.product.domain.entity.Sale.user.dateOfBirth]
 |  |  +-BasicFetch [com.codecraft.product.domain.entity.Sale.user.firstName]
 |  |  +-BasicFetch [com.codecraft.product.domain.entity.Sale.user.gender]
 |  |  +-BasicFetch [com.codecraft.product.domain.entity.Sale.user.lastName]
 |  |  +-BasicFetch [com.codecraft.product.domain.entity.Sale.user.middleName]
 |  |  +-BasicFetch [com.codecraft.product.domain.entity.Sale.user.password]
 |  |  +-BasicFetch [com.codecraft.product.domain.entity.Sale.user.registerDate]
 |  |  +-BasicFetch [com.codecraft.product.domain.entity.Sale.user.stateOfBirth]
 |  |  +-BasicFetch [com.codecraft.product.domain.entity.Sale.user.updateDate]
 |  |  \-BasicFetch [com.codecraft.product.domain.entity.Sale.user.userName]

2025-11-07 21:49:35 DEBUG [main] tree - SQL AST Tree:
    SelectStatement {
      FromClause {
        StandardTableGroup (s1 : com.codecraft.product.domain.entity.Sale) {
          primaryTableReference : venta as s1_0
          TableGroupJoins {
             join LazyTableGroup (u1 : com.codecraft.product.domain.entity.Sale.user) {
              primaryTableReference : usuario as u1_0
            }
          }
        }
      }
    }

2025-11-07 21:49:35 DEBUG [main] AbstractEntityPersister - Static SQL for entity: com.codecraft.product.domain.entity.Sale
2025-11-07 21:49:35 DEBUG [main] AbstractEntityPersister -  Version select: select venta_id from venta where venta_id=?
2025-11-07 21:49:35 DEBUG [main] AbstractEntityPersister -  Insert (0): insert into venta (fecha,precio_total,usuario_id) values (?,?,?)
2025-11-07 21:49:35 DEBUG [main] AbstractEntityPersister -  Update (0): update venta set fecha=?,precio_total=?,usuario_id=? where venta_id=?
2025-11-07 21:49:35 DEBUG [main] AbstractEntityPersister -  Delete (0): delete from venta where venta_id=?
2025-11-07 21:49:35 DEBUG [main] create - Created new SQL alias : upa1_0
2025-11-07 21:49:35 DEBUG [main] create - Registration of TableGroup [StandardTableGroup(com.codecraft.product.domain.entity.UserPasswordAudit)] with identifierForTableGroup [com.codecraft.product.domain.entity.UserPasswordAudit] for NavigablePath [com.codecraft.product.domain.entity.UserPasswordAudit] 
2025-11-07 21:49:35 DEBUG [main] AST - DomainResult Graph:
 \-EntityResultImpl [com.codecraft.product.domain.entity.UserPasswordAudit]
 |  +-BasicFetch [com.codecraft.product.domain.entity.UserPasswordAudit.changedAt]
 |  +-BasicFetch [com.codecraft.product.domain.entity.UserPasswordAudit.newPassword]
 |  +-BasicFetch [com.codecraft.product.domain.entity.UserPasswordAudit.oldPassword]
 |  \-BasicFetch [com.codecraft.product.domain.entity.UserPasswordAudit.userId]

2025-11-07 21:49:35 DEBUG [main] tree - SQL AST Tree:
    SelectStatement {
      FromClause {
        StandardTableGroup (upa1 : com.codecraft.product.domain.entity.UserPasswordAudit) {
          primaryTableReference : usuario_auditoria as upa1_0
        }
      }
    }

2025-11-07 21:49:35 DEBUG [main] AbstractEntityPersister - Static SQL for entity: com.codecraft.product.domain.entity.UserPasswordAudit
2025-11-07 21:49:35 DEBUG [main] AbstractEntityPersister -  Version select: select auditoria_id from usuario_auditoria where auditoria_id=?
2025-11-07 21:49:35 DEBUG [main] AbstractEntityPersister -  Insert (0): insert into usuario_auditoria (fecha_cambio,contrasenia_nueva,contrasenia_anterior,usario_id) values (?,?,?,?)
2025-11-07 21:49:35 DEBUG [main] AbstractEntityPersister -  Update (0): update usuario_auditoria set fecha_cambio=?,contrasenia_nueva=?,contrasenia_anterior=?,usario_id=? where auditoria_id=?
2025-11-07 21:49:35 DEBUG [main] AbstractEntityPersister -  Delete (0): delete from usuario_auditoria where auditoria_id=?
2025-11-07 21:49:35 DEBUG [main] create - Created new SQL alias : i1_0
2025-11-07 21:49:35 DEBUG [main] create - Registration of TableGroup [org.hibernate.sql.ast.tree.from.OneToManyTableGroup@38224635] with identifierForTableGroup [com.codecraft.product.domain.entity.Sale.items] for NavigablePath [com.codecraft.product.domain.entity.Sale.items] 
2025-11-07 21:49:35 DEBUG [main] create - Registration of TableGroup [StandardTableGroup(com.codecraft.product.domain.entity.Sale.items.{element})] with identifierForTableGroup [com.codecraft.product.domain.entity.Sale.items.{element}] for NavigablePath [com.codecraft.product.domain.entity.Sale.items.{element}] 
2025-11-07 21:49:35 DEBUG [main] create - Registration of TableGroup [org.hibernate.sql.ast.tree.from.LazyTableGroup@f4b2d13] with identifierForTableGroup [com.codecraft.product.domain.entity.Sale.items.{element}.product] for NavigablePath [com.codecraft.product.domain.entity.Sale.items.{element}.product] 
2025-11-07 21:49:35 DEBUG [main] create - Created new SQL alias : p1_0
2025-11-07 21:49:35 DEBUG [main] create - Registration of TableGroup [org.hibernate.sql.ast.tree.from.LazyTableGroup@701996e9] with identifierForTableGroup [com.codecraft.product.domain.entity.Sale.items.{element}.sale] for NavigablePath [com.codecraft.product.domain.entity.Sale.items.{element}.sale] 
2025-11-07 21:49:35 DEBUG [main] AST - DomainResult Graph:
 \-CollectionDomainResult [com.codecraft.product.domain.entity.Sale.items]

2025-11-07 21:49:35 DEBUG [main] tree - SQL AST Tree:
    SelectStatement {
      FromClause {
        OneToManyTableGroup (i1 : com.codecraft.product.domain.entity.Sale.items) {
          primaryTableReference : productoventa as i1_0
          TableGroupJoins {
            left  join LazyTableGroup (p1 : com.codecraft.product.domain.entity.Sale.items.{element}.product) {
              primaryTableReference : producto as p1_0
            }
            left  join LazyTableGroup (s1 : com.codecraft.product.domain.entity.Sale.items.{element}.sale) {
            }
          }
        }
      }
    }

2025-11-07 21:49:35 DEBUG [main] mutation - Static SQL for collection: com.codecraft.product.domain.entity.Sale.items
2025-11-07 21:49:35 INFO  [main] JtaPlatformInitiator - HHH000489: No JTA platform available (set 'hibernate.transaction.jta.platform' to enable JTA platform integration)
2025-11-07 21:49:35 DEBUG [main] TypeConfiguration$Scope - Scoping TypeConfiguration [org.hibernate.type.spi.TypeConfiguration@7bdf94f2] to SessionFactoryImplementor [org.hibernate.internal.SessionFactoryImpl@52cda4bd]
2025-11-07 21:49:35 DEBUG [main] NamedObjectRepository - Checking 0 named HQL queries
2025-11-07 21:49:35 DEBUG [main] NamedObjectRepository - Checking 0 named SQL queries
2025-11-07 21:49:35 DEBUG [main] Table - No alter strings for table : producto
2025-11-07 21:49:35 DEBUG [main] Table - No alter strings for table : productoinventario
2025-11-07 21:49:35 DEBUG [main] Table - No alter strings for table : productoventa
2025-11-07 21:49:35 DEBUG [main] Table - No alter strings for table : usuario
2025-11-07 21:49:35 DEBUG [main] Table - No alter strings for table : usuario_auditoria
2025-11-07 21:49:35 DEBUG [main] Table - No alter strings for table : venta
2025-11-07 21:49:35 DEBUG [main] SessionFactoryRegistry - Initializing SessionFactoryRegistry : org.hibernate.internal.SessionFactoryRegistry@52e5ad71
2025-11-07 21:49:35 DEBUG [main] SessionFactoryRegistry - Registering SessionFactory: 4ced6a74-5a62-4e74-ac2d-9db68931aa19 (<unnamed>)
2025-11-07 21:49:35 DEBUG [main] SessionFactoryRegistry - Not binding SessionFactory to JNDI, no JNDI name configured
2025-11-07 21:49:35 DEBUG [main] SessionFactoryImpl - Instantiated SessionFactory
2025-11-07 21:49:35 INFO  [main] LocalContainerEntityManagerFactoryBean - Initialized JPA EntityManagerFactory for persistence unit 'default'
2025-11-07 21:49:35 DEBUG [main] DefaultListableBeanFactory - Creating shared instance of singleton bean 'productApplication'
2025-11-07 21:49:35 DEBUG [main] DefaultListableBeanFactory - Creating shared instance of singleton bean 'corsConfig'
2025-11-07 21:49:35 DEBUG [main] DefaultListableBeanFactory - Creating shared instance of singleton bean 'swaggerConfig'
2025-11-07 21:49:35 DEBUG [main] DefaultListableBeanFactory - Creating shared instance of singleton bean 'webSecurityConfig'
2025-11-07 21:49:35 DEBUG [main] DefaultListableBeanFactory - Creating shared instance of singleton bean 'authController'
2025-11-07 21:49:35 DEBUG [main] DefaultListableBeanFactory - Creating shared instance of singleton bean 'userService'
2025-11-07 21:49:35 INFO  [main] UserService - UserService inicializado correctamente - prueba de log
2025-11-07 21:49:35 DEBUG [main] DefaultListableBeanFactory - Creating shared instance of singleton bean 'userRepository'
2025-11-07 21:49:35 DEBUG [main] DefaultListableBeanFactory - Creating shared instance of singleton bean 'jpa.named-queries#0'
2025-11-07 21:49:35 DEBUG [main] DefaultListableBeanFactory - Creating shared instance of singleton bean 'jpa.UserRepository.fragments#0'
2025-11-07 21:49:35 DEBUG [main] DefaultListableBeanFactory - Creating shared instance of singleton bean 'jpaSharedEM_entityManagerFactory'
2025-11-07 21:49:35 DEBUG [main] DefaultListableBeanFactory - Creating shared instance of singleton bean 'jpaMappingContext'
2025-11-07 21:49:35 DEBUG [main] JpaMetamodelMappingContextFactoryBean - Initializing JpaMetamodelMappingContext…
2025-11-07 21:49:35 DEBUG [main] JpaMetamodelMappingContextFactoryBean - Finished initializing JpaMetamodelMappingContext
2025-11-07 21:49:36 DEBUG [main] RepositoryFactorySupport - Initializing repository instance for com.codecraft.product.domain.repository.UserRepository…
2025-11-07 21:49:36 DEBUG [main] NamedQuery - Looking up named query 'User.findByFirstNameContainingOrLastNameContainingOrMiddleNameContaining'
2025-11-07 21:49:36 DEBUG [main] StatisticsInitiator - Statistics initialized [enabled=false]
2025-11-07 21:49:36 DEBUG [main] JdbcResourceLocalTransactionCoordinatorImpl - JDBC transaction marked for rollback-only (exception provided for stack trace)
java.lang.Exception: exception just for purpose of providing stack trace
	at org.hibernate.resource.transaction.backend.jdbc.internal.JdbcResourceLocalTransactionCoordinatorImpl$TransactionDriverControlImpl.markRollbackOnly(JdbcResourceLocalTransactionCoordinatorImpl.java:309) ~[hibernate-core-6.6.29.Final.jar:6.6.29.Final]
	at org.hibernate.internal.AbstractSharedSessionContract.buildNamedQuery(AbstractSharedSessionContract.java:1141) ~[hibernate-core-6.6.29.Final.jar:6.6.29.Final]
	at org.hibernate.internal.AbstractSharedSessionContract.createNamedQuery(AbstractSharedSessionContract.java:1019) ~[hibernate-core-6.6.29.Final.jar:6.6.29.Final]
	at org.hibernate.internal.AbstractSharedSessionContract.createNamedQuery(AbstractSharedSessionContract.java:143) ~[hibernate-core-6.6.29.Final.jar:6.6.29.Final]
	at jdk.internal.reflect.NativeMethodAccessorImpl.invoke0(Native Method) ~[?:?]
	at jdk.internal.reflect.NativeMethodAccessorImpl.invoke(NativeMethodAccessorImpl.java:77) ~[?:?]
	at jdk.internal.reflect.DelegatingMethodAccessorImpl.invoke(DelegatingMethodAccessorImpl.java:43) ~[?:?]
	at java.lang.reflect.Method.invoke(Method.java:568) ~[?:?]
	at org.springframework.orm.jpa.ExtendedEntityManagerCreator$ExtendedEntityManagerInvocationHandler.invoke(ExtendedEntityManagerCreator.java:364) ~[spring-orm-6.2.11.jar:6.2.11]
	at jdk.proxy2.$Proxy147.createNamedQuery(Unknown Source) ~[?:?]
	at org.springframework.data.jpa.repository.query.NamedQuery.hasNamedQuery(NamedQuery.java:120) ~[spring-data-jpa-3.5.4.jar:3.5.4]
	at org.springframework.data.jpa.repository.query.NamedQuery.lookupFrom(NamedQuery.java:147) ~[spring-data-jpa-3.5.4.jar:3.5.4]
	at org.springframework.data.jpa.repository.query.JpaQueryLookupStrategy$DeclaredQueryLookupStrategy.resolveQuery(JpaQueryLookupStrategy.java:184) ~[spring-data-jpa-3.5.4.jar:3.5.4]
	at org.springframework.data.jpa.repository.query.JpaQueryLookupStrategy$CreateIfNotFoundQueryLookupStrategy.resolveQuery(JpaQueryLookupStrategy.java:254) ~[spring-data-jpa-3.5.4.jar:3.5.4]
	at org.springframework.data.jpa.repository.query.JpaQueryLookupStrategy$AbstractQueryLookupStrategy.resolveQuery(JpaQueryLookupStrategy.java:99) ~[spring-data-jpa-3.5.4.jar:3.5.4]
	at org.springframework.data.repository.core.support.QueryExecutorMethodInterceptor.lookupQuery(QueryExecutorMethodInterceptor.java:116) ~[spring-data-commons-3.5.4.jar:3.5.4]
	at org.springframework.data.repository.core.support.QueryExecutorMethodInterceptor.mapMethodsToQuery(QueryExecutorMethodInterceptor.java:104) ~[spring-data-commons-3.5.4.jar:3.5.4]
	at org.springframework.data.repository.core.support.QueryExecutorMethodInterceptor.lambda$new$0(QueryExecutorMethodInterceptor.java:92) ~[spring-data-commons-3.5.4.jar:3.5.4]
	at java.util.Optional.map(Optional.java:260) ~[?:?]
	at org.springframework.data.repository.core.support.QueryExecutorMethodInterceptor.<init>(QueryExecutorMethodInterceptor.java:92) ~[spring-data-commons-3.5.4.jar:3.5.4]
	at org.springframework.data.repository.core.support.RepositoryFactorySupport.getRepository(RepositoryFactorySupport.java:434) ~[spring-data-commons-3.5.4.jar:3.5.4]
	at org.springframework.data.repository.core.support.RepositoryFactoryBeanSupport.lambda$afterPropertiesSet$4(RepositoryFactoryBeanSupport.java:350) ~[spring-data-commons-3.5.4.jar:3.5.4]
	at org.springframework.data.util.Lazy.getNullable(Lazy.java:135) ~[spring-data-commons-3.5.4.jar:3.5.4]
	at org.springframework.data.util.Lazy.get(Lazy.java:113) ~[spring-data-commons-3.5.4.jar:3.5.4]
	at org.springframework.data.repository.core.support.RepositoryFactoryBeanSupport.afterPropertiesSet(RepositoryFactoryBeanSupport.java:356) ~[spring-data-commons-3.5.4.jar:3.5.4]
	at org.springframework.data.jpa.repository.support.JpaRepositoryFactoryBean.afterPropertiesSet(JpaRepositoryFactoryBean.java:132) ~[spring-data-jpa-3.5.4.jar:3.5.4]
	at org.springframework.beans.factory.support.AbstractAutowireCapableBeanFactory.invokeInitMethods(AbstractAutowireCapableBeanFactory.java:1873) ~[spring-beans-6.2.11.jar:6.2.11]
	at org.springframework.beans.factory.support.AbstractAutowireCapableBeanFactory.initializeBean(AbstractAutowireCapableBeanFactory.java:1822) ~[spring-beans-6.2.11.jar:6.2.11]
	at org.springframework.beans.factory.support.AbstractAutowireCapableBeanFactory.doCreateBean(AbstractAutowireCapableBeanFactory.java:607) ~[spring-beans-6.2.11.jar:6.2.11]
	at org.springframework.beans.factory.support.AbstractAutowireCapableBeanFactory.createBean(AbstractAutowireCapableBeanFactory.java:529) ~[spring-beans-6.2.11.jar:6.2.11]
	at org.springframework.beans.factory.support.AbstractBeanFactory.lambda$doGetBean$0(AbstractBeanFactory.java:339) ~[spring-beans-6.2.11.jar:6.2.11]
	at org.springframework.beans.factory.support.DefaultSingletonBeanRegistry.getSingleton(DefaultSingletonBeanRegistry.java:373) ~[spring-beans-6.2.11.jar:6.2.11]
	at org.springframework.beans.factory.support.AbstractBeanFactory.doGetBean(AbstractBeanFactory.java:337) ~[spring-beans-6.2.11.jar:6.2.11]
	at org.springframework.beans.factory.support.AbstractBeanFactory.getBean(AbstractBeanFactory.java:202) ~[spring-beans-6.2.11.jar:6.2.11]
	at org.springframework.beans.factory.support.DefaultListableBeanFactory.doResolveDependency(DefaultListableBeanFactory.java:1698) ~[spring-beans-6.2.11.jar:6.2.11]
	at org.springframework.beans.factory.support.DefaultListableBeanFactory.resolveDependency(DefaultListableBeanFactory.java:1643) ~[spring-beans-6.2.11.jar:6.2.11]
	at org.springframework.beans.factory.annotation.AutowiredAnnotationBeanPostProcessor$AutowiredFieldElement.resolveFieldValue(AutowiredAnnotationBeanPostProcessor.java:785) ~[spring-beans-6.2.11.jar:6.2.11]
	at org.springframework.beans.factory.annotation.AutowiredAnnotationBeanPostProcessor$AutowiredFieldElement.inject(AutowiredAnnotationBeanPostProcessor.java:768) ~[spring-beans-6.2.11.jar:6.2.11]
	at org.springframework.beans.factory.annotation.InjectionMetadata.inject(InjectionMetadata.java:146) ~[spring-beans-6.2.11.jar:6.2.11]
	at org.springframework.beans.factory.annotation.AutowiredAnnotationBeanPostProcessor.postProcessProperties(AutowiredAnnotationBeanPostProcessor.java:509) ~[spring-beans-6.2.11.jar:6.2.11]
	at org.springframework.beans.factory.support.AbstractAutowireCapableBeanFactory.populateBean(AbstractAutowireCapableBeanFactory.java:1459) ~[spring-beans-6.2.11.jar:6.2.11]
	at org.springframework.beans.factory.support.AbstractAutowireCapableBeanFactory.doCreateBean(AbstractAutowireCapableBeanFactory.java:606) ~[spring-beans-6.2.11.jar:6.2.11]
	at org.springframework.beans.factory.support.AbstractAutowireCapableBeanFactory.createBean(AbstractAutowireCapableBeanFactory.java:529) ~[spring-beans-6.2.11.jar:6.2.11]
	at org.springframework.beans.factory.support.AbstractBeanFactory.lambda$doGetBean$0(AbstractBeanFactory.java:339) ~[spring-beans-6.2.11.jar:6.2.11]
	at org.springframework.beans.factory.support.DefaultSingletonBeanRegistry.getSingleton(DefaultSingletonBeanRegistry.java:373) ~[spring-beans-6.2.11.jar:6.2.11]
	at org.springframework.beans.factory.support.AbstractBeanFactory.doGetBean(AbstractBeanFactory.java:337) ~[spring-beans-6.2.11.jar:6.2.11]
	at org.springframework.beans.factory.support.AbstractBeanFactory.getBean(AbstractBeanFactory.java:202) ~[spring-beans-6.2.11.jar:6.2.11]
	at org.springframework.beans.factory.support.DefaultListableBeanFactory.doResolveDependency(DefaultListableBeanFactory.java:1698) ~[spring-beans-6.2.11.jar:6.2.11]
	at org.springframework.beans.factory.support.DefaultListableBeanFactory.resolveDependency(DefaultListableBeanFactory.java:1643) ~[spring-beans-6.2.11.jar:6.2.11]
	at org.springframework.beans.factory.annotation.AutowiredAnnotationBeanPostProcessor$AutowiredFieldElement.resolveFieldValue(AutowiredAnnotationBeanPostProcessor.java:785) ~[spring-beans-6.2.11.jar:6.2.11]
	at org.springframework.beans.factory.annotation.AutowiredAnnotationBeanPostProcessor$AutowiredFieldElement.inject(AutowiredAnnotationBeanPostProcessor.java:768) ~[spring-beans-6.2.11.jar:6.2.11]
	at org.springframework.beans.factory.annotation.InjectionMetadata.inject(InjectionMetadata.java:146) ~[spring-beans-6.2.11.jar:6.2.11]
	at org.springframework.beans.factory.annotation.AutowiredAnnotationBeanPostProcessor.postProcessProperties(AutowiredAnnotationBeanPostProcessor.java:509) ~[spring-beans-6.2.11.jar:6.2.11]
	at org.springframework.beans.factory.support.AbstractAutowireCapableBeanFactory.populateBean(AbstractAutowireCapableBeanFactory.java:1459) ~[spring-beans-6.2.11.jar:6.2.11]
	at org.springframework.beans.factory.support.AbstractAutowireCapableBeanFactory.doCreateBean(AbstractAutowireCapableBeanFactory.java:606) ~[spring-beans-6.2.11.jar:6.2.11]
	at org.springframework.beans.factory.support.AbstractAutowireCapableBeanFactory.createBean(AbstractAutowireCapableBeanFactory.java:529) ~[spring-beans-6.2.11.jar:6.2.11]
	at org.springframework.beans.factory.support.AbstractBeanFactory.lambda$doGetBean$0(AbstractBeanFactory.java:339) ~[spring-beans-6.2.11.jar:6.2.11]
	at org.springframework.beans.factory.support.DefaultSingletonBeanRegistry.getSingleton(DefaultSingletonBeanRegistry.java:373) [spring-beans-6.2.11.jar:6.2.11]
	at org.springframework.beans.factory.support.AbstractBeanFactory.doGetBean(AbstractBeanFactory.java:337) [spring-beans-6.2.11.jar:6.2.11]
	at org.springframework.beans.factory.support.AbstractBeanFactory.getBean(AbstractBeanFactory.java:202) [spring-beans-6.2.11.jar:6.2.11]
	at org.springframework.beans.factory.support.DefaultListableBeanFactory.instantiateSingleton(DefaultListableBeanFactory.java:1221) [spring-beans-6.2.11.jar:6.2.11]
	at org.springframework.beans.factory.support.DefaultListableBeanFactory.preInstantiateSingleton(DefaultListableBeanFactory.java:1187) [spring-beans-6.2.11.jar:6.2.11]
	at org.springframework.beans.factory.support.DefaultListableBeanFactory.preInstantiateSingletons(DefaultListableBeanFactory.java:1123) [spring-beans-6.2.11.jar:6.2.11]
	at org.springframework.context.support.AbstractApplicationContext.finishBeanFactoryInitialization(AbstractApplicationContext.java:987) [spring-context-6.2.11.jar:6.2.11]
	at org.springframework.context.support.AbstractApplicationContext.refresh(AbstractApplicationContext.java:627) [spring-context-6.2.11.jar:6.2.11]
	at org.springframework.boot.web.servlet.context.ServletWebServerApplicationContext.refresh(ServletWebServerApplicationContext.java:146) [spring-boot-3.5.6.jar:3.5.6]
	at org.springframework.boot.SpringApplication.refresh(SpringApplication.java:752) [spring-boot-3.5.6.jar:3.5.6]
	at org.springframework.boot.SpringApplication.refreshContext(SpringApplication.java:439) [spring-boot-3.5.6.jar:3.5.6]
	at org.springframework.boot.SpringApplication.run(SpringApplication.java:318) [spring-boot-3.5.6.jar:3.5.6]
	at org.springframework.boot.SpringApplication.run(SpringApplication.java:1361) [spring-boot-3.5.6.jar:3.5.6]
	at org.springframework.boot.SpringApplication.run(SpringApplication.java:1350) [spring-boot-3.5.6.jar:3.5.6]
	at com.codecraft.product.ProductApplication.main(ProductApplication.java:10) [classes/:?]
2025-11-07 21:49:36 DEBUG [main] NamedQuery - Did not find named query User.findByFirstNameContainingOrLastNameContainingOrMiddleNameContaining
2025-11-07 21:49:36 DEBUG [main] NamedQuery - Looking up named query 'User.findByUserName'
2025-11-07 21:49:36 DEBUG [main] JdbcResourceLocalTransactionCoordinatorImpl - JDBC transaction marked for rollback-only (exception provided for stack trace)
java.lang.Exception: exception just for purpose of providing stack trace
	at org.hibernate.resource.transaction.backend.jdbc.internal.JdbcResourceLocalTransactionCoordinatorImpl$TransactionDriverControlImpl.markRollbackOnly(JdbcResourceLocalTransactionCoordinatorImpl.java:309) ~[hibernate-core-6.6.29.Final.jar:6.6.29.Final]
	at org.hibernate.internal.AbstractSharedSessionContract.buildNamedQuery(AbstractSharedSessionContract.java:1141) ~[hibernate-core-6.6.29.Final.jar:6.6.29.Final]
	at org.hibernate.internal.AbstractSharedSessionContract.createNamedQuery(AbstractSharedSessionContract.java:1019) ~[hibernate-core-6.6.29.Final.jar:6.6.29.Final]
	at org.hibernate.internal.AbstractSharedSessionContract.createNamedQuery(AbstractSharedSessionContract.java:143) ~[hibernate-core-6.6.29.Final.jar:6.6.29.Final]
	at jdk.internal.reflect.NativeMethodAccessorImpl.invoke0(Native Method) ~[?:?]
	at jdk.internal.reflect.NativeMethodAccessorImpl.invoke(NativeMethodAccessorImpl.java:77) ~[?:?]
	at jdk.internal.reflect.DelegatingMethodAccessorImpl.invoke(DelegatingMethodAccessorImpl.java:43) ~[?:?]
	at java.lang.reflect.Method.invoke(Method.java:568) ~[?:?]
	at org.springframework.orm.jpa.ExtendedEntityManagerCreator$ExtendedEntityManagerInvocationHandler.invoke(ExtendedEntityManagerCreator.java:364) ~[spring-orm-6.2.11.jar:6.2.11]
	at jdk.proxy2.$Proxy147.createNamedQuery(Unknown Source) ~[?:?]
	at org.springframework.data.jpa.repository.query.NamedQuery.hasNamedQuery(NamedQuery.java:120) ~[spring-data-jpa-3.5.4.jar:3.5.4]
	at org.springframework.data.jpa.repository.query.NamedQuery.lookupFrom(NamedQuery.java:147) ~[spring-data-jpa-3.5.4.jar:3.5.4]
	at org.springframework.data.jpa.repository.query.JpaQueryLookupStrategy$DeclaredQueryLookupStrategy.resolveQuery(JpaQueryLookupStrategy.java:184) ~[spring-data-jpa-3.5.4.jar:3.5.4]
	at org.springframework.data.jpa.repository.query.JpaQueryLookupStrategy$CreateIfNotFoundQueryLookupStrategy.resolveQuery(JpaQueryLookupStrategy.java:254) ~[spring-data-jpa-3.5.4.jar:3.5.4]
	at org.springframework.data.jpa.repository.query.JpaQueryLookupStrategy$AbstractQueryLookupStrategy.resolveQuery(JpaQueryLookupStrategy.java:99) ~[spring-data-jpa-3.5.4.jar:3.5.4]
	at org.springframework.data.repository.core.support.QueryExecutorMethodInterceptor.lookupQuery(QueryExecutorMethodInterceptor.java:116) ~[spring-data-commons-3.5.4.jar:3.5.4]
	at org.springframework.data.repository.core.support.QueryExecutorMethodInterceptor.mapMethodsToQuery(QueryExecutorMethodInterceptor.java:104) ~[spring-data-commons-3.5.4.jar:3.5.4]
	at org.springframework.data.repository.core.support.QueryExecutorMethodInterceptor.lambda$new$0(QueryExecutorMethodInterceptor.java:92) ~[spring-data-commons-3.5.4.jar:3.5.4]
	at java.util.Optional.map(Optional.java:260) ~[?:?]
	at org.springframework.data.repository.core.support.QueryExecutorMethodInterceptor.<init>(QueryExecutorMethodInterceptor.java:92) ~[spring-data-commons-3.5.4.jar:3.5.4]
	at org.springframework.data.repository.core.support.RepositoryFactorySupport.getRepository(RepositoryFactorySupport.java:434) ~[spring-data-commons-3.5.4.jar:3.5.4]
	at org.springframework.data.repository.core.support.RepositoryFactoryBeanSupport.lambda$afterPropertiesSet$4(RepositoryFactoryBeanSupport.java:350) ~[spring-data-commons-3.5.4.jar:3.5.4]
	at org.springframework.data.util.Lazy.getNullable(Lazy.java:135) ~[spring-data-commons-3.5.4.jar:3.5.4]
	at org.springframework.data.util.Lazy.get(Lazy.java:113) ~[spring-data-commons-3.5.4.jar:3.5.4]
	at org.springframework.data.repository.core.support.RepositoryFactoryBeanSupport.afterPropertiesSet(RepositoryFactoryBeanSupport.java:356) ~[spring-data-commons-3.5.4.jar:3.5.4]
	at org.springframework.data.jpa.repository.support.JpaRepositoryFactoryBean.afterPropertiesSet(JpaRepositoryFactoryBean.java:132) ~[spring-data-jpa-3.5.4.jar:3.5.4]
	at org.springframework.beans.factory.support.AbstractAutowireCapableBeanFactory.invokeInitMethods(AbstractAutowireCapableBeanFactory.java:1873) ~[spring-beans-6.2.11.jar:6.2.11]
	at org.springframework.beans.factory.support.AbstractAutowireCapableBeanFactory.initializeBean(AbstractAutowireCapableBeanFactory.java:1822) ~[spring-beans-6.2.11.jar:6.2.11]
	at org.springframework.beans.factory.support.AbstractAutowireCapableBeanFactory.doCreateBean(AbstractAutowireCapableBeanFactory.java:607) ~[spring-beans-6.2.11.jar:6.2.11]
	at org.springframework.beans.factory.support.AbstractAutowireCapableBeanFactory.createBean(AbstractAutowireCapableBeanFactory.java:529) ~[spring-beans-6.2.11.jar:6.2.11]
	at org.springframework.beans.factory.support.AbstractBeanFactory.lambda$doGetBean$0(AbstractBeanFactory.java:339) ~[spring-beans-6.2.11.jar:6.2.11]
	at org.springframework.beans.factory.support.DefaultSingletonBeanRegistry.getSingleton(DefaultSingletonBeanRegistry.java:373) ~[spring-beans-6.2.11.jar:6.2.11]
	at org.springframework.beans.factory.support.AbstractBeanFactory.doGetBean(AbstractBeanFactory.java:337) ~[spring-beans-6.2.11.jar:6.2.11]
	at org.springframework.beans.factory.support.AbstractBeanFactory.getBean(AbstractBeanFactory.java:202) ~[spring-beans-6.2.11.jar:6.2.11]
	at org.springframework.beans.factory.support.DefaultListableBeanFactory.doResolveDependency(DefaultListableBeanFactory.java:1698) ~[spring-beans-6.2.11.jar:6.2.11]
	at org.springframework.beans.factory.support.DefaultListableBeanFactory.resolveDependency(DefaultListableBeanFactory.java:1643) ~[spring-beans-6.2.11.jar:6.2.11]
	at org.springframework.beans.factory.annotation.AutowiredAnnotationBeanPostProcessor$AutowiredFieldElement.resolveFieldValue(AutowiredAnnotationBeanPostProcessor.java:785) ~[spring-beans-6.2.11.jar:6.2.11]
	at org.springframework.beans.factory.annotation.AutowiredAnnotationBeanPostProcessor$AutowiredFieldElement.inject(AutowiredAnnotationBeanPostProcessor.java:768) ~[spring-beans-6.2.11.jar:6.2.11]
	at org.springframework.beans.factory.annotation.InjectionMetadata.inject(InjectionMetadata.java:146) ~[spring-beans-6.2.11.jar:6.2.11]
	at org.springframework.beans.factory.annotation.AutowiredAnnotationBeanPostProcessor.postProcessProperties(AutowiredAnnotationBeanPostProcessor.java:509) ~[spring-beans-6.2.11.jar:6.2.11]
	at org.springframework.beans.factory.support.AbstractAutowireCapableBeanFactory.populateBean(AbstractAutowireCapableBeanFactory.java:1459) ~[spring-beans-6.2.11.jar:6.2.11]
	at org.springframework.beans.factory.support.AbstractAutowireCapableBeanFactory.doCreateBean(AbstractAutowireCapableBeanFactory.java:606) ~[spring-beans-6.2.11.jar:6.2.11]
	at org.springframework.beans.factory.support.AbstractAutowireCapableBeanFactory.createBean(AbstractAutowireCapableBeanFactory.java:529) ~[spring-beans-6.2.11.jar:6.2.11]
	at org.springframework.beans.factory.support.AbstractBeanFactory.lambda$doGetBean$0(AbstractBeanFactory.java:339) ~[spring-beans-6.2.11.jar:6.2.11]
	at org.springframework.beans.factory.support.DefaultSingletonBeanRegistry.getSingleton(DefaultSingletonBeanRegistry.java:373) ~[spring-beans-6.2.11.jar:6.2.11]
	at org.springframework.beans.factory.support.AbstractBeanFactory.doGetBean(AbstractBeanFactory.java:337) ~[spring-beans-6.2.11.jar:6.2.11]
	at org.springframework.beans.factory.support.AbstractBeanFactory.getBean(AbstractBeanFactory.java:202) ~[spring-beans-6.2.11.jar:6.2.11]
	at org.springframework.beans.factory.support.DefaultListableBeanFactory.doResolveDependency(DefaultListableBeanFactory.java:1698) ~[spring-beans-6.2.11.jar:6.2.11]
	at org.springframework.beans.factory.support.DefaultListableBeanFactory.resolveDependency(DefaultListableBeanFactory.java:1643) ~[spring-beans-6.2.11.jar:6.2.11]
	at org.springframework.beans.factory.annotation.AutowiredAnnotationBeanPostProcessor$AutowiredFieldElement.resolveFieldValue(AutowiredAnnotationBeanPostProcessor.java:785) ~[spring-beans-6.2.11.jar:6.2.11]
	at org.springframework.beans.factory.annotation.AutowiredAnnotationBeanPostProcessor$AutowiredFieldElement.inject(AutowiredAnnotationBeanPostProcessor.java:768) ~[spring-beans-6.2.11.jar:6.2.11]
	at org.springframework.beans.factory.annotation.InjectionMetadata.inject(InjectionMetadata.java:146) ~[spring-beans-6.2.11.jar:6.2.11]
	at org.springframework.beans.factory.annotation.AutowiredAnnotationBeanPostProcessor.postProcessProperties(AutowiredAnnotationBeanPostProcessor.java:509) ~[spring-beans-6.2.11.jar:6.2.11]
	at org.springframework.beans.factory.support.AbstractAutowireCapableBeanFactory.populateBean(AbstractAutowireCapableBeanFactory.java:1459) ~[spring-beans-6.2.11.jar:6.2.11]
	at org.springframework.beans.factory.support.AbstractAutowireCapableBeanFactory.doCreateBean(AbstractAutowireCapableBeanFactory.java:606) ~[spring-beans-6.2.11.jar:6.2.11]
	at org.springframework.beans.factory.support.AbstractAutowireCapableBeanFactory.createBean(AbstractAutowireCapableBeanFactory.java:529) ~[spring-beans-6.2.11.jar:6.2.11]
	at org.springframework.beans.factory.support.AbstractBeanFactory.lambda$doGetBean$0(AbstractBeanFactory.java:339) ~[spring-beans-6.2.11.jar:6.2.11]
	at org.springframework.beans.factory.support.DefaultSingletonBeanRegistry.getSingleton(DefaultSingletonBeanRegistry.java:373) [spring-beans-6.2.11.jar:6.2.11]
	at org.springframework.beans.factory.support.AbstractBeanFactory.doGetBean(AbstractBeanFactory.java:337) [spring-beans-6.2.11.jar:6.2.11]
	at org.springframework.beans.factory.support.AbstractBeanFactory.getBean(AbstractBeanFactory.java:202) [spring-beans-6.2.11.jar:6.2.11]
	at org.springframework.beans.factory.support.DefaultListableBeanFactory.instantiateSingleton(DefaultListableBeanFactory.java:1221) [spring-beans-6.2.11.jar:6.2.11]
	at org.springframework.beans.factory.support.DefaultListableBeanFactory.preInstantiateSingleton(DefaultListableBeanFactory.java:1187) [spring-beans-6.2.11.jar:6.2.11]
	at org.springframework.beans.factory.support.DefaultListableBeanFactory.preInstantiateSingletons(DefaultListableBeanFactory.java:1123) [spring-beans-6.2.11.jar:6.2.11]
	at org.springframework.context.support.AbstractApplicationContext.finishBeanFactoryInitialization(AbstractApplicationContext.java:987) [spring-context-6.2.11.jar:6.2.11]
	at org.springframework.context.support.AbstractApplicationContext.refresh(AbstractApplicationContext.java:627) [spring-context-6.2.11.jar:6.2.11]
	at org.springframework.boot.web.servlet.context.ServletWebServerApplicationContext.refresh(ServletWebServerApplicationContext.java:146) [spring-boot-3.5.6.jar:3.5.6]
	at org.springframework.boot.SpringApplication.refresh(SpringApplication.java:752) [spring-boot-3.5.6.jar:3.5.6]
	at org.springframework.boot.SpringApplication.refreshContext(SpringApplication.java:439) [spring-boot-3.5.6.jar:3.5.6]
	at org.springframework.boot.SpringApplication.run(SpringApplication.java:318) [spring-boot-3.5.6.jar:3.5.6]
	at org.springframework.boot.SpringApplication.run(SpringApplication.java:1361) [spring-boot-3.5.6.jar:3.5.6]
	at org.springframework.boot.SpringApplication.run(SpringApplication.java:1350) [spring-boot-3.5.6.jar:3.5.6]
	at com.codecraft.product.ProductApplication.main(ProductApplication.java:10) [classes/:?]
2025-11-07 21:49:36 DEBUG [main] NamedQuery - Did not find named query User.findByUserName
2025-11-07 21:49:36 DEBUG [main] RepositoryFactorySupport - Finished creation of repository instance for com.codecraft.product.domain.repository.UserRepository.
2025-11-07 21:49:36 DEBUG [main] DefaultListableBeanFactory - Creating shared instance of singleton bean 'userConverter'
2025-11-07 21:49:36 DEBUG [main] DefaultListableBeanFactory - Creating shared instance of singleton bean 'jdbcTemplate'
2025-11-07 21:49:36 DEBUG [main] DefaultListableBeanFactory - Creating shared instance of singleton bean 'org.springframework.boot.autoconfigure.jdbc.JdbcTemplateConfiguration'
2025-11-07 21:49:36 DEBUG [main] DefaultListableBeanFactory - Creating shared instance of singleton bean 'spring.jdbc-org.springframework.boot.autoconfigure.jdbc.JdbcProperties'
2025-11-07 21:49:36 DEBUG [main] DefaultListableBeanFactory - Autowiring by type from bean name 'jdbcTemplate' via factory method to bean named 'dataSource'
2025-11-07 21:49:36 DEBUG [main] DefaultListableBeanFactory - Autowiring by type from bean name 'jdbcTemplate' via factory method to bean named 'spring.jdbc-org.springframework.boot.autoconfigure.jdbc.JdbcProperties'
2025-11-07 21:49:36 DEBUG [main] DefaultListableBeanFactory - Creating shared instance of singleton bean 'userProcedureRepository'
2025-11-07 21:49:36 DEBUG [main] DefaultListableBeanFactory - Creating shared instance of singleton bean 'productController'
2025-11-07 21:49:36 DEBUG [main] DefaultListableBeanFactory - Creating shared instance of singleton bean 'productService'
2025-11-07 21:49:36 DEBUG [main] DefaultListableBeanFactory - Creating shared instance of singleton bean 'productRepository'
2025-11-07 21:49:36 DEBUG [main] DefaultListableBeanFactory - Creating shared instance of singleton bean 'jpa.named-queries#3'
2025-11-07 21:49:36 DEBUG [main] DefaultListableBeanFactory - Creating shared instance of singleton bean 'jpa.ProductRepository.fragments#0'
2025-11-07 21:49:36 DEBUG [main] RepositoryFactorySupport - Initializing repository instance for com.codecraft.product.domain.repository.ProductRepository…
2025-11-07 21:49:36 DEBUG [main] RepositoryFactorySupport - Finished creation of repository instance for com.codecraft.product.domain.repository.ProductRepository.
2025-11-07 21:49:36 DEBUG [main] DefaultListableBeanFactory - Creating shared instance of singleton bean 'productInventoryService'
2025-11-07 21:49:36 DEBUG [main] DefaultListableBeanFactory - Creating shared instance of singleton bean 'productInventoryRepository'
2025-11-07 21:49:36 DEBUG [main] DefaultListableBeanFactory - Creating shared instance of singleton bean 'jpa.named-queries#2'
2025-11-07 21:49:36 DEBUG [main] DefaultListableBeanFactory - Creating shared instance of singleton bean 'jpa.ProductInventoryRepository.fragments#0'
2025-11-07 21:49:36 DEBUG [main] RepositoryFactorySupport - Initializing repository instance for com.codecraft.product.domain.repository.ProductInventoryRepository…
2025-11-07 21:49:36 DEBUG [main] NamedQuery - Looking up named query 'ProductInventory.deleteByProductId'
2025-11-07 21:49:36 DEBUG [main] JdbcResourceLocalTransactionCoordinatorImpl - JDBC transaction marked for rollback-only (exception provided for stack trace)
java.lang.Exception: exception just for purpose of providing stack trace
	at org.hibernate.resource.transaction.backend.jdbc.internal.JdbcResourceLocalTransactionCoordinatorImpl$TransactionDriverControlImpl.markRollbackOnly(JdbcResourceLocalTransactionCoordinatorImpl.java:309) ~[hibernate-core-6.6.29.Final.jar:6.6.29.Final]
	at org.hibernate.internal.AbstractSharedSessionContract.buildNamedQuery(AbstractSharedSessionContract.java:1141) ~[hibernate-core-6.6.29.Final.jar:6.6.29.Final]
	at org.hibernate.internal.AbstractSharedSessionContract.createNamedQuery(AbstractSharedSessionContract.java:1019) ~[hibernate-core-6.6.29.Final.jar:6.6.29.Final]
	at org.hibernate.internal.AbstractSharedSessionContract.createNamedQuery(AbstractSharedSessionContract.java:143) ~[hibernate-core-6.6.29.Final.jar:6.6.29.Final]
	at jdk.internal.reflect.NativeMethodAccessorImpl.invoke0(Native Method) ~[?:?]
	at jdk.internal.reflect.NativeMethodAccessorImpl.invoke(NativeMethodAccessorImpl.java:77) ~[?:?]
	at jdk.internal.reflect.DelegatingMethodAccessorImpl.invoke(DelegatingMethodAccessorImpl.java:43) ~[?:?]
	at java.lang.reflect.Method.invoke(Method.java:568) ~[?:?]
	at org.springframework.orm.jpa.ExtendedEntityManagerCreator$ExtendedEntityManagerInvocationHandler.invoke(ExtendedEntityManagerCreator.java:364) ~[spring-orm-6.2.11.jar:6.2.11]
	at jdk.proxy2.$Proxy147.createNamedQuery(Unknown Source) ~[?:?]
	at org.springframework.data.jpa.repository.query.NamedQuery.hasNamedQuery(NamedQuery.java:120) ~[spring-data-jpa-3.5.4.jar:3.5.4]
	at org.springframework.data.jpa.repository.query.NamedQuery.lookupFrom(NamedQuery.java:147) ~[spring-data-jpa-3.5.4.jar:3.5.4]
	at org.springframework.data.jpa.repository.query.JpaQueryLookupStrategy$DeclaredQueryLookupStrategy.resolveQuery(JpaQueryLookupStrategy.java:184) ~[spring-data-jpa-3.5.4.jar:3.5.4]
	at org.springframework.data.jpa.repository.query.JpaQueryLookupStrategy$CreateIfNotFoundQueryLookupStrategy.resolveQuery(JpaQueryLookupStrategy.java:254) ~[spring-data-jpa-3.5.4.jar:3.5.4]
	at org.springframework.data.jpa.repository.query.JpaQueryLookupStrategy$AbstractQueryLookupStrategy.resolveQuery(JpaQueryLookupStrategy.java:99) ~[spring-data-jpa-3.5.4.jar:3.5.4]
	at org.springframework.data.repository.core.support.QueryExecutorMethodInterceptor.lookupQuery(QueryExecutorMethodInterceptor.java:116) ~[spring-data-commons-3.5.4.jar:3.5.4]
	at org.springframework.data.repository.core.support.QueryExecutorMethodInterceptor.mapMethodsToQuery(QueryExecutorMethodInterceptor.java:104) ~[spring-data-commons-3.5.4.jar:3.5.4]
	at org.springframework.data.repository.core.support.QueryExecutorMethodInterceptor.lambda$new$0(QueryExecutorMethodInterceptor.java:92) ~[spring-data-commons-3.5.4.jar:3.5.4]
	at java.util.Optional.map(Optional.java:260) ~[?:?]
	at org.springframework.data.repository.core.support.QueryExecutorMethodInterceptor.<init>(QueryExecutorMethodInterceptor.java:92) ~[spring-data-commons-3.5.4.jar:3.5.4]
	at org.springframework.data.repository.core.support.RepositoryFactorySupport.getRepository(RepositoryFactorySupport.java:434) ~[spring-data-commons-3.5.4.jar:3.5.4]
	at org.springframework.data.repository.core.support.RepositoryFactoryBeanSupport.lambda$afterPropertiesSet$4(RepositoryFactoryBeanSupport.java:350) ~[spring-data-commons-3.5.4.jar:3.5.4]
	at org.springframework.data.util.Lazy.getNullable(Lazy.java:135) ~[spring-data-commons-3.5.4.jar:3.5.4]
	at org.springframework.data.util.Lazy.get(Lazy.java:113) ~[spring-data-commons-3.5.4.jar:3.5.4]
	at org.springframework.data.repository.core.support.RepositoryFactoryBeanSupport.afterPropertiesSet(RepositoryFactoryBeanSupport.java:356) ~[spring-data-commons-3.5.4.jar:3.5.4]
	at org.springframework.data.jpa.repository.support.JpaRepositoryFactoryBean.afterPropertiesSet(JpaRepositoryFactoryBean.java:132) ~[spring-data-jpa-3.5.4.jar:3.5.4]
	at org.springframework.beans.factory.support.AbstractAutowireCapableBeanFactory.invokeInitMethods(AbstractAutowireCapableBeanFactory.java:1873) ~[spring-beans-6.2.11.jar:6.2.11]
	at org.springframework.beans.factory.support.AbstractAutowireCapableBeanFactory.initializeBean(AbstractAutowireCapableBeanFactory.java:1822) ~[spring-beans-6.2.11.jar:6.2.11]
	at org.springframework.beans.factory.support.AbstractAutowireCapableBeanFactory.doCreateBean(AbstractAutowireCapableBeanFactory.java:607) ~[spring-beans-6.2.11.jar:6.2.11]
	at org.springframework.beans.factory.support.AbstractAutowireCapableBeanFactory.createBean(AbstractAutowireCapableBeanFactory.java:529) ~[spring-beans-6.2.11.jar:6.2.11]
	at org.springframework.beans.factory.support.AbstractBeanFactory.lambda$doGetBean$0(AbstractBeanFactory.java:339) ~[spring-beans-6.2.11.jar:6.2.11]
	at org.springframework.beans.factory.support.DefaultSingletonBeanRegistry.getSingleton(DefaultSingletonBeanRegistry.java:373) ~[spring-beans-6.2.11.jar:6.2.11]
	at org.springframework.beans.factory.support.AbstractBeanFactory.doGetBean(AbstractBeanFactory.java:337) ~[spring-beans-6.2.11.jar:6.2.11]
	at org.springframework.beans.factory.support.AbstractBeanFactory.getBean(AbstractBeanFactory.java:202) ~[spring-beans-6.2.11.jar:6.2.11]
	at org.springframework.beans.factory.support.DefaultListableBeanFactory.doResolveDependency(DefaultListableBeanFactory.java:1698) ~[spring-beans-6.2.11.jar:6.2.11]
	at org.springframework.beans.factory.support.DefaultListableBeanFactory.resolveDependency(DefaultListableBeanFactory.java:1643) ~[spring-beans-6.2.11.jar:6.2.11]
	at org.springframework.beans.factory.annotation.AutowiredAnnotationBeanPostProcessor$AutowiredFieldElement.resolveFieldValue(AutowiredAnnotationBeanPostProcessor.java:785) ~[spring-beans-6.2.11.jar:6.2.11]
	at org.springframework.beans.factory.annotation.AutowiredAnnotationBeanPostProcessor$AutowiredFieldElement.inject(AutowiredAnnotationBeanPostProcessor.java:768) ~[spring-beans-6.2.11.jar:6.2.11]
	at org.springframework.beans.factory.annotation.InjectionMetadata.inject(InjectionMetadata.java:146) ~[spring-beans-6.2.11.jar:6.2.11]
	at org.springframework.beans.factory.annotation.AutowiredAnnotationBeanPostProcessor.postProcessProperties(AutowiredAnnotationBeanPostProcessor.java:509) ~[spring-beans-6.2.11.jar:6.2.11]
	at org.springframework.beans.factory.support.AbstractAutowireCapableBeanFactory.populateBean(AbstractAutowireCapableBeanFactory.java:1459) ~[spring-beans-6.2.11.jar:6.2.11]
	at org.springframework.beans.factory.support.AbstractAutowireCapableBeanFactory.doCreateBean(AbstractAutowireCapableBeanFactory.java:606) ~[spring-beans-6.2.11.jar:6.2.11]
	at org.springframework.beans.factory.support.AbstractAutowireCapableBeanFactory.createBean(AbstractAutowireCapableBeanFactory.java:529) ~[spring-beans-6.2.11.jar:6.2.11]
	at org.springframework.beans.factory.support.AbstractBeanFactory.lambda$doGetBean$0(AbstractBeanFactory.java:339) ~[spring-beans-6.2.11.jar:6.2.11]
	at org.springframework.beans.factory.support.DefaultSingletonBeanRegistry.getSingleton(DefaultSingletonBeanRegistry.java:373) ~[spring-beans-6.2.11.jar:6.2.11]
	at org.springframework.beans.factory.support.AbstractBeanFactory.doGetBean(AbstractBeanFactory.java:337) ~[spring-beans-6.2.11.jar:6.2.11]
	at org.springframework.beans.factory.support.AbstractBeanFactory.getBean(AbstractBeanFactory.java:202) ~[spring-beans-6.2.11.jar:6.2.11]
	at org.springframework.beans.factory.support.DefaultListableBeanFactory.doResolveDependency(DefaultListableBeanFactory.java:1698) ~[spring-beans-6.2.11.jar:6.2.11]
	at org.springframework.beans.factory.support.DefaultListableBeanFactory.resolveDependency(DefaultListableBeanFactory.java:1643) ~[spring-beans-6.2.11.jar:6.2.11]
	at org.springframework.beans.factory.annotation.AutowiredAnnotationBeanPostProcessor$AutowiredFieldElement.resolveFieldValue(AutowiredAnnotationBeanPostProcessor.java:785) ~[spring-beans-6.2.11.jar:6.2.11]
	at org.springframework.beans.factory.annotation.AutowiredAnnotationBeanPostProcessor$AutowiredFieldElement.inject(AutowiredAnnotationBeanPostProcessor.java:768) ~[spring-beans-6.2.11.jar:6.2.11]
	at org.springframework.beans.factory.annotation.InjectionMetadata.inject(InjectionMetadata.java:146) ~[spring-beans-6.2.11.jar:6.2.11]
	at org.springframework.beans.factory.annotation.AutowiredAnnotationBeanPostProcessor.postProcessProperties(AutowiredAnnotationBeanPostProcessor.java:509) ~[spring-beans-6.2.11.jar:6.2.11]
	at org.springframework.beans.factory.support.AbstractAutowireCapableBeanFactory.populateBean(AbstractAutowireCapableBeanFactory.java:1459) ~[spring-beans-6.2.11.jar:6.2.11]
	at org.springframework.beans.factory.support.AbstractAutowireCapableBeanFactory.doCreateBean(AbstractAutowireCapableBeanFactory.java:606) ~[spring-beans-6.2.11.jar:6.2.11]
	at org.springframework.beans.factory.support.AbstractAutowireCapableBeanFactory.createBean(AbstractAutowireCapableBeanFactory.java:529) ~[spring-beans-6.2.11.jar:6.2.11]
	at org.springframework.beans.factory.support.AbstractBeanFactory.lambda$doGetBean$0(AbstractBeanFactory.java:339) ~[spring-beans-6.2.11.jar:6.2.11]
	at org.springframework.beans.factory.support.DefaultSingletonBeanRegistry.getSingleton(DefaultSingletonBeanRegistry.java:373) ~[spring-beans-6.2.11.jar:6.2.11]
	at org.springframework.beans.factory.support.AbstractBeanFactory.doGetBean(AbstractBeanFactory.java:337) ~[spring-beans-6.2.11.jar:6.2.11]
	at org.springframework.beans.factory.support.AbstractBeanFactory.getBean(AbstractBeanFactory.java:202) ~[spring-beans-6.2.11.jar:6.2.11]
	at org.springframework.beans.factory.support.DefaultListableBeanFactory.doResolveDependency(DefaultListableBeanFactory.java:1698) ~[spring-beans-6.2.11.jar:6.2.11]
	at org.springframework.beans.factory.support.DefaultListableBeanFactory.resolveDependency(DefaultListableBeanFactory.java:1643) ~[spring-beans-6.2.11.jar:6.2.11]
	at org.springframework.beans.factory.annotation.AutowiredAnnotationBeanPostProcessor$AutowiredFieldElement.resolveFieldValue(AutowiredAnnotationBeanPostProcessor.java:785) ~[spring-beans-6.2.11.jar:6.2.11]
	at org.springframework.beans.factory.annotation.AutowiredAnnotationBeanPostProcessor$AutowiredFieldElement.inject(AutowiredAnnotationBeanPostProcessor.java:768) ~[spring-beans-6.2.11.jar:6.2.11]
	at org.springframework.beans.factory.annotation.InjectionMetadata.inject(InjectionMetadata.java:146) ~[spring-beans-6.2.11.jar:6.2.11]
	at org.springframework.beans.factory.annotation.AutowiredAnnotationBeanPostProcessor.postProcessProperties(AutowiredAnnotationBeanPostProcessor.java:509) ~[spring-beans-6.2.11.jar:6.2.11]
	at org.springframework.beans.factory.support.AbstractAutowireCapableBeanFactory.populateBean(AbstractAutowireCapableBeanFactory.java:1459) ~[spring-beans-6.2.11.jar:6.2.11]
	at org.springframework.beans.factory.support.AbstractAutowireCapableBeanFactory.doCreateBean(AbstractAutowireCapableBeanFactory.java:606) ~[spring-beans-6.2.11.jar:6.2.11]
	at org.springframework.beans.factory.support.AbstractAutowireCapableBeanFactory.createBean(AbstractAutowireCapableBeanFactory.java:529) ~[spring-beans-6.2.11.jar:6.2.11]
	at org.springframework.beans.factory.support.AbstractBeanFactory.lambda$doGetBean$0(AbstractBeanFactory.java:339) ~[spring-beans-6.2.11.jar:6.2.11]
	at org.springframework.beans.factory.support.DefaultSingletonBeanRegistry.getSingleton(DefaultSingletonBeanRegistry.java:373) [spring-beans-6.2.11.jar:6.2.11]
	at org.springframework.beans.factory.support.AbstractBeanFactory.doGetBean(AbstractBeanFactory.java:337) [spring-beans-6.2.11.jar:6.2.11]
	at org.springframework.beans.factory.support.AbstractBeanFactory.getBean(AbstractBeanFactory.java:202) [spring-beans-6.2.11.jar:6.2.11]
	at org.springframework.beans.factory.support.DefaultListableBeanFactory.instantiateSingleton(DefaultListableBeanFactory.java:1221) [spring-beans-6.2.11.jar:6.2.11]
	at org.springframework.beans.factory.support.DefaultListableBeanFactory.preInstantiateSingleton(DefaultListableBeanFactory.java:1187) [spring-beans-6.2.11.jar:6.2.11]
	at org.springframework.beans.factory.support.DefaultListableBeanFactory.preInstantiateSingletons(DefaultListableBeanFactory.java:1123) [spring-beans-6.2.11.jar:6.2.11]
	at org.springframework.context.support.AbstractApplicationContext.finishBeanFactoryInitialization(AbstractApplicationContext.java:987) [spring-context-6.2.11.jar:6.2.11]
	at org.springframework.context.support.AbstractApplicationContext.refresh(AbstractApplicationContext.java:627) [spring-context-6.2.11.jar:6.2.11]
	at org.springframework.boot.web.servlet.context.ServletWebServerApplicationContext.refresh(ServletWebServerApplicationContext.java:146) [spring-boot-3.5.6.jar:3.5.6]
	at org.springframework.boot.SpringApplication.refresh(SpringApplication.java:752) [spring-boot-3.5.6.jar:3.5.6]
	at org.springframework.boot.SpringApplication.refreshContext(SpringApplication.java:439) [spring-boot-3.5.6.jar:3.5.6]
	at org.springframework.boot.SpringApplication.run(SpringApplication.java:318) [spring-boot-3.5.6.jar:3.5.6]
	at org.springframework.boot.SpringApplication.run(SpringApplication.java:1361) [spring-boot-3.5.6.jar:3.5.6]
	at org.springframework.boot.SpringApplication.run(SpringApplication.java:1350) [spring-boot-3.5.6.jar:3.5.6]
	at com.codecraft.product.ProductApplication.main(ProductApplication.java:10) [classes/:?]
2025-11-07 21:49:36 DEBUG [main] NamedQuery - Did not find named query ProductInventory.deleteByProductId
2025-11-07 21:49:36 DEBUG [main] RepositoryFactorySupport - Finished creation of repository instance for com.codecraft.product.domain.repository.ProductInventoryRepository.
2025-11-07 21:49:36 DEBUG [main] DefaultListableBeanFactory - Creating shared instance of singleton bean 'saleRepository'
2025-11-07 21:49:36 DEBUG [main] DefaultListableBeanFactory - Creating shared instance of singleton bean 'jpa.named-queries#1'
2025-11-07 21:49:36 DEBUG [main] DefaultListableBeanFactory - Creating shared instance of singleton bean 'jpa.SaleRepository.fragments#0'
2025-11-07 21:49:36 DEBUG [main] RepositoryFactorySupport - Initializing repository instance for com.codecraft.product.domain.repository.SaleRepository…
2025-11-07 21:49:36 DEBUG [main] RepositoryFactorySupport - Finished creation of repository instance for com.codecraft.product.domain.repository.SaleRepository.
2025-11-07 21:49:36 DEBUG [main] DefaultListableBeanFactory - Creating shared instance of singleton bean 'productInventoryController'
2025-11-07 21:49:36 DEBUG [main] DefaultListableBeanFactory - Creating shared instance of singleton bean 'userController'
2025-11-07 21:49:36 DEBUG [main] DefaultListableBeanFactory - Creating shared instance of singleton bean 'userGetConverter'
2025-11-07 21:49:36 DEBUG [main] DefaultListableBeanFactory - Creating shared instance of singleton bean 'generalExceptionHandler'
2025-11-07 21:49:36 DEBUG [main] DefaultListableBeanFactory - Creating shared instance of singleton bean 'productExceptionHandler'
2025-11-07 21:49:36 DEBUG [main] DefaultListableBeanFactory - Creating shared instance of singleton bean 'corsConfigurer'
2025-11-07 21:49:36 DEBUG [main] DefaultListableBeanFactory - Creating shared instance of singleton bean 'productOpenAPI'
2025-11-07 21:49:36 DEBUG [main] DefaultListableBeanFactory - Creating shared instance of singleton bean 'filterChain'
2025-11-07 21:49:36 DEBUG [main] DefaultListableBeanFactory - Creating shared instance of singleton bean 'org.springframework.security.config.annotation.web.configuration.HttpSecurityConfiguration'
2025-11-07 21:49:36 DEBUG [main] DefaultListableBeanFactory - Creating shared instance of singleton bean 'objectPostProcessor'
2025-11-07 21:49:36 DEBUG [main] DefaultListableBeanFactory - Creating shared instance of singleton bean 'org.springframework.security.config.annotation.configuration.ObjectPostProcessorConfiguration'
2025-11-07 21:49:36 DEBUG [main] DefaultListableBeanFactory - Autowiring by type from bean name 'objectPostProcessor' via factory method to bean named 'org.springframework.beans.factory.support.DefaultListableBeanFactory@2c779e5'
2025-11-07 21:49:36 DEBUG [main] DefaultListableBeanFactory - Creating shared instance of singleton bean 'org.springframework.security.config.annotation.authentication.configuration.AuthenticationConfiguration'
2025-11-07 21:49:36 DEBUG [main] DefaultListableBeanFactory - Creating shared instance of singleton bean 'enableGlobalAuthenticationAutowiredConfigurer'
2025-11-07 21:49:36 DEBUG [main] DefaultListableBeanFactory - Autowiring by type from bean name 'enableGlobalAuthenticationAutowiredConfigurer' via factory method to bean named 'org.springframework.boot.web.servlet.context.AnnotationConfigServletWebServerApplicationContext@117632cf'
2025-11-07 21:49:36 DEBUG [main] DefaultListableBeanFactory - Creating shared instance of singleton bean 'initializeUserDetailsBeanManagerConfigurer'
2025-11-07 21:49:36 DEBUG [main] DefaultListableBeanFactory - Autowiring by type from bean name 'initializeUserDetailsBeanManagerConfigurer' via factory method to bean named 'org.springframework.boot.web.servlet.context.AnnotationConfigServletWebServerApplicationContext@117632cf'
2025-11-07 21:49:36 DEBUG [main] DefaultListableBeanFactory - Creating shared instance of singleton bean 'initializeAuthenticationProviderBeanManagerConfigurer'
2025-11-07 21:49:36 DEBUG [main] DefaultListableBeanFactory - Autowiring by type from bean name 'initializeAuthenticationProviderBeanManagerConfigurer' via factory method to bean named 'org.springframework.boot.web.servlet.context.AnnotationConfigServletWebServerApplicationContext@117632cf'
2025-11-07 21:49:36 DEBUG [main] DefaultListableBeanFactory - Creating shared instance of singleton bean 'mvcContentNegotiationManager'
2025-11-07 21:49:36 DEBUG [main] DefaultListableBeanFactory - Creating shared instance of singleton bean 'org.springframework.boot.autoconfigure.web.servlet.WebMvcAutoConfiguration$EnableWebMvcConfiguration'
2025-11-07 21:49:36 DEBUG [main] DefaultListableBeanFactory - Creating shared instance of singleton bean 'spring.web-org.springframework.boot.autoconfigure.web.WebProperties'
2025-11-07 21:49:36 DEBUG [main] DefaultListableBeanFactory - Autowiring by type from bean name 'org.springframework.boot.autoconfigure.web.servlet.WebMvcAutoConfiguration$EnableWebMvcConfiguration' via constructor to bean named 'spring.mvc-org.springframework.boot.autoconfigure.web.servlet.WebMvcProperties'
2025-11-07 21:49:36 DEBUG [main] DefaultListableBeanFactory - Autowiring by type from bean name 'org.springframework.boot.autoconfigure.web.servlet.WebMvcAutoConfiguration$EnableWebMvcConfiguration' via constructor to bean named 'spring.web-org.springframework.boot.autoconfigure.web.WebProperties'
2025-11-07 21:49:36 DEBUG [main] DefaultListableBeanFactory - Autowiring by type from bean name 'org.springframework.boot.autoconfigure.web.servlet.WebMvcAutoConfiguration$EnableWebMvcConfiguration' via constructor to bean named 'org.springframework.beans.factory.support.DefaultListableBeanFactory@2c779e5'
2025-11-07 21:49:36 DEBUG [main] DefaultListableBeanFactory - Creating shared instance of singleton bean 'org.springframework.boot.autoconfigure.web.servlet.WebMvcAutoConfiguration$WebMvcAutoConfigurationAdapter'
2025-11-07 21:49:36 DEBUG [main] DefaultListableBeanFactory - Autowiring by type from bean name 'org.springframework.boot.autoconfigure.web.servlet.WebMvcAutoConfiguration$WebMvcAutoConfigurationAdapter' via constructor to bean named 'spring.web-org.springframework.boot.autoconfigure.web.WebProperties'
2025-11-07 21:49:36 DEBUG [main] DefaultListableBeanFactory - Autowiring by type from bean name 'org.springframework.boot.autoconfigure.web.servlet.WebMvcAutoConfiguration$WebMvcAutoConfigurationAdapter' via constructor to bean named 'spring.mvc-org.springframework.boot.autoconfigure.web.servlet.WebMvcProperties'
2025-11-07 21:49:36 DEBUG [main] DefaultListableBeanFactory - Autowiring by type from bean name 'org.springframework.boot.autoconfigure.web.servlet.WebMvcAutoConfiguration$WebMvcAutoConfigurationAdapter' via constructor to bean named 'org.springframework.beans.factory.support.DefaultListableBeanFactory@2c779e5'
2025-11-07 21:49:36 DEBUG [main] DefaultListableBeanFactory - Creating shared instance of singleton bean 'resourceHandlerRegistrationCustomizer'
2025-11-07 21:49:36 DEBUG [main] DefaultListableBeanFactory - Creating shared instance of singleton bean 'org.springframework.boot.autoconfigure.web.servlet.WebMvcAutoConfiguration$ResourceChainCustomizerConfiguration'
2025-11-07 21:49:36 DEBUG [main] DefaultListableBeanFactory - Autowiring by type from bean name 'resourceHandlerRegistrationCustomizer' via factory method to bean named 'spring.web-org.springframework.boot.autoconfigure.web.WebProperties'
2025-11-07 21:49:36 DEBUG [main] DefaultListableBeanFactory - Creating shared instance of singleton bean 'swaggerWebMvcConfigurer'
2025-11-07 21:49:36 DEBUG [main] DefaultListableBeanFactory - Creating shared instance of singleton bean 'org.springdoc.webmvc.ui.SwaggerConfig'
2025-11-07 21:49:36 DEBUG [main] DefaultListableBeanFactory - Creating shared instance of singleton bean 'org.springdoc.core.properties.SwaggerUiConfigProperties'
2025-11-07 21:49:36 DEBUG [main] DefaultListableBeanFactory - Creating shared instance of singleton bean 'indexPageTransformer'
2025-11-07 21:49:36 DEBUG [main] DefaultListableBeanFactory - Creating shared instance of singleton bean 'org.springdoc.core.properties.SwaggerUiOAuthProperties'
2025-11-07 21:49:36 DEBUG [main] DefaultListableBeanFactory - Creating shared instance of singleton bean 'swaggerWelcome'
2025-11-07 21:49:36 DEBUG [main] DefaultListableBeanFactory - Creating shared instance of singleton bean 'org.springdoc.core.properties.SpringDocConfigProperties'
2025-11-07 21:49:36 DEBUG [main] DefaultListableBeanFactory - Creating shared instance of singleton bean 'springWebProvider'
2025-11-07 21:49:36 DEBUG [main] DefaultListableBeanFactory - Creating shared instance of singleton bean 'org.springdoc.webmvc.core.configuration.SpringDocWebMvcConfiguration'
2025-11-07 21:49:36 DEBUG [main] DefaultListableBeanFactory - Autowiring by type from bean name 'swaggerWelcome' via factory method to bean named 'org.springdoc.core.properties.SwaggerUiConfigProperties'
2025-11-07 21:49:36 DEBUG [main] DefaultListableBeanFactory - Autowiring by type from bean name 'swaggerWelcome' via factory method to bean named 'org.springdoc.core.properties.SpringDocConfigProperties'
2025-11-07 21:49:36 DEBUG [main] DefaultListableBeanFactory - Autowiring by type from bean name 'swaggerWelcome' via factory method to bean named 'springWebProvider'
2025-11-07 21:49:36 DEBUG [main] DefaultListableBeanFactory - Creating shared instance of singleton bean 'springdocObjectMapperProvider'
2025-11-07 21:49:36 DEBUG [main] DefaultListableBeanFactory - Creating shared instance of singleton bean 'org.springdoc.core.configuration.SpringDocConfiguration'
2025-11-07 21:49:36 DEBUG [main] DefaultListableBeanFactory - Autowiring by type from bean name 'springdocObjectMapperProvider' via factory method to bean named 'org.springdoc.core.properties.SpringDocConfigProperties'
2025-11-07 21:49:36 DEBUG [main] DefaultListableBeanFactory - Autowiring by type from bean name 'indexPageTransformer' via factory method to bean named 'org.springdoc.core.properties.SwaggerUiConfigProperties'
2025-11-07 21:49:36 DEBUG [main] DefaultListableBeanFactory - Autowiring by type from bean name 'indexPageTransformer' via factory method to bean named 'org.springdoc.core.properties.SwaggerUiOAuthProperties'
2025-11-07 21:49:36 DEBUG [main] DefaultListableBeanFactory - Autowiring by type from bean name 'indexPageTransformer' via factory method to bean named 'swaggerWelcome'
2025-11-07 21:49:36 DEBUG [main] DefaultListableBeanFactory - Autowiring by type from bean name 'indexPageTransformer' via factory method to bean named 'springdocObjectMapperProvider'
2025-11-07 21:49:36 DEBUG [main] DefaultListableBeanFactory - Creating shared instance of singleton bean 'swaggerResourceResolver'
2025-11-07 21:49:36 DEBUG [main] DefaultListableBeanFactory - Autowiring by type from bean name 'swaggerResourceResolver' via factory method to bean named 'org.springdoc.core.properties.SwaggerUiConfigProperties'
2025-11-07 21:49:36 DEBUG [main] DefaultListableBeanFactory - Autowiring by type from bean name 'swaggerWebMvcConfigurer' via factory method to bean named 'org.springdoc.core.properties.SwaggerUiConfigProperties'
2025-11-07 21:49:36 DEBUG [main] DefaultListableBeanFactory - Autowiring by type from bean name 'swaggerWebMvcConfigurer' via factory method to bean named 'indexPageTransformer'
2025-11-07 21:49:36 DEBUG [main] DefaultListableBeanFactory - Autowiring by type from bean name 'swaggerWebMvcConfigurer' via factory method to bean named 'swaggerResourceResolver'
2025-11-07 21:49:36 DEBUG [main] DefaultListableBeanFactory - Creating shared instance of singleton bean 'openEntityManagerInViewInterceptorConfigurer'
2025-11-07 21:49:36 DEBUG [main] DefaultListableBeanFactory - Creating shared instance of singleton bean 'org.springframework.boot.autoconfigure.orm.jpa.JpaBaseConfiguration$JpaWebConfiguration'
2025-11-07 21:49:36 DEBUG [main] DefaultListableBeanFactory - Autowiring by type from bean name 'org.springframework.boot.autoconfigure.orm.jpa.JpaBaseConfiguration$JpaWebConfiguration' via constructor to bean named 'spring.jpa-org.springframework.boot.autoconfigure.orm.jpa.JpaProperties'
2025-11-07 21:49:36 DEBUG [main] DefaultListableBeanFactory - Creating shared instance of singleton bean 'openEntityManagerInViewInterceptor'
2025-11-07 21:49:36 WARN  [main] JpaBaseConfiguration$JpaWebConfiguration - spring.jpa.open-in-view is enabled by default. Therefore, database queries may be performed during view rendering. Explicitly configure spring.jpa.open-in-view to disable this warning
2025-11-07 21:49:36 DEBUG [main] DefaultListableBeanFactory - Autowiring by type from bean name 'openEntityManagerInViewInterceptorConfigurer' via factory method to bean named 'openEntityManagerInViewInterceptor'
2025-11-07 21:49:36 DEBUG [main] DefaultListableBeanFactory - Creating shared instance of singleton bean 'org.springframework.data.web.config.SpringDataWebConfiguration'
2025-11-07 21:49:36 DEBUG [main] DefaultListableBeanFactory - Autowiring by type from bean name 'org.springframework.data.web.config.SpringDataWebConfiguration' via constructor to bean named 'org.springframework.boot.web.servlet.context.AnnotationConfigServletWebServerApplicationContext@117632cf'
2025-11-07 21:49:37 DEBUG [main] DefaultListableBeanFactory - Creating shared instance of singleton bean 'org.springframework.security.config.annotation.web.configuration.WebMvcSecurityConfiguration'
2025-11-07 21:49:37 DEBUG [main] DefaultListableBeanFactory - Creating shared instance of singleton bean 'authenticationManagerBuilder'
2025-11-07 21:49:37 DEBUG [main] DefaultListableBeanFactory - Autowiring by type from bean name 'authenticationManagerBuilder' via factory method to bean named 'objectPostProcessor'
2025-11-07 21:49:37 DEBUG [main] DefaultListableBeanFactory - Autowiring by type from bean name 'authenticationManagerBuilder' via factory method to bean named 'org.springframework.boot.web.servlet.context.AnnotationConfigServletWebServerApplicationContext@117632cf'
2025-11-07 21:49:37 DEBUG [main] DefaultListableBeanFactory - Creating shared instance of singleton bean 'authenticationEventPublisher'
2025-11-07 21:49:37 DEBUG [main] DefaultListableBeanFactory - Creating shared instance of singleton bean 'org.springframework.boot.autoconfigure.security.servlet.SecurityAutoConfiguration'
2025-11-07 21:49:37 DEBUG [main] DefaultListableBeanFactory - Autowiring by type from bean name 'authenticationEventPublisher' via factory method to bean named 'org.springframework.boot.web.servlet.context.AnnotationConfigServletWebServerApplicationContext@117632cf'
2025-11-07 21:49:37 DEBUG [main] DefaultListableBeanFactory - Creating shared instance of singleton bean 'org.springframework.boot.autoconfigure.security.servlet.SpringBootWebSecurityConfiguration$WebSecurityEnablerConfiguration'
2025-11-07 21:49:37 DEBUG [main] DefaultListableBeanFactory - Creating shared instance of singleton bean 'inMemoryUserDetailsManager'
2025-11-07 21:49:37 DEBUG [main] DefaultListableBeanFactory - Creating shared instance of singleton bean 'org.springframework.boot.autoconfigure.security.servlet.UserDetailsServiceAutoConfiguration'
2025-11-07 21:49:37 DEBUG [main] DefaultListableBeanFactory - Autowiring by type from bean name 'inMemoryUserDetailsManager' via factory method to bean named 'spring.security-org.springframework.boot.autoconfigure.security.SecurityProperties'
2025-11-07 21:49:37 WARN  [main] UserDetailsServiceAutoConfiguration - 

Using generated security password: 5cf2d7a9-e402-4512-b418-95c1f8b2cc07

This generated password is for development use only. Your security configuration must be updated before running your application in production.

2025-11-07 21:49:37 INFO  [main] InitializeUserDetailsBeanManagerConfigurer$InitializeUserDetailsManagerConfigurer - Global AuthenticationManager configured with UserDetailsService bean with name inMemoryUserDetailsManager
2025-11-07 21:49:37 DEBUG [main] DefaultListableBeanFactory - Autowiring by type from bean name 'filterChain' via factory method to bean named 'org.springframework.security.config.annotation.web.configuration.HttpSecurityConfiguration.httpSecurity'
2025-11-07 21:49:37 DEBUG [main] DefaultListableBeanFactory - Creating shared instance of singleton bean 'webAuthorizationManagerPostProcessor'
2025-11-07 21:49:37 DEBUG [main] DefaultListableBeanFactory - Creating shared instance of singleton bean 'authenticationManagerPostProcessor'
2025-11-07 21:49:37 DEBUG [main] DefaultSecurityFilterChain - Will secure any request with filters: DisableEncodeUrlFilter, WebAsyncManagerIntegrationFilter, SecurityContextHolderFilter, HeaderWriterFilter, LogoutFilter, RequestCacheAwareFilter, SecurityContextHolderAwareRequestFilter, AnonymousAuthenticationFilter, ExceptionTranslationFilter, AuthorizationFilter
2025-11-07 21:49:37 DEBUG [main] DefaultListableBeanFactory - Creating shared instance of singleton bean 'org.springframework.boot.autoconfigure.context.PropertyPlaceholderAutoConfiguration'
2025-11-07 21:49:37 DEBUG [main] DefaultListableBeanFactory - Creating shared instance of singleton bean 'org.springframework.boot.autoconfigure.websocket.servlet.WebSocketServletAutoConfiguration'
2025-11-07 21:49:37 DEBUG [main] DefaultListableBeanFactory - Creating shared instance of singleton bean 'org.springframework.boot.autoconfigure.web.servlet.DispatcherServletAutoConfiguration'
2025-11-07 21:49:37 DEBUG [main] DefaultListableBeanFactory - Creating shared instance of singleton bean 'org.springframework.boot.autoconfigure.task.TaskExecutorConfigurations$SimpleAsyncTaskExecutorBuilderConfiguration'
2025-11-07 21:49:37 DEBUG [main] DefaultListableBeanFactory - Autowiring by type from bean name 'org.springframework.boot.autoconfigure.task.TaskExecutorConfigurations$SimpleAsyncTaskExecutorBuilderConfiguration' via constructor to bean named 'spring.task.execution-org.springframework.boot.autoconfigure.task.TaskExecutionProperties'
2025-11-07 21:49:37 DEBUG [main] DefaultListableBeanFactory - Creating shared instance of singleton bean 'simpleAsyncTaskExecutorBuilder'
2025-11-07 21:49:37 DEBUG [main] DefaultListableBeanFactory - Creating shared instance of singleton bean 'org.springframework.boot.autoconfigure.task.TaskExecutorConfigurations$AsyncConfigurerConfiguration'
2025-11-07 21:49:37 DEBUG [main] DefaultListableBeanFactory - Creating shared instance of singleton bean 'applicationTaskExecutorAsyncConfigurer'
2025-11-07 21:49:37 DEBUG [main] DefaultListableBeanFactory - Autowiring by type from bean name 'applicationTaskExecutorAsyncConfigurer' via factory method to bean named 'org.springframework.beans.factory.support.DefaultListableBeanFactory@2c779e5'
2025-11-07 21:49:37 DEBUG [main] DefaultListableBeanFactory - Creating shared instance of singleton bean 'org.springframework.boot.autoconfigure.task.TaskExecutorConfigurations$BootstrapExecutorConfiguration'
2025-11-07 21:49:37 DEBUG [main] DefaultListableBeanFactory - Creating shared instance of singleton bean 'org.springframework.boot.autoconfigure.task.TaskExecutionAutoConfiguration'
2025-11-07 21:49:37 DEBUG [main] DefaultListableBeanFactory - Creating shared instance of singleton bean 'org.springframework.boot.autoconfigure.validation.ValidationAutoConfiguration'
2025-11-07 21:49:37 DEBUG [main] DefaultListableBeanFactory - Creating shared instance of singleton bean 'defaultValidator'
2025-11-07 21:49:37 DEBUG [main] DefaultListableBeanFactory - Autowiring by type from bean name 'defaultValidator' via factory method to bean named 'org.springframework.boot.web.servlet.context.AnnotationConfigServletWebServerApplicationContext@117632cf'
2025-11-07 21:49:37 DEBUG [main] ResourceBundleMessageInterpolator - Loaded expression factory via original TCCL
2025-11-07 21:49:37 DEBUG [main] AbstractConfigurationImpl - Setting custom MessageInterpolator of type org.springframework.validation.beanvalidation.LocaleContextMessageInterpolator
2025-11-07 21:49:37 DEBUG [main] AbstractConfigurationImpl - Setting custom ConstraintValidatorFactory of type org.springframework.validation.beanvalidation.SpringConstraintValidatorFactory
2025-11-07 21:49:37 DEBUG [main] ValidationXmlParser - Trying to load META-INF/validation.xml for XML based Validator configuration.
2025-11-07 21:49:37 DEBUG [main] ResourceLoaderHelper - Trying to load META-INF/validation.xml via user class loader
2025-11-07 21:49:37 DEBUG [main] ResourceLoaderHelper - Trying to load META-INF/validation.xml via TCCL
2025-11-07 21:49:37 DEBUG [main] ResourceLoaderHelper - Trying to load META-INF/validation.xml via Hibernate Validator's class loader
2025-11-07 21:49:37 DEBUG [main] ValidationXmlParser - No META-INF/validation.xml found. Using annotation based configuration only.
2025-11-07 21:49:37 DEBUG [main] TraversableResolvers - Found jakarta.persistence.Persistence on classpath containing 'getPersistenceUtil'. Assuming JPA 2 environment. Trying to instantiate JPA aware TraversableResolver
2025-11-07 21:49:37 DEBUG [main] TraversableResolvers - Instantiated JPA aware TraversableResolver of type org.hibernate.validator.internal.engine.resolver.JPATraversableResolver.
2025-11-07 21:49:37 DEBUG [main] ValidatorFactoryConfigurationHelper - HV000252: Using org.hibernate.validator.internal.engine.DefaultPropertyNodeNameProvider as property node name provider.
2025-11-07 21:49:37 DEBUG [main] ValidatorFactoryConfigurationHelper - HV000234: Using org.springframework.validation.beanvalidation.LocaleContextMessageInterpolator as ValidatorFactory-scoped message interpolator.
2025-11-07 21:49:37 DEBUG [main] ValidatorFactoryConfigurationHelper - HV000234: Using org.hibernate.validator.internal.engine.resolver.JPATraversableResolver as ValidatorFactory-scoped traversable resolver.
2025-11-07 21:49:37 DEBUG [main] ValidatorFactoryConfigurationHelper - HV000234: Using org.hibernate.validator.internal.util.ExecutableParameterNameProvider as ValidatorFactory-scoped parameter name provider.
2025-11-07 21:49:37 DEBUG [main] ValidatorFactoryConfigurationHelper - HV000234: Using org.hibernate.validator.internal.engine.DefaultClockProvider as ValidatorFactory-scoped clock provider.
2025-11-07 21:49:37 DEBUG [main] ValidatorFactoryConfigurationHelper - HV000234: Using org.hibernate.validator.internal.engine.scripting.DefaultScriptEvaluatorFactory as ValidatorFactory-scoped script evaluator factory.
2025-11-07 21:49:37 DEBUG [main] DefaultListableBeanFactory - Creating shared instance of singleton bean 'org.springframework.boot.autoconfigure.web.servlet.error.ErrorMvcAutoConfiguration$WhitelabelErrorViewConfiguration'
2025-11-07 21:49:37 DEBUG [main] DefaultListableBeanFactory - Creating shared instance of singleton bean 'error'
2025-11-07 21:49:37 DEBUG [main] DefaultListableBeanFactory - Creating shared instance of singleton bean 'beanNameViewResolver'
2025-11-07 21:49:37 DEBUG [main] DefaultListableBeanFactory - Creating shared instance of singleton bean 'org.springframework.boot.autoconfigure.web.servlet.error.ErrorMvcAutoConfiguration$DefaultErrorViewResolverConfiguration'
2025-11-07 21:49:37 DEBUG [main] DefaultListableBeanFactory - Autowiring by type from bean name 'org.springframework.boot.autoconfigure.web.servlet.error.ErrorMvcAutoConfiguration$DefaultErrorViewResolverConfiguration' via constructor to bean named 'org.springframework.boot.web.servlet.context.AnnotationConfigServletWebServerApplicationContext@117632cf'
2025-11-07 21:49:37 DEBUG [main] DefaultListableBeanFactory - Autowiring by type from bean name 'org.springframework.boot.autoconfigure.web.servlet.error.ErrorMvcAutoConfiguration$DefaultErrorViewResolverConfiguration' via constructor to bean named 'spring.web-org.springframework.boot.autoconfigure.web.WebProperties'
2025-11-07 21:49:37 DEBUG [main] DefaultListableBeanFactory - Creating shared instance of singleton bean 'conventionErrorViewResolver'
2025-11-07 21:49:37 DEBUG [main] DefaultListableBeanFactory - Creating shared instance of singleton bean 'errorAttributes'
2025-11-07 21:49:37 DEBUG [main] DefaultListableBeanFactory - Creating shared instance of singleton bean 'basicErrorController'
2025-11-07 21:49:37 DEBUG [main] DefaultListableBeanFactory - Autowiring by type from bean name 'basicErrorController' via factory method to bean named 'errorAttributes'
2025-11-07 21:49:37 DEBUG [main] DefaultListableBeanFactory - Creating shared instance of singleton bean 'welcomePageHandlerMapping'
2025-11-07 21:49:37 DEBUG [main] DefaultListableBeanFactory - Creating shared instance of singleton bean 'mvcConversionService'
2025-11-07 21:49:37 DEBUG [main] DefaultListableBeanFactory - Creating shared instance of singleton bean 'mvcResourceUrlProvider'
2025-11-07 21:49:37 DEBUG [main] DefaultListableBeanFactory - Autowiring by type from bean name 'welcomePageHandlerMapping' via factory method to bean named 'org.springframework.boot.web.servlet.context.AnnotationConfigServletWebServerApplicationContext@117632cf'
2025-11-07 21:49:37 DEBUG [main] DefaultListableBeanFactory - Autowiring by type from bean name 'welcomePageHandlerMapping' via factory method to bean named 'mvcConversionService'
2025-11-07 21:49:37 DEBUG [main] DefaultListableBeanFactory - Autowiring by type from bean name 'welcomePageHandlerMapping' via factory method to bean named 'mvcResourceUrlProvider'
2025-11-07 21:49:37 DEBUG [main] DefaultListableBeanFactory - Creating shared instance of singleton bean 'welcomePageNotAcceptableHandlerMapping'
2025-11-07 21:49:37 DEBUG [main] DefaultListableBeanFactory - Autowiring by type from bean name 'welcomePageNotAcceptableHandlerMapping' via factory method to bean named 'org.springframework.boot.web.servlet.context.AnnotationConfigServletWebServerApplicationContext@117632cf'
2025-11-07 21:49:37 DEBUG [main] DefaultListableBeanFactory - Autowiring by type from bean name 'welcomePageNotAcceptableHandlerMapping' via factory method to bean named 'mvcConversionService'
2025-11-07 21:49:37 DEBUG [main] DefaultListableBeanFactory - Autowiring by type from bean name 'welcomePageNotAcceptableHandlerMapping' via factory method to bean named 'mvcResourceUrlProvider'
2025-11-07 21:49:37 DEBUG [main] DefaultListableBeanFactory - Creating shared instance of singleton bean 'localeResolver'
2025-11-07 21:49:37 DEBUG [main] DefaultListableBeanFactory - Creating shared instance of singleton bean 'themeResolver'
2025-11-07 21:49:37 DEBUG [main] DefaultListableBeanFactory - Creating shared instance of singleton bean 'flashMapManager'
2025-11-07 21:49:37 DEBUG [main] DefaultListableBeanFactory - Creating shared instance of singleton bean 'viewNameTranslator'
2025-11-07 21:49:37 DEBUG [main] DefaultListableBeanFactory - Creating shared instance of singleton bean 'mvcValidator'
2025-11-07 21:49:37 DEBUG [main] DefaultListableBeanFactory - Creating shared instance of singleton bean 'requestMappingHandlerMapping'
2025-11-07 21:49:37 DEBUG [main] DefaultListableBeanFactory - Autowiring by type from bean name 'requestMappingHandlerMapping' via factory method to bean named 'mvcContentNegotiationManager'
2025-11-07 21:49:37 DEBUG [main] DefaultListableBeanFactory - Autowiring by type from bean name 'requestMappingHandlerMapping' via factory method to bean named 'mvcConversionService'
2025-11-07 21:49:37 DEBUG [main] DefaultListableBeanFactory - Autowiring by type from bean name 'requestMappingHandlerMapping' via factory method to bean named 'mvcResourceUrlProvider'
2025-11-07 21:49:37 DEBUG [main] Mappings - 
	c.c.p.c.AuthController:
	{POST [/auth/login]}: login(LoginRequestModel)
2025-11-07 21:49:37 DEBUG [main] Mappings - 
	c.c.p.c.ProductController:
	{GET [/products/{id}]}: findById(Long)
	{POST [/products/buy-multiple]}: buyMultipleProducts(ProductPurchaseModel)
	{PUT [/products/{id}]}: updateProduct(Long,ProductModel)
	{DELETE [/products/{id}]}: deleteProduct(Long)
	{GET [/products]}: listProducts(Boolean)
	{PATCH [/products/{id}/active]}: updateActiveStatus(Long,ProductPatchModel)
	{POST [/products/new]}: addProduct(ProductModel)
2025-11-07 21:49:37 DEBUG [main] Mappings - 
	c.c.p.c.ProductInventoryController:
	{GET [/inventory/{id}]}: findById(Long)
	{GET [/inventory]}: listInventories()
2025-11-07 21:49:37 DEBUG [main] Mappings - 
	c.c.p.c.UserController:
	{GET [/users/{id}]}: findById(Long)
	{GET [/users/search-like]}: findByNameAndSurnameLike(String)
	{POST [/users/new]}: addUser(UserModel)
	{GET [/users/username/{userName}]}: findByUserName(String)
	{PATCH [/users/{id}/password]}: updatePassword(Long,UserUpdatePasswordModel)
	{PUT [/users/update]}: updateUser(UserUpdateModel)
	{GET [/users]}: listUsers()
2025-11-07 21:49:37 DEBUG [main] Mappings - 
	o.s.b.a.w.s.e.BasicErrorController:
	{ [/error]}: error(HttpServletRequest)
	{ [/error], produces [text/html]}: errorHtml(HttpServletRequest,HttpServletResponse)
2025-11-07 21:49:37 DEBUG [main] Mappings - 
	o.s.w.a.OpenApiWebMvcResource:
	{GET [/v3/api-docs], produces [application/json]}: openapiJson(HttpServletRequest,String,Locale)
	{GET [/v3/api-docs.yaml], produces [application/vnd.oai.openapi]}: openapiYaml(HttpServletRequest,String,Locale)
2025-11-07 21:49:37 DEBUG [main] Mappings - 
	o.s.w.u.SwaggerWelcomeWebMvc:
	{GET [/swagger-ui.html]}: redirectToUi(HttpServletRequest)
2025-11-07 21:49:37 DEBUG [main] Mappings - 
	o.s.w.u.SwaggerConfigResource:
	{GET [/v3/api-docs/swagger-config], produces [application/json]}: openapiJson(HttpServletRequest)
2025-11-07 21:49:37 DEBUG [main] RequestMappingHandlerMapping - 23 mappings in 'requestMappingHandlerMapping'
2025-11-07 21:49:37 DEBUG [main] DefaultListableBeanFactory - Creating shared instance of singleton bean 'mvcPatternParser'
2025-11-07 21:49:37 DEBUG [main] DefaultListableBeanFactory - Creating shared instance of singleton bean 'mvcUrlPathHelper'
2025-11-07 21:49:37 DEBUG [main] DefaultListableBeanFactory - Creating shared instance of singleton bean 'mvcPathMatcher'
2025-11-07 21:49:37 DEBUG [main] DefaultListableBeanFactory - Creating shared instance of singleton bean 'viewControllerHandlerMapping'
2025-11-07 21:49:37 DEBUG [main] DefaultListableBeanFactory - Autowiring by type from bean name 'viewControllerHandlerMapping' via factory method to bean named 'mvcConversionService'
2025-11-07 21:49:37 DEBUG [main] DefaultListableBeanFactory - Autowiring by type from bean name 'viewControllerHandlerMapping' via factory method to bean named 'mvcResourceUrlProvider'
2025-11-07 21:49:37 DEBUG [main] DefaultListableBeanFactory - Creating shared instance of singleton bean 'beanNameHandlerMapping'
2025-11-07 21:49:37 DEBUG [main] DefaultListableBeanFactory - Autowiring by type from bean name 'beanNameHandlerMapping' via factory method to bean named 'mvcConversionService'
2025-11-07 21:49:37 DEBUG [main] DefaultListableBeanFactory - Autowiring by type from bean name 'beanNameHandlerMapping' via factory method to bean named 'mvcResourceUrlProvider'
2025-11-07 21:49:37 DEBUG [main] Mappings - 'beanNameHandlerMapping' {}
2025-11-07 21:49:37 DEBUG [main] DefaultListableBeanFactory - Creating shared instance of singleton bean 'routerFunctionMapping'
2025-11-07 21:49:37 DEBUG [main] DefaultListableBeanFactory - Autowiring by type from bean name 'routerFunctionMapping' via factory method to bean named 'mvcConversionService'
2025-11-07 21:49:37 DEBUG [main] DefaultListableBeanFactory - Autowiring by type from bean name 'routerFunctionMapping' via factory method to bean named 'mvcResourceUrlProvider'
2025-11-07 21:49:37 DEBUG [main] DefaultListableBeanFactory - Creating shared instance of singleton bean 'messageConverters'
2025-11-07 21:49:37 DEBUG [main] DefaultListableBeanFactory - Creating shared instance of singleton bean 'org.springframework.boot.autoconfigure.http.HttpMessageConvertersAutoConfiguration'
2025-11-07 21:49:37 DEBUG [main] DefaultListableBeanFactory - Creating shared instance of singleton bean 'stringHttpMessageConverter'
2025-11-07 21:49:37 DEBUG [main] DefaultListableBeanFactory - Creating shared instance of singleton bean 'org.springframework.boot.autoconfigure.http.HttpMessageConvertersAutoConfiguration$StringHttpMessageConverterConfiguration'
2025-11-07 21:49:37 DEBUG [main] DefaultListableBeanFactory - Autowiring by type from bean name 'stringHttpMessageConverter' via factory method to bean named 'environment'
2025-11-07 21:49:37 DEBUG [main] DefaultListableBeanFactory - Creating shared instance of singleton bean 'mappingJackson2HttpMessageConverter'
2025-11-07 21:49:37 DEBUG [main] DefaultListableBeanFactory - Creating shared instance of singleton bean 'org.springframework.boot.autoconfigure.http.JacksonHttpMessageConvertersConfiguration$MappingJackson2HttpMessageConverterConfiguration'
2025-11-07 21:49:37 DEBUG [main] DefaultListableBeanFactory - Creating shared instance of singleton bean 'jacksonObjectMapper'
2025-11-07 21:49:37 DEBUG [main] DefaultListableBeanFactory - Creating shared instance of singleton bean 'org.springframework.boot.autoconfigure.jackson.JacksonAutoConfiguration$JacksonObjectMapperConfiguration'
2025-11-07 21:49:37 DEBUG [main] DefaultListableBeanFactory - Creating shared instance of singleton bean 'org.springframework.boot.autoconfigure.jackson.JacksonAutoConfiguration$JacksonObjectMapperBuilderConfiguration'
2025-11-07 21:49:37 DEBUG [main] DefaultListableBeanFactory - Creating shared instance of singleton bean 'standardJacksonObjectMapperBuilderCustomizer'
2025-11-07 21:49:37 DEBUG [main] DefaultListableBeanFactory - Creating shared instance of singleton bean 'org.springframework.boot.autoconfigure.jackson.JacksonAutoConfiguration$Jackson2ObjectMapperBuilderCustomizerConfiguration'
2025-11-07 21:49:37 DEBUG [main] DefaultListableBeanFactory - Creating shared instance of singleton bean 'spring.jackson-org.springframework.boot.autoconfigure.jackson.JacksonProperties'
2025-11-07 21:49:37 DEBUG [main] DefaultListableBeanFactory - Autowiring by type from bean name 'standardJacksonObjectMapperBuilderCustomizer' via factory method to bean named 'spring.jackson-org.springframework.boot.autoconfigure.jackson.JacksonProperties'
2025-11-07 21:49:37 DEBUG [main] DefaultListableBeanFactory - Creating shared instance of singleton bean 'parameterNamesModule'
2025-11-07 21:49:37 DEBUG [main] DefaultListableBeanFactory - Creating shared instance of singleton bean 'org.springframework.boot.autoconfigure.jackson.JacksonAutoConfiguration$ParameterNamesModuleConfiguration'
2025-11-07 21:49:37 DEBUG [main] DefaultListableBeanFactory - Creating shared instance of singleton bean 'jsonMixinModule'
2025-11-07 21:49:37 DEBUG [main] DefaultListableBeanFactory - Creating shared instance of singleton bean 'org.springframework.boot.autoconfigure.jackson.JacksonAutoConfiguration$JacksonMixinConfiguration'
2025-11-07 21:49:37 DEBUG [main] DefaultListableBeanFactory - Creating shared instance of singleton bean 'jsonMixinModuleEntries'
2025-11-07 21:49:37 DEBUG [main] DefaultListableBeanFactory - Autowiring by type from bean name 'jsonMixinModuleEntries' via factory method to bean named 'org.springframework.boot.web.servlet.context.AnnotationConfigServletWebServerApplicationContext@117632cf'
2025-11-07 21:49:37 DEBUG [main] DefaultListableBeanFactory - Autowiring by type from bean name 'jsonMixinModule' via factory method to bean named 'org.springframework.boot.web.servlet.context.AnnotationConfigServletWebServerApplicationContext@117632cf'
2025-11-07 21:49:37 DEBUG [main] DefaultListableBeanFactory - Autowiring by type from bean name 'jsonMixinModule' via factory method to bean named 'jsonMixinModuleEntries'
2025-11-07 21:49:37 DEBUG [main] DefaultListableBeanFactory - Creating shared instance of singleton bean 'jsonComponentModule'
2025-11-07 21:49:37 DEBUG [main] DefaultListableBeanFactory - Creating shared instance of singleton bean 'org.springframework.boot.autoconfigure.jackson.JacksonAutoConfiguration'
2025-11-07 21:49:37 DEBUG [main] DefaultListableBeanFactory - Creating shared instance of singleton bean 'jacksonGeoModule'
2025-11-07 21:49:37 DEBUG [main] DefaultListableBeanFactory - Creating shared instance of singleton bean 'org.springframework.data.web.config.SpringDataJacksonConfiguration'
2025-11-07 21:49:37 DEBUG [main] DefaultListableBeanFactory - Creating shared instance of singleton bean 'springDataWebSettings'
2025-11-07 21:49:37 DEBUG [main] DefaultListableBeanFactory - Creating shared instance of singleton bean 'org.springframework.boot.autoconfigure.data.web.SpringDataWebAutoConfiguration'
2025-11-07 21:49:37 DEBUG [main] DefaultListableBeanFactory - Creating shared instance of singleton bean 'spring.data.web-org.springframework.boot.autoconfigure.data.web.SpringDataWebProperties'
2025-11-07 21:49:37 DEBUG [main] DefaultListableBeanFactory - Autowiring by type from bean name 'org.springframework.boot.autoconfigure.data.web.SpringDataWebAutoConfiguration' via constructor to bean named 'spring.data.web-org.springframework.boot.autoconfigure.data.web.SpringDataWebProperties'
2025-11-07 21:49:37 DEBUG [main] DefaultListableBeanFactory - Creating shared instance of singleton bean 'pageModule'
2025-11-07 21:49:37 DEBUG [main] DefaultListableBeanFactory - Autowiring by type from bean name 'jacksonObjectMapperBuilder' via factory method to bean named 'org.springframework.boot.web.servlet.context.AnnotationConfigServletWebServerApplicationContext@117632cf'
2025-11-07 21:49:37 DEBUG [main] DefaultListableBeanFactory - Autowiring by type from bean name 'jacksonObjectMapperBuilder' via factory method to bean named 'standardJacksonObjectMapperBuilderCustomizer'
2025-11-07 21:49:37 DEBUG [main] DefaultListableBeanFactory - Autowiring by type from bean name 'jacksonObjectMapper' via factory method to bean named 'jacksonObjectMapperBuilder'
2025-11-07 21:49:37 DEBUG [main] DefaultListableBeanFactory - Autowiring by type from bean name 'mappingJackson2HttpMessageConverter' via factory method to bean named 'jacksonObjectMapper'
2025-11-07 21:49:37 DEBUG [main] DefaultListableBeanFactory - Creating shared instance of singleton bean 'resourceHandlerMapping'
2025-11-07 21:49:37 DEBUG [main] DefaultListableBeanFactory - Autowiring by type from bean name 'resourceHandlerMapping' via factory method to bean named 'mvcContentNegotiationManager'
2025-11-07 21:49:37 DEBUG [main] DefaultListableBeanFactory - Autowiring by type from bean name 'resourceHandlerMapping' via factory method to bean named 'mvcConversionService'
2025-11-07 21:49:37 DEBUG [main] DefaultListableBeanFactory - Autowiring by type from bean name 'resourceHandlerMapping' via factory method to bean named 'mvcResourceUrlProvider'
2025-11-07 21:49:37 DEBUG [main] Mappings - 'resourceHandlerMapping' {/webjars/**=ResourceHttpRequestHandler [classpath [META-INF/resources/webjars/]], /**=ResourceHttpRequestHandler [classpath [META-INF/resources/], classpath [resources/], classpath [static/], classpath [public/], ServletContext [/]], /swagger-ui*/*swagger-initializer.js=ResourceHttpRequestHandler [classpath [META-INF/resources/webjars/]], /swagger-ui*/**=ResourceHttpRequestHandler [classpath [META-INF/resources/webjars/]]}
2025-11-07 21:49:37 DEBUG [main] DefaultListableBeanFactory - Creating shared instance of singleton bean 'defaultServletHandlerMapping'
2025-11-07 21:49:37 DEBUG [main] DefaultListableBeanFactory - Creating shared instance of singleton bean 'requestMappingHandlerAdapter'
2025-11-07 21:49:37 DEBUG [main] DefaultListableBeanFactory - Autowiring by type from bean name 'requestMappingHandlerAdapter' via factory method to bean named 'mvcContentNegotiationManager'
2025-11-07 21:49:37 DEBUG [main] DefaultListableBeanFactory - Autowiring by type from bean name 'requestMappingHandlerAdapter' via factory method to bean named 'mvcConversionService'
2025-11-07 21:49:37 DEBUG [main] DefaultListableBeanFactory - Autowiring by type from bean name 'requestMappingHandlerAdapter' via factory method to bean named 'mvcValidator'
2025-11-07 21:49:37 DEBUG [main] DefaultListableBeanFactory - Creating shared instance of singleton bean 'sortResolver'
2025-11-07 21:49:37 DEBUG [main] DefaultListableBeanFactory - Creating shared instance of singleton bean 'sortCustomizer'
2025-11-07 21:49:37 DEBUG [main] DefaultListableBeanFactory - Creating shared instance of singleton bean 'pageableResolver'
2025-11-07 21:49:37 DEBUG [main] DefaultListableBeanFactory - Creating shared instance of singleton bean 'pageableCustomizer'
2025-11-07 21:49:37 DEBUG [main] DefaultListableBeanFactory - Creating shared instance of singleton bean 'org.springdoc.core.configuration.SpringDocConfiguration$OpenApiResourceAdvice'
2025-11-07 21:49:37 DEBUG [main] DefaultListableBeanFactory - Autowiring by type from bean name 'org.springdoc.core.configuration.SpringDocConfiguration$OpenApiResourceAdvice' via constructor to bean named 'org.springdoc.core.configuration.SpringDocConfiguration'
2025-11-07 21:49:37 DEBUG [main] RequestMappingHandlerAdapter - ControllerAdvice beans: 0 @ModelAttribute, 0 @InitBinder, 1 RequestBodyAdvice, 1 ResponseBodyAdvice
2025-11-07 21:49:37 DEBUG [main] DefaultListableBeanFactory - Creating shared instance of singleton bean 'mvcViewResolver'
2025-11-07 21:49:37 DEBUG [main] DefaultListableBeanFactory - Autowiring by type from bean name 'mvcViewResolver' via factory method to bean named 'mvcContentNegotiationManager'
2025-11-07 21:49:37 DEBUG [main] DefaultListableBeanFactory - Creating shared instance of singleton bean 'defaultViewResolver'
2025-11-07 21:49:37 DEBUG [main] DefaultListableBeanFactory - Creating shared instance of singleton bean 'viewResolver'
2025-11-07 21:49:37 DEBUG [main] DefaultListableBeanFactory - Autowiring by type from bean name 'viewResolver' via factory method to bean named 'org.springframework.beans.factory.support.DefaultListableBeanFactory@2c779e5'
2025-11-07 21:49:37 DEBUG [main] DefaultListableBeanFactory - Creating shared instance of singleton bean 'viewResolver'
2025-11-07 21:49:38 DEBUG [main] DefaultListableBeanFactory - Creating shared instance of singleton bean 'handlerFunctionAdapter'
2025-11-07 21:49:38 DEBUG [main] DefaultListableBeanFactory - Creating shared instance of singleton bean 'mvcUriComponentsContributor'
2025-11-07 21:49:38 DEBUG [main] DefaultListableBeanFactory - Autowiring by type from bean name 'mvcUriComponentsContributor' via factory method to bean named 'mvcConversionService'
2025-11-07 21:49:38 DEBUG [main] DefaultListableBeanFactory - Autowiring by type from bean name 'mvcUriComponentsContributor' via factory method to bean named 'requestMappingHandlerAdapter'
2025-11-07 21:49:38 DEBUG [main] DefaultListableBeanFactory - Creating shared instance of singleton bean 'httpRequestHandlerAdapter'
2025-11-07 21:49:38 DEBUG [main] DefaultListableBeanFactory - Creating shared instance of singleton bean 'simpleControllerHandlerAdapter'
2025-11-07 21:49:38 DEBUG [main] DefaultListableBeanFactory - Creating shared instance of singleton bean 'handlerExceptionResolver'
2025-11-07 21:49:38 DEBUG [main] DefaultListableBeanFactory - Autowiring by type from bean name 'handlerExceptionResolver' via factory method to bean named 'mvcContentNegotiationManager'
2025-11-07 21:49:38 DEBUG [main] ExceptionHandlerExceptionResolver - ControllerAdvice beans: 3 @ExceptionHandler, 1 ResponseBodyAdvice
2025-11-07 21:49:38 DEBUG [main] DefaultListableBeanFactory - Creating shared instance of singleton bean 'org.springdoc.core.configuration.SpringDocConfiguration$QuerydslProvider'
2025-11-07 21:49:38 DEBUG [main] DefaultListableBeanFactory - Creating shared instance of singleton bean 'queryDslQuerydslPredicateOperationCustomizer'
2025-11-07 21:49:38 DEBUG [main] DefaultListableBeanFactory - Autowiring by type from bean name 'queryDslQuerydslPredicateOperationCustomizer' via factory method to bean named 'org.springdoc.core.properties.SpringDocConfigProperties'
2025-11-07 21:49:38 DEBUG [main] DefaultListableBeanFactory - Creating shared instance of singleton bean 'org.springdoc.core.configuration.SpringDocConfiguration$SpringDocSpringDataWebPropertiesProvider'
2025-11-07 21:49:38 DEBUG [main] DefaultListableBeanFactory - Creating shared instance of singleton bean 'springDataWebPropertiesProvider'
2025-11-07 21:49:38 DEBUG [main] DefaultListableBeanFactory - Creating shared instance of singleton bean 'org.springdoc.core.configuration.SpringDocConfiguration$WebConversionServiceConfiguration'
2025-11-07 21:49:38 DEBUG [main] DefaultListableBeanFactory - Creating shared instance of singleton bean 'webConversionServiceProvider'
2025-11-07 21:49:38 DEBUG [main] DefaultListableBeanFactory - Creating shared instance of singleton bean 'localSpringDocParameterNameDiscoverer'
2025-11-07 21:49:38 DEBUG [main] DefaultListableBeanFactory - Creating shared instance of singleton bean 'additionalModelsConverter'
2025-11-07 21:49:38 DEBUG [main] DefaultListableBeanFactory - Autowiring by type from bean name 'additionalModelsConverter' via factory method to bean named 'springdocObjectMapperProvider'
2025-11-07 21:49:38 DEBUG [main] DefaultListableBeanFactory - Creating shared instance of singleton bean 'fileSupportConverter'
2025-11-07 21:49:38 DEBUG [main] DefaultListableBeanFactory - Autowiring by type from bean name 'fileSupportConverter' via factory method to bean named 'springdocObjectMapperProvider'
2025-11-07 21:49:38 DEBUG [main] DefaultListableBeanFactory - Creating shared instance of singleton bean 'responseSupportConverter'
2025-11-07 21:49:38 DEBUG [main] DefaultListableBeanFactory - Autowiring by type from bean name 'responseSupportConverter' via factory method to bean named 'springdocObjectMapperProvider'
2025-11-07 21:49:38 DEBUG [main] DefaultListableBeanFactory - Creating shared instance of singleton bean 'schemaPropertyDeprecatingConverter'
2025-11-07 21:49:38 DEBUG [main] DefaultListableBeanFactory - Creating shared instance of singleton bean 'polymorphicModelConverter'
2025-11-07 21:49:38 DEBUG [main] DefaultListableBeanFactory - Autowiring by type from bean name 'polymorphicModelConverter' via factory method to bean named 'springdocObjectMapperProvider'
2025-11-07 21:49:38 DEBUG [main] DefaultListableBeanFactory - Creating shared instance of singleton bean 'openAPIBuilder'
2025-11-07 21:49:38 DEBUG [main] DefaultListableBeanFactory - Creating shared instance of singleton bean 'securityParser'
2025-11-07 21:49:38 DEBUG [main] DefaultListableBeanFactory - Creating shared instance of singleton bean 'propertyResolverUtils'
2025-11-07 21:49:38 DEBUG [main] DefaultListableBeanFactory - Autowiring by type from bean name 'propertyResolverUtils' via factory method to bean named 'org.springframework.beans.factory.support.DefaultListableBeanFactory@2c779e5'
2025-11-07 21:49:38 DEBUG [main] DefaultListableBeanFactory - Autowiring by type from bean name 'propertyResolverUtils' via factory method to bean named 'messageSource'
2025-11-07 21:49:38 DEBUG [main] DefaultListableBeanFactory - Autowiring by type from bean name 'propertyResolverUtils' via factory method to bean named 'org.springdoc.core.properties.SpringDocConfigProperties'
2025-11-07 21:49:38 DEBUG [main] DefaultListableBeanFactory - Autowiring by type from bean name 'securityParser' via factory method to bean named 'propertyResolverUtils'
2025-11-07 21:49:38 DEBUG [main] DefaultListableBeanFactory - Autowiring by type from bean name 'openAPIBuilder' via factory method to bean named 'securityParser'
2025-11-07 21:49:38 DEBUG [main] DefaultListableBeanFactory - Autowiring by type from bean name 'openAPIBuilder' via factory method to bean named 'org.springdoc.core.properties.SpringDocConfigProperties'
2025-11-07 21:49:38 DEBUG [main] DefaultListableBeanFactory - Autowiring by type from bean name 'openAPIBuilder' via factory method to bean named 'propertyResolverUtils'
2025-11-07 21:49:38 DEBUG [main] DefaultListableBeanFactory - Creating shared instance of singleton bean 'modelConverterRegistrar'
2025-11-07 21:49:38 DEBUG [main] DefaultListableBeanFactory - Creating shared instance of singleton bean 'pageableOpenAPIConverter'
2025-11-07 21:49:38 DEBUG [main] DefaultListableBeanFactory - Creating shared instance of singleton bean 'org.springdoc.core.configuration.SpringDocPageableConfiguration'
2025-11-07 21:49:38 DEBUG [main] DefaultListableBeanFactory - Autowiring by type from bean name 'pageableOpenAPIConverter' via factory method to bean named 'springdocObjectMapperProvider'
2025-11-07 21:49:38 DEBUG [main] DefaultListableBeanFactory - Creating shared instance of singleton bean 'pageOpenAPIConverter'
2025-11-07 21:49:38 DEBUG [main] DefaultListableBeanFactory - Autowiring by type from bean name 'pageOpenAPIConverter' via factory method to bean named 'springdocObjectMapperProvider'
2025-11-07 21:49:38 DEBUG [main] DefaultListableBeanFactory - Creating shared instance of singleton bean 'sortOpenAPIConverter'
2025-11-07 21:49:38 DEBUG [main] DefaultListableBeanFactory - Creating shared instance of singleton bean 'org.springdoc.core.configuration.SpringDocSortConfiguration'
2025-11-07 21:49:38 DEBUG [main] DefaultListableBeanFactory - Autowiring by type from bean name 'sortOpenAPIConverter' via factory method to bean named 'springdocObjectMapperProvider'
2025-11-07 21:49:38 DEBUG [main] DefaultListableBeanFactory - Autowiring by type from bean name 'modelConverterRegistrar' via factory method to bean named 'org.springdoc.core.properties.SpringDocConfigProperties'
2025-11-07 21:49:38 DEBUG [main] DefaultListableBeanFactory - Creating shared instance of singleton bean 'operationBuilder'
2025-11-07 21:49:38 DEBUG [main] DefaultListableBeanFactory - Creating shared instance of singleton bean 'parameterBuilder'
2025-11-07 21:49:38 DEBUG [main] DefaultListableBeanFactory - Creating shared instance of singleton bean 'parameterObjectNamingStrategyCustomizer'
2025-11-07 21:49:38 DEBUG [main] DefaultListableBeanFactory - Creating shared instance of singleton bean 'dataRestDelegatingMethodParameterCustomizer'
2025-11-07 21:49:38 DEBUG [main] DefaultListableBeanFactory - Autowiring by type from bean name 'parameterBuilder' via factory method to bean named 'propertyResolverUtils'
2025-11-07 21:49:38 DEBUG [main] DefaultListableBeanFactory - Autowiring by type from bean name 'parameterBuilder' via factory method to bean named 'springdocObjectMapperProvider'
2025-11-07 21:49:38 DEBUG [main] DefaultListableBeanFactory - Creating shared instance of singleton bean 'requestBodyBuilder'
2025-11-07 21:49:38 DEBUG [main] DefaultListableBeanFactory - Autowiring by type from bean name 'requestBodyBuilder' via factory method to bean named 'parameterBuilder'
2025-11-07 21:49:38 DEBUG [main] DefaultListableBeanFactory - Autowiring by type from bean name 'requestBodyBuilder' via factory method to bean named 'propertyResolverUtils'
2025-11-07 21:49:38 DEBUG [main] DefaultListableBeanFactory - Autowiring by type from bean name 'operationBuilder' via factory method to bean named 'parameterBuilder'
2025-11-07 21:49:38 DEBUG [main] DefaultListableBeanFactory - Autowiring by type from bean name 'operationBuilder' via factory method to bean named 'requestBodyBuilder'
2025-11-07 21:49:38 DEBUG [main] DefaultListableBeanFactory - Autowiring by type from bean name 'operationBuilder' via factory method to bean named 'securityParser'
2025-11-07 21:49:38 DEBUG [main] DefaultListableBeanFactory - Autowiring by type from bean name 'operationBuilder' via factory method to bean named 'propertyResolverUtils'
2025-11-07 21:49:38 DEBUG [main] DefaultListableBeanFactory - Creating shared instance of singleton bean 'springDocProviders'
2025-11-07 21:49:38 DEBUG [main] DefaultListableBeanFactory - Creating shared instance of singleton bean 'routerFunctionProvider'
2025-11-07 21:49:38 DEBUG [main] DefaultListableBeanFactory - Creating shared instance of singleton bean 'org.springdoc.webmvc.core.configuration.SpringDocWebMvcConfiguration$SpringDocWebMvcRouterConfiguration'
2025-11-07 21:49:38 DEBUG [main] DefaultListableBeanFactory - Autowiring by type from bean name 'springDocProviders' via factory method to bean named 'springdocObjectMapperProvider'
2025-11-07 21:49:38 DEBUG [main] DefaultListableBeanFactory - Creating shared instance of singleton bean 'springDocCustomizers'
2025-11-07 21:49:38 DEBUG [main] DefaultListableBeanFactory - Creating shared instance of singleton bean 'globalOpenApiCustomizer'
2025-11-07 21:49:38 DEBUG [main] DefaultListableBeanFactory - Creating shared instance of singleton bean 'org.springdoc.core.configuration.SpringDocSecurityConfiguration$SpringSecurityLoginEndpointConfiguration'
2025-11-07 21:49:38 DEBUG [main] DefaultListableBeanFactory - Creating shared instance of singleton bean 'org.springdoc.core.configuration.SpringDocSecurityConfiguration'
2025-11-07 21:49:38 DEBUG [main] DefaultListableBeanFactory - Autowiring by type from bean name 'org.springdoc.core.configuration.SpringDocSecurityConfiguration$SpringSecurityLoginEndpointConfiguration' via constructor to bean named 'org.springdoc.core.configuration.SpringDocSecurityConfiguration'
2025-11-07 21:49:38 DEBUG [main] DefaultListableBeanFactory - Creating shared instance of singleton bean 'org.springdoc.core.configuration.SpringDocUIConfiguration'
2025-11-07 21:49:38 DEBUG [main] DefaultListableBeanFactory - Creating shared instance of singleton bean 'openApiResource'
2025-11-07 21:49:38 DEBUG [main] DefaultListableBeanFactory - Creating shared instance of singleton bean 'requestBuilder'
2025-11-07 21:49:38 DEBUG [main] DefaultListableBeanFactory - Autowiring by type from bean name 'requestBuilder' via factory method to bean named 'parameterBuilder'
2025-11-07 21:49:38 DEBUG [main] DefaultListableBeanFactory - Autowiring by type from bean name 'requestBuilder' via factory method to bean named 'requestBodyBuilder'
2025-11-07 21:49:38 DEBUG [main] DefaultListableBeanFactory - Autowiring by type from bean name 'requestBuilder' via factory method to bean named 'localSpringDocParameterNameDiscoverer'
2025-11-07 21:49:38 DEBUG [main] DefaultListableBeanFactory - Creating shared instance of singleton bean 'responseBuilder'
2025-11-07 21:49:38 DEBUG [main] DefaultListableBeanFactory - Autowiring by type from bean name 'responseBuilder' via factory method to bean named 'operationBuilder'
2025-11-07 21:49:38 DEBUG [main] DefaultListableBeanFactory - Autowiring by type from bean name 'responseBuilder' via factory method to bean named 'org.springdoc.core.properties.SpringDocConfigProperties'
2025-11-07 21:49:38 DEBUG [main] DefaultListableBeanFactory - Autowiring by type from bean name 'responseBuilder' via factory method to bean named 'propertyResolverUtils'
2025-11-07 21:49:38 DEBUG [main] DefaultListableBeanFactory - Autowiring by type from bean name 'openApiResource' via factory method to bean named 'requestBuilder'
2025-11-07 21:49:38 DEBUG [main] DefaultListableBeanFactory - Autowiring by type from bean name 'openApiResource' via factory method to bean named 'responseBuilder'
2025-11-07 21:49:38 DEBUG [main] DefaultListableBeanFactory - Autowiring by type from bean name 'openApiResource' via factory method to bean named 'operationBuilder'
2025-11-07 21:49:38 DEBUG [main] DefaultListableBeanFactory - Autowiring by type from bean name 'openApiResource' via factory method to bean named 'org.springdoc.core.properties.SpringDocConfigProperties'
2025-11-07 21:49:38 DEBUG [main] DefaultListableBeanFactory - Autowiring by type from bean name 'openApiResource' via factory method to bean named 'springDocProviders'
2025-11-07 21:49:38 DEBUG [main] DefaultListableBeanFactory - Autowiring by type from bean name 'openApiResource' via factory method to bean named 'springDocCustomizers'
2025-11-07 21:49:38 DEBUG [main] DefaultListableBeanFactory - Creating shared instance of singleton bean 'swaggerConfigResource'
2025-11-07 21:49:38 DEBUG [main] DefaultListableBeanFactory - Autowiring by type from bean name 'swaggerConfigResource' via factory method to bean named 'swaggerWelcome'
2025-11-07 21:49:38 DEBUG [main] DefaultListableBeanFactory - Creating shared instance of singleton bean 'org.springframework.boot.autoconfigure.aop.AopAutoConfiguration$AspectJAutoProxyingConfiguration$CglibAutoProxyConfiguration'
2025-11-07 21:49:38 DEBUG [main] DefaultListableBeanFactory - Creating shared instance of singleton bean 'org.springframework.boot.autoconfigure.aop.AopAutoConfiguration$AspectJAutoProxyingConfiguration'
2025-11-07 21:49:38 DEBUG [main] DefaultListableBeanFactory - Creating shared instance of singleton bean 'org.springframework.boot.autoconfigure.aop.AopAutoConfiguration'
2025-11-07 21:49:38 DEBUG [main] DefaultListableBeanFactory - Creating shared instance of singleton bean 'org.springframework.boot.autoconfigure.availability.ApplicationAvailabilityAutoConfiguration'
2025-11-07 21:49:38 DEBUG [main] DefaultListableBeanFactory - Creating shared instance of singleton bean 'applicationAvailability'
2025-11-07 21:49:38 DEBUG [main] DefaultListableBeanFactory - Creating shared instance of singleton bean 'org.springframework.boot.autoconfigure.transaction.jta.JtaAutoConfiguration'
2025-11-07 21:49:38 DEBUG [main] DefaultListableBeanFactory - Creating shared instance of singleton bean 'org.springframework.boot.autoconfigure.jdbc.metadata.DataSourcePoolMetadataProvidersConfiguration'
2025-11-07 21:49:38 DEBUG [main] DefaultListableBeanFactory - Creating shared instance of singleton bean 'org.springframework.boot.autoconfigure.jdbc.DataSourceAutoConfiguration'
2025-11-07 21:49:38 DEBUG [main] DefaultListableBeanFactory - Creating shared instance of singleton bean 'org.springframework.boot.autoconfigure.transaction.TransactionManagerCustomizationAutoConfiguration'
2025-11-07 21:49:38 DEBUG [main] DefaultListableBeanFactory - Creating shared instance of singleton bean 'platformTransactionManagerCustomizers'
2025-11-07 21:49:38 DEBUG [main] DefaultListableBeanFactory - Creating shared instance of singleton bean 'transactionExecutionListeners'
2025-11-07 21:49:38 DEBUG [main] DefaultListableBeanFactory - Creating shared instance of singleton bean 'spring.transaction-org.springframework.boot.autoconfigure.transaction.TransactionProperties'
2025-11-07 21:49:38 DEBUG [main] DefaultListableBeanFactory - Creating shared instance of singleton bean 'org.springframework.boot.autoconfigure.orm.jpa.JpaBaseConfiguration$PersistenceManagedTypesConfiguration'
2025-11-07 21:49:38 DEBUG [main] DefaultListableBeanFactory - Creating shared instance of singleton bean 'transactionManager'
2025-11-07 21:49:38 DEBUG [main] DefaultListableBeanFactory - Creating shared instance of singleton bean 'org.springframework.boot.autoconfigure.orm.jpa.HibernateJpaAutoConfiguration'
2025-11-07 21:49:38 DEBUG [main] DefaultListableBeanFactory - Creating shared instance of singleton bean 'org.springframework.boot.autoconfigure.context.ConfigurationPropertiesAutoConfiguration'
2025-11-07 21:49:38 DEBUG [main] DefaultListableBeanFactory - Creating shared instance of singleton bean 'org.springframework.boot.autoconfigure.context.LifecycleAutoConfiguration'
2025-11-07 21:49:38 DEBUG [main] DefaultListableBeanFactory - Creating shared instance of singleton bean 'lifecycleProcessor'
2025-11-07 21:49:38 DEBUG [main] DefaultListableBeanFactory - Creating shared instance of singleton bean 'spring.lifecycle-org.springframework.boot.autoconfigure.context.LifecycleProperties'
2025-11-07 21:49:38 DEBUG [main] DefaultListableBeanFactory - Autowiring by type from bean name 'lifecycleProcessor' via factory method to bean named 'spring.lifecycle-org.springframework.boot.autoconfigure.context.LifecycleProperties'
2025-11-07 21:49:38 DEBUG [main] DefaultListableBeanFactory - Creating shared instance of singleton bean 'org.springframework.boot.autoconfigure.dao.PersistenceExceptionTranslationAutoConfiguration'
2025-11-07 21:49:38 DEBUG [main] DefaultListableBeanFactory - Creating shared instance of singleton bean 'org.springframework.boot.autoconfigure.data.jpa.JpaRepositoriesAutoConfiguration'
2025-11-07 21:49:38 DEBUG [main] DefaultListableBeanFactory - Creating shared instance of singleton bean 'eagerJpaMetamodelCacheCleanup'
2025-11-07 21:49:38 DEBUG [main] DefaultListableBeanFactory - Creating shared instance of singleton bean 'org.springframework.data.jpa.util.JpaMetamodelCacheCleanup'
2025-11-07 21:49:38 DEBUG [main] DefaultListableBeanFactory - Creating shared instance of singleton bean 'org.springframework.data.jpa.repository.support.JpaEvaluationContextExtension'
2025-11-07 21:49:38 DEBUG [main] DefaultListableBeanFactory - Creating shared instance of singleton bean 'data-jpa.repository-aot-processor#0'
2025-11-07 21:49:38 DEBUG [main] DefaultListableBeanFactory - Creating shared instance of singleton bean 'org.springframework.boot.autoconfigure.http.JacksonHttpMessageConvertersConfiguration'
2025-11-07 21:49:38 DEBUG [main] DefaultListableBeanFactory - Creating shared instance of singleton bean 'org.springframework.data.web.config.ProjectingArgumentResolverRegistrar'
2025-11-07 21:49:38 DEBUG [main] DefaultListableBeanFactory - Creating shared instance of singleton bean 'offsetResolver'
2025-11-07 21:49:38 DEBUG [main] DefaultListableBeanFactory - Creating shared instance of singleton bean 'org.springframework.boot.autoconfigure.http.client.HttpClientAutoConfiguration'
2025-11-07 21:49:38 DEBUG [main] DefaultListableBeanFactory - Creating shared instance of singleton bean 'spring.http.client-org.springframework.boot.autoconfigure.http.client.HttpClientProperties'
2025-11-07 21:49:38 DEBUG [main] DefaultListableBeanFactory - Autowiring by type from bean name 'org.springframework.boot.autoconfigure.http.client.HttpClientAutoConfiguration' via constructor to bean named 'spring.http.client-org.springframework.boot.autoconfigure.http.client.HttpClientProperties'
2025-11-07 21:49:38 DEBUG [main] DefaultListableBeanFactory - Creating shared instance of singleton bean 'clientHttpRequestFactoryBuilder'
2025-11-07 21:49:38 DEBUG [main] DefaultListableBeanFactory - Creating shared instance of singleton bean 'clientHttpRequestFactorySettings'
2025-11-07 21:49:38 DEBUG [main] DefaultListableBeanFactory - Creating shared instance of singleton bean 'org.springframework.boot.autoconfigure.info.ProjectInfoAutoConfiguration'
2025-11-07 21:49:38 DEBUG [main] DefaultListableBeanFactory - Creating shared instance of singleton bean 'spring.info-org.springframework.boot.autoconfigure.info.ProjectInfoProperties'
2025-11-07 21:49:38 DEBUG [main] DefaultListableBeanFactory - Autowiring by type from bean name 'org.springframework.boot.autoconfigure.info.ProjectInfoAutoConfiguration' via constructor to bean named 'spring.info-org.springframework.boot.autoconfigure.info.ProjectInfoProperties'
2025-11-07 21:49:38 DEBUG [main] DefaultListableBeanFactory - Creating shared instance of singleton bean 'org.springframework.boot.autoconfigure.jdbc.NamedParameterJdbcTemplateConfiguration'
2025-11-07 21:49:38 DEBUG [main] DefaultListableBeanFactory - Creating shared instance of singleton bean 'namedParameterJdbcTemplate'
2025-11-07 21:49:38 DEBUG [main] DefaultListableBeanFactory - Autowiring by type from bean name 'namedParameterJdbcTemplate' via factory method to bean named 'jdbcTemplate'
2025-11-07 21:49:38 DEBUG [main] DefaultListableBeanFactory - Creating shared instance of singleton bean 'org.springframework.boot.autoconfigure.jdbc.JdbcTemplateAutoConfiguration'
2025-11-07 21:49:38 DEBUG [main] DefaultListableBeanFactory - Creating shared instance of singleton bean 'org.springframework.boot.autoconfigure.jdbc.JdbcClientAutoConfiguration'
2025-11-07 21:49:38 DEBUG [main] DefaultListableBeanFactory - Creating shared instance of singleton bean 'jdbcClient'
2025-11-07 21:49:38 DEBUG [main] DefaultListableBeanFactory - Autowiring by type from bean name 'jdbcClient' via factory method to bean named 'namedParameterJdbcTemplate'
2025-11-07 21:49:38 DEBUG [main] DefaultListableBeanFactory - Creating shared instance of singleton bean 'org.springframework.security.config.annotation.web.configuration.WebSecurityConfiguration'
2025-11-07 21:49:38 DEBUG [main] DefaultListableBeanFactory - Creating shared instance of singleton bean 'filterChainDecoratorPostProcessor'
2025-11-07 21:49:38 DEBUG [main] DefaultListableBeanFactory - Creating shared instance of singleton bean 'mvcHandlerMappingIntrospectorRequestTransformer'
2025-11-07 21:49:38 DEBUG [main] DefaultListableBeanFactory - Creating shared instance of singleton bean 'mvcHandlerMappingIntrospector'
2025-11-07 21:49:38 DEBUG [main] DefaultListableBeanFactory - Creating shared instance of singleton bean 'delegatingApplicationListener'
2025-11-07 21:49:38 DEBUG [main] DefaultListableBeanFactory - Creating shared instance of singleton bean 'springSecurityFilterChain'
2025-11-07 21:49:38 DEBUG [main] DefaultListableBeanFactory - Creating shared instance of singleton bean 'webSecurityExpressionHandler'
2025-11-07 21:49:38 DEBUG [main] DefaultListableBeanFactory - Creating shared instance of singleton bean 'privilegeEvaluator'
2025-11-07 21:49:38 DEBUG [main] DefaultListableBeanFactory - Creating shared instance of singleton bean 'requestDataValueProcessor'
2025-11-07 21:49:38 DEBUG [main] DefaultListableBeanFactory - Creating shared instance of singleton bean 'org.springframework.security.config.annotation.web.configuration.ObservationConfiguration'
2025-11-07 21:49:38 DEBUG [main] DefaultListableBeanFactory - Creating shared instance of singleton bean 'org.springframework.boot.autoconfigure.security.servlet.SpringBootWebSecurityConfiguration'
2025-11-07 21:49:38 DEBUG [main] DefaultListableBeanFactory - Creating shared instance of singleton bean 'org.springframework.boot.autoconfigure.sql.init.SqlInitializationAutoConfiguration'
2025-11-07 21:49:38 DEBUG [main] DefaultListableBeanFactory - Creating shared instance of singleton bean 'org.springframework.boot.autoconfigure.task.TaskSchedulingConfigurations$ThreadPoolTaskSchedulerBuilderConfiguration'
2025-11-07 21:49:38 DEBUG [main] DefaultListableBeanFactory - Creating shared instance of singleton bean 'threadPoolTaskSchedulerBuilder'
2025-11-07 21:49:38 DEBUG [main] DefaultListableBeanFactory - Creating shared instance of singleton bean 'spring.task.scheduling-org.springframework.boot.autoconfigure.task.TaskSchedulingProperties'
2025-11-07 21:49:38 DEBUG [main] DefaultListableBeanFactory - Autowiring by type from bean name 'threadPoolTaskSchedulerBuilder' via factory method to bean named 'spring.task.scheduling-org.springframework.boot.autoconfigure.task.TaskSchedulingProperties'
2025-11-07 21:49:38 DEBUG [main] DefaultListableBeanFactory - Creating shared instance of singleton bean 'org.springframework.boot.autoconfigure.task.TaskSchedulingConfigurations$SimpleAsyncTaskSchedulerBuilderConfiguration'
2025-11-07 21:49:38 DEBUG [main] DefaultListableBeanFactory - Autowiring by type from bean name 'org.springframework.boot.autoconfigure.task.TaskSchedulingConfigurations$SimpleAsyncTaskSchedulerBuilderConfiguration' via constructor to bean named 'spring.task.scheduling-org.springframework.boot.autoconfigure.task.TaskSchedulingProperties'
2025-11-07 21:49:38 DEBUG [main] DefaultListableBeanFactory - Creating shared instance of singleton bean 'simpleAsyncTaskSchedulerBuilder'
2025-11-07 21:49:38 DEBUG [main] DefaultListableBeanFactory - Creating shared instance of singleton bean 'org.springframework.boot.autoconfigure.task.TaskSchedulingAutoConfiguration'
2025-11-07 21:49:38 DEBUG [main] DefaultListableBeanFactory - Creating shared instance of singleton bean 'org.springframework.boot.autoconfigure.jdbc.DataSourceTransactionManagerAutoConfiguration$JdbcTransactionManagerConfiguration'
2025-11-07 21:49:38 DEBUG [main] DefaultListableBeanFactory - Creating shared instance of singleton bean 'org.springframework.boot.autoconfigure.jdbc.DataSourceTransactionManagerAutoConfiguration'
2025-11-07 21:49:38 DEBUG [main] DefaultListableBeanFactory - Creating shared instance of singleton bean 'org.springframework.boot.autoconfigure.transaction.TransactionAutoConfiguration$EnableTransactionManagementConfiguration$CglibAutoProxyConfiguration'
2025-11-07 21:49:38 DEBUG [main] DefaultListableBeanFactory - Creating shared instance of singleton bean 'org.springframework.boot.autoconfigure.transaction.TransactionAutoConfiguration$EnableTransactionManagementConfiguration'
2025-11-07 21:49:38 DEBUG [main] DefaultListableBeanFactory - Creating shared instance of singleton bean 'org.springframework.boot.autoconfigure.transaction.TransactionAutoConfiguration$TransactionTemplateConfiguration'
2025-11-07 21:49:38 DEBUG [main] DefaultListableBeanFactory - Creating shared instance of singleton bean 'transactionTemplate'
2025-11-07 21:49:38 DEBUG [main] DefaultListableBeanFactory - Autowiring by type from bean name 'transactionTemplate' via factory method to bean named 'transactionManager'
2025-11-07 21:49:38 DEBUG [main] DefaultListableBeanFactory - Creating shared instance of singleton bean 'org.springframework.boot.autoconfigure.transaction.TransactionAutoConfiguration'
2025-11-07 21:49:38 DEBUG [main] DefaultListableBeanFactory - Creating shared instance of singleton bean 'org.springframework.boot.autoconfigure.web.client.RestClientAutoConfiguration'
2025-11-07 21:49:38 DEBUG [main] DefaultListableBeanFactory - Creating shared instance of singleton bean 'httpMessageConvertersRestClientCustomizer'
2025-11-07 21:49:38 DEBUG [main] DefaultListableBeanFactory - Creating shared instance of singleton bean 'restClientSsl'
2025-11-07 21:49:38 DEBUG [main] DefaultListableBeanFactory - Autowiring by type from bean name 'restClientSsl' via factory method to bean named 'sslBundleRegistry'
2025-11-07 21:49:38 DEBUG [main] DefaultListableBeanFactory - Creating shared instance of singleton bean 'restClientBuilderConfigurer'
2025-11-07 21:49:38 DEBUG [main] DefaultListableBeanFactory - Creating shared instance of singleton bean 'org.springframework.boot.autoconfigure.web.client.RestTemplateAutoConfiguration'
2025-11-07 21:49:38 DEBUG [main] DefaultListableBeanFactory - Creating shared instance of singleton bean 'org.springframework.boot.autoconfigure.web.embedded.EmbeddedWebServerFactoryCustomizerAutoConfiguration'
2025-11-07 21:49:38 DEBUG [main] DefaultListableBeanFactory - Creating shared instance of singleton bean 'multipartResolver'
2025-11-07 21:49:38 DEBUG [main] DefaultLifecycleProcessor - Starting beans in phase -2147483647
2025-11-07 21:49:38 DEBUG [main] DefaultLifecycleProcessor - Successfully started bean 'springBootLoggingLifecycle'
2025-11-07 21:49:38 DEBUG [main] DefaultLifecycleProcessor - Starting beans in phase 1073741823
2025-11-07 21:49:38 DEBUG [main] DefaultLifecycleProcessor - Starting beans in phase 2147481599
2025-11-07 21:49:38 INFO  [main] TomcatWebServer - Tomcat started on port 8080 (http) with context path '/'
2025-11-07 21:49:38 DEBUG [main] DefaultLifecycleProcessor - Successfully started bean 'webServerStartStop'
2025-11-07 21:49:38 DEBUG [main] DefaultLifecycleProcessor - Starting beans in phase 2147482623
2025-11-07 21:49:38 DEBUG [main] DefaultLifecycleProcessor - Successfully started bean 'webServerGracefulShutdown'
2025-11-07 21:49:38 DEBUG [main] ConditionEvaluationReportLogger - 


============================
CONDITIONS EVALUATION REPORT
============================


Positive matches:
-----------------

   AopAutoConfiguration matched:
      - @ConditionalOnBooleanProperty (spring.aop.auto=true) matched (OnPropertyCondition)

   AopAutoConfiguration.AspectJAutoProxyingConfiguration matched:
      - @ConditionalOnClass found required class 'org.aspectj.weaver.Advice' (OnClassCondition)

   AopAutoConfiguration.AspectJAutoProxyingConfiguration.CglibAutoProxyConfiguration matched:
      - @ConditionalOnBooleanProperty (spring.aop.proxy-target-class=true) matched (OnPropertyCondition)

   ApplicationAvailabilityAutoConfiguration#applicationAvailability matched:
      - @ConditionalOnMissingBean (types: org.springframework.boot.availability.ApplicationAvailability; SearchStrategy: all) did not find any beans (OnBeanCondition)

   DataSourceAutoConfiguration matched:
      - @ConditionalOnClass found required classes 'javax.sql.DataSource', 'org.springframework.jdbc.datasource.embedded.EmbeddedDatabaseType' (OnClassCondition)
      - @ConditionalOnMissingBean (types: ?; SearchStrategy: all) did not find any beans (OnBeanCondition)

   DataSourceAutoConfiguration.PooledDataSourceConfiguration matched:
      - AnyNestedCondition 1 matched 1 did not; NestedCondition on DataSourceAutoConfiguration.PooledDataSourceCondition.PooledDataSourceAvailable PooledDataSource found supported DataSource; NestedCondition on DataSourceAutoConfiguration.PooledDataSourceCondition.ExplicitType @ConditionalOnProperty (spring.datasource.type) did not find property 'spring.datasource.type' (DataSourceAutoConfiguration.PooledDataSourceCondition)
      - @ConditionalOnMissingBean (types: javax.sql.DataSource,javax.sql.XADataSource; SearchStrategy: all) did not find any beans (OnBeanCondition)

   DataSourceAutoConfiguration.PooledDataSourceConfiguration#jdbcConnectionDetails matched:
      - @ConditionalOnMissingBean (types: org.springframework.boot.autoconfigure.jdbc.JdbcConnectionDetails; SearchStrategy: all) did not find any beans (OnBeanCondition)

   DataSourceConfiguration.Hikari matched:
      - @ConditionalOnClass found required class 'com.zaxxer.hikari.HikariDataSource' (OnClassCondition)
      - @ConditionalOnProperty (spring.datasource.type=com.zaxxer.hikari.HikariDataSource) matched (OnPropertyCondition)
      - @ConditionalOnMissingBean (types: javax.sql.DataSource; SearchStrategy: all) did not find any beans (OnBeanCondition)

   DataSourceInitializationConfiguration matched:
      - @ConditionalOnClass found required class 'org.springframework.jdbc.datasource.init.DatabasePopulator' (OnClassCondition)
      - @ConditionalOnSingleCandidate (types: javax.sql.DataSource; SearchStrategy: all) found a single bean 'dataSource'; @ConditionalOnMissingBean (types: org.springframework.boot.autoconfigure.sql.init.SqlDataSourceScriptDatabaseInitializer,org.springframework.boot.autoconfigure.sql.init.SqlR2dbcScriptDatabaseInitializer; SearchStrategy: all) did not find any beans (OnBeanCondition)

   DataSourcePoolMetadataProvidersConfiguration.HikariPoolDataSourceMetadataProviderConfiguration matched:
      - @ConditionalOnClass found required class 'com.zaxxer.hikari.HikariDataSource' (OnClassCondition)

   DataSourceTransactionManagerAutoConfiguration matched:
      - @ConditionalOnClass found required classes 'javax.sql.DataSource', 'org.springframework.jdbc.core.JdbcTemplate', 'org.springframework.transaction.TransactionManager' (OnClassCondition)

   DataSourceTransactionManagerAutoConfiguration.JdbcTransactionManagerConfiguration matched:
      - @ConditionalOnSingleCandidate (types: javax.sql.DataSource; SearchStrategy: all) found a single bean 'dataSource' (OnBeanCondition)

   DispatcherServletAutoConfiguration matched:
      - @ConditionalOnClass found required class 'org.springframework.web.servlet.DispatcherServlet' (OnClassCondition)
      - found 'session' scope (OnWebApplicationCondition)

   DispatcherServletAutoConfiguration.DispatcherServletConfiguration matched:
      - @ConditionalOnClass found required class 'jakarta.servlet.ServletRegistration' (OnClassCondition)
      - Default DispatcherServlet did not find dispatcher servlet beans (DispatcherServletAutoConfiguration.DefaultDispatcherServletCondition)

   DispatcherServletAutoConfiguration.DispatcherServletRegistrationConfiguration matched:
      - @ConditionalOnClass found required class 'jakarta.servlet.ServletRegistration' (OnClassCondition)
      - DispatcherServlet Registration did not find servlet registration bean (DispatcherServletAutoConfiguration.DispatcherServletRegistrationCondition)

   DispatcherServletAutoConfiguration.DispatcherServletRegistrationConfiguration#dispatcherServletRegistration matched:
      - @ConditionalOnBean (names: dispatcherServlet types: org.springframework.web.servlet.DispatcherServlet; SearchStrategy: all) found bean 'dispatcherServlet' (OnBeanCondition)

   EmbeddedWebServerFactoryCustomizerAutoConfiguration matched:
      - @ConditionalOnWebApplication (required) found 'session' scope (OnWebApplicationCondition)
      - @ConditionalOnWarDeployment the application is not deployed as a WAR file. (OnWarDeploymentCondition)

   EmbeddedWebServerFactoryCustomizerAutoConfiguration.TomcatWebServerFactoryCustomizerConfiguration matched:
      - @ConditionalOnClass found required classes 'org.apache.catalina.startup.Tomcat', 'org.apache.coyote.UpgradeProtocol' (OnClassCondition)

   ErrorMvcAutoConfiguration matched:
      - @ConditionalOnClass found required classes 'jakarta.servlet.Servlet', 'org.springframework.web.servlet.DispatcherServlet' (OnClassCondition)
      - found 'session' scope (OnWebApplicationCondition)

   ErrorMvcAutoConfiguration#basicErrorController matched:
      - @ConditionalOnMissingBean (types: org.springframework.boot.web.servlet.error.ErrorController; SearchStrategy: current) did not find any beans (OnBeanCondition)

   ErrorMvcAutoConfiguration#errorAttributes matched:
      - @ConditionalOnMissingBean (types: org.springframework.boot.web.servlet.error.ErrorAttributes; SearchStrategy: current) did not find any beans (OnBeanCondition)

   ErrorMvcAutoConfiguration.DefaultErrorViewResolverConfiguration#conventionErrorViewResolver matched:
      - @ConditionalOnBean (types: org.springframework.web.servlet.DispatcherServlet; SearchStrategy: all) found bean 'dispatcherServlet'; @ConditionalOnMissingBean (types: org.springframework.boot.autoconfigure.web.servlet.error.ErrorViewResolver; SearchStrategy: all) did not find any beans (OnBeanCondition)

   ErrorMvcAutoConfiguration.WhitelabelErrorViewConfiguration matched:
      - @ConditionalOnBooleanProperty (server.error.whitelabel.enabled=true) matched (OnPropertyCondition)
      - ErrorTemplate Missing did not find error template view (ErrorMvcAutoConfiguration.ErrorTemplateMissingCondition)

   ErrorMvcAutoConfiguration.WhitelabelErrorViewConfiguration#beanNameViewResolver matched:
      - @ConditionalOnMissingBean (types: org.springframework.web.servlet.view.BeanNameViewResolver; SearchStrategy: all) did not find any beans (OnBeanCondition)

   ErrorMvcAutoConfiguration.WhitelabelErrorViewConfiguration#defaultErrorView matched:
      - @ConditionalOnMissingBean (names: error; SearchStrategy: all) did not find any beans (OnBeanCondition)

   GenericCacheConfiguration matched:
      - Cache org.springframework.boot.autoconfigure.cache.GenericCacheConfiguration automatic cache type (CacheCondition)

   HibernateJpaAutoConfiguration matched:
      - @ConditionalOnClass found required classes 'org.springframework.orm.jpa.LocalContainerEntityManagerFactoryBean', 'jakarta.persistence.EntityManager', 'org.hibernate.engine.spi.SessionImplementor' (OnClassCondition)

   HibernateJpaConfiguration matched:
      - @ConditionalOnSingleCandidate (types: javax.sql.DataSource; SearchStrategy: all) found a single bean 'dataSource' (OnBeanCondition)

   HttpClientAutoConfiguration matched:
      - @ConditionalOnClass found required class 'org.springframework.http.client.ClientHttpRequestFactory' (OnClassCondition)
      - NoneNestedConditions 0 matched 1 did not; NestedCondition on NotReactiveWebApplicationCondition.ReactiveWebApplication did not find reactive web application classes (NotReactiveWebApplicationCondition)

   HttpClientAutoConfiguration#clientHttpRequestFactoryBuilder matched:
      - @ConditionalOnMissingBean (types: org.springframework.boot.http.client.ClientHttpRequestFactoryBuilder<?>; SearchStrategy: all) did not find any beans (OnBeanCondition)

   HttpClientAutoConfiguration#clientHttpRequestFactorySettings matched:
      - @ConditionalOnMissingBean (types: org.springframework.boot.http.client.ClientHttpRequestFactorySettings; SearchStrategy: all) did not find any beans (OnBeanCondition)

   HttpEncodingAutoConfiguration matched:
      - @ConditionalOnClass found required class 'org.springframework.web.filter.CharacterEncodingFilter' (OnClassCondition)
      - found 'session' scope (OnWebApplicationCondition)
      - @ConditionalOnBooleanProperty (server.servlet.encoding.enabled=true) matched (OnPropertyCondition)

   HttpEncodingAutoConfiguration#characterEncodingFilter matched:
      - @ConditionalOnMissingBean (types: org.springframework.web.filter.CharacterEncodingFilter; SearchStrategy: all) did not find any beans (OnBeanCondition)

   HttpMessageConvertersAutoConfiguration matched:
      - @ConditionalOnClass found required class 'org.springframework.http.converter.HttpMessageConverter' (OnClassCondition)
      - NoneNestedConditions 0 matched 1 did not; NestedCondition on HttpMessageConvertersAutoConfiguration.NotReactiveWebApplicationCondition.ReactiveWebApplication did not find reactive web application classes (HttpMessageConvertersAutoConfiguration.NotReactiveWebApplicationCondition)

   HttpMessageConvertersAutoConfiguration#messageConverters matched:
      - @ConditionalOnMissingBean (types: org.springframework.boot.autoconfigure.http.HttpMessageConverters; SearchStrategy: all) did not find any beans (OnBeanCondition)

   HttpMessageConvertersAutoConfiguration.StringHttpMessageConverterConfiguration matched:
      - @ConditionalOnClass found required class 'org.springframework.http.converter.StringHttpMessageConverter' (OnClassCondition)

   HttpMessageConvertersAutoConfiguration.StringHttpMessageConverterConfiguration#stringHttpMessageConverter matched:
      - @ConditionalOnMissingBean (types: org.springframework.http.converter.StringHttpMessageConverter; SearchStrategy: all) did not find any beans (OnBeanCondition)

   JacksonAutoConfiguration matched:
      - @ConditionalOnClass found required class 'com.fasterxml.jackson.databind.ObjectMapper' (OnClassCondition)

   JacksonAutoConfiguration.Jackson2ObjectMapperBuilderCustomizerConfiguration matched:
      - @ConditionalOnClass found required class 'org.springframework.http.converter.json.Jackson2ObjectMapperBuilder' (OnClassCondition)

   JacksonAutoConfiguration.JacksonObjectMapperBuilderConfiguration matched:
      - @ConditionalOnClass found required class 'org.springframework.http.converter.json.Jackson2ObjectMapperBuilder' (OnClassCondition)

   JacksonAutoConfiguration.JacksonObjectMapperBuilderConfiguration#jacksonObjectMapperBuilder matched:
      - @ConditionalOnMissingBean (types: org.springframework.http.converter.json.Jackson2ObjectMapperBuilder; SearchStrategy: all) did not find any beans (OnBeanCondition)

   JacksonAutoConfiguration.JacksonObjectMapperConfiguration matched:
      - @ConditionalOnClass found required class 'org.springframework.http.converter.json.Jackson2ObjectMapperBuilder' (OnClassCondition)

   JacksonAutoConfiguration.JacksonObjectMapperConfiguration#jacksonObjectMapper matched:
      - @ConditionalOnMissingBean (types: com.fasterxml.jackson.databind.ObjectMapper; SearchStrategy: all) did not find any beans (OnBeanCondition)

   JacksonAutoConfiguration.ParameterNamesModuleConfiguration matched:
      - @ConditionalOnClass found required class 'com.fasterxml.jackson.module.paramnames.ParameterNamesModule' (OnClassCondition)

   JacksonAutoConfiguration.ParameterNamesModuleConfiguration#parameterNamesModule matched:
      - @ConditionalOnMissingBean (types: com.fasterxml.jackson.module.paramnames.ParameterNamesModule; SearchStrategy: all) did not find any beans (OnBeanCondition)

   JacksonHttpMessageConvertersConfiguration.MappingJackson2HttpMessageConverterConfiguration matched:
      - @ConditionalOnClass found required class 'com.fasterxml.jackson.databind.ObjectMapper' (OnClassCondition)
      - @ConditionalOnPreferredJsonMapper JACKSON no property was configured and Jackson is the default (OnPreferredJsonMapperCondition)
      - @ConditionalOnBean (types: com.fasterxml.jackson.databind.ObjectMapper; SearchStrategy: all) found bean 'jacksonObjectMapper' (OnBeanCondition)

   JacksonHttpMessageConvertersConfiguration.MappingJackson2HttpMessageConverterConfiguration#mappingJackson2HttpMessageConverter matched:
      - @ConditionalOnMissingBean (types: org.springframework.http.converter.json.MappingJackson2HttpMessageConverter ignored: ?; SearchStrategy: all) did not find any beans (OnBeanCondition)

   JdbcClientAutoConfiguration matched:
      - @ConditionalOnSingleCandidate (types: org.springframework.jdbc.core.namedparam.NamedParameterJdbcTemplate; SearchStrategy: all) found a single bean 'namedParameterJdbcTemplate'; @ConditionalOnMissingBean (types: org.springframework.jdbc.core.simple.JdbcClient; SearchStrategy: all) did not find any beans (OnBeanCondition)

   JdbcTemplateAutoConfiguration matched:
      - @ConditionalOnClass found required classes 'javax.sql.DataSource', 'org.springframework.jdbc.core.JdbcTemplate' (OnClassCondition)
      - @ConditionalOnSingleCandidate (types: javax.sql.DataSource; SearchStrategy: all) found a single bean 'dataSource' (OnBeanCondition)

   JdbcTemplateConfiguration matched:
      - @ConditionalOnMissingBean (types: org.springframework.jdbc.core.JdbcOperations; SearchStrategy: all) did not find any beans (OnBeanCondition)

   JpaBaseConfiguration#entityManagerFactory matched:
      - @ConditionalOnMissingBean (types: org.springframework.orm.jpa.LocalContainerEntityManagerFactoryBean,jakarta.persistence.EntityManagerFactory; SearchStrategy: all) did not find any beans (OnBeanCondition)

   JpaBaseConfiguration#entityManagerFactoryBuilder matched:
      - @ConditionalOnMissingBean (types: org.springframework.boot.orm.jpa.EntityManagerFactoryBuilder; SearchStrategy: all) did not find any beans (OnBeanCondition)

   JpaBaseConfiguration#jpaVendorAdapter matched:
      - @ConditionalOnMissingBean (types: org.springframework.orm.jpa.JpaVendorAdapter; SearchStrategy: all) did not find any beans (OnBeanCondition)

   JpaBaseConfiguration#transactionManager matched:
      - @ConditionalOnMissingBean (types: org.springframework.transaction.TransactionManager; SearchStrategy: all) did not find any beans (OnBeanCondition)

   JpaBaseConfiguration.JpaWebConfiguration matched:
      - @ConditionalOnClass found required class 'org.springframework.web.servlet.config.annotation.WebMvcConfigurer' (OnClassCondition)
      - found 'session' scope (OnWebApplicationCondition)
      - @ConditionalOnBooleanProperty (spring.jpa.open-in-view=true) matched (OnPropertyCondition)
      - @ConditionalOnMissingBean (types: org.springframework.orm.jpa.support.OpenEntityManagerInViewInterceptor,org.springframework.orm.jpa.support.OpenEntityManagerInViewFilter; SearchStrategy: all) did not find any beans (OnBeanCondition)

   JpaBaseConfiguration.PersistenceManagedTypesConfiguration matched:
      - @ConditionalOnMissingBean (types: org.springframework.orm.jpa.LocalContainerEntityManagerFactoryBean,jakarta.persistence.EntityManagerFactory; SearchStrategy: all) did not find any beans (OnBeanCondition)

   JpaBaseConfiguration.PersistenceManagedTypesConfiguration#persistenceManagedTypes matched:
      - @ConditionalOnMissingBean (types: org.springframework.orm.jpa.persistenceunit.PersistenceManagedTypes; SearchStrategy: all) did not find any beans (OnBeanCondition)

   JpaRepositoriesAutoConfiguration matched:
      - @ConditionalOnClass found required class 'org.springframework.data.jpa.repository.JpaRepository' (OnClassCondition)
      - @ConditionalOnBooleanProperty (spring.data.jpa.repositories.enabled=true) matched (OnPropertyCondition)
      - @ConditionalOnBean (types: javax.sql.DataSource; SearchStrategy: all) found bean 'dataSource'; @ConditionalOnMissingBean (types: org.springframework.data.jpa.repository.support.JpaRepositoryFactoryBean,org.springframework.data.jpa.repository.config.JpaRepositoryConfigExtension; SearchStrategy: all) did not find any beans (OnBeanCondition)

   JtaAutoConfiguration matched:
      - @ConditionalOnClass found required class 'jakarta.transaction.Transaction' (OnClassCondition)
      - @ConditionalOnBooleanProperty (spring.jta.enabled=true) matched (OnPropertyCondition)

   LifecycleAutoConfiguration#defaultLifecycleProcessor matched:
      - @ConditionalOnMissingBean (names: lifecycleProcessor; SearchStrategy: current) did not find any beans (OnBeanCondition)

   MultipartAutoConfiguration matched:
      - @ConditionalOnClass found required classes 'jakarta.servlet.Servlet', 'org.springframework.web.multipart.support.StandardServletMultipartResolver', 'jakarta.servlet.MultipartConfigElement' (OnClassCondition)
      - found 'session' scope (OnWebApplicationCondition)
      - @ConditionalOnBooleanProperty (spring.servlet.multipart.enabled=true) matched (OnPropertyCondition)

   MultipartAutoConfiguration#multipartConfigElement matched:
      - @ConditionalOnMissingBean (types: jakarta.servlet.MultipartConfigElement; SearchStrategy: all) did not find any beans (OnBeanCondition)

   MultipartAutoConfiguration#multipartResolver matched:
      - @ConditionalOnMissingBean (types: org.springframework.web.multipart.MultipartResolver; SearchStrategy: all) did not find any beans (OnBeanCondition)

   NamedParameterJdbcTemplateConfiguration matched:
      - @ConditionalOnSingleCandidate (types: org.springframework.jdbc.core.JdbcTemplate; SearchStrategy: all) found a single bean 'jdbcTemplate'; @ConditionalOnMissingBean (types: org.springframework.jdbc.core.namedparam.NamedParameterJdbcOperations; SearchStrategy: all) did not find any beans (OnBeanCondition)

   NoOpCacheConfiguration matched:
      - Cache org.springframework.boot.autoconfigure.cache.NoOpCacheConfiguration automatic cache type (CacheCondition)

   PersistenceExceptionTranslationAutoConfiguration matched:
      - @ConditionalOnClass found required class 'org.springframework.dao.annotation.PersistenceExceptionTranslationPostProcessor' (OnClassCondition)

   PersistenceExceptionTranslationAutoConfiguration#persistenceExceptionTranslationPostProcessor matched:
      - @ConditionalOnBooleanProperty (spring.dao.exceptiontranslation.enabled=true) matched (OnPropertyCondition)
      - @ConditionalOnMissingBean (types: org.springframework.dao.annotation.PersistenceExceptionTranslationPostProcessor; SearchStrategy: all) did not find any beans (OnBeanCondition)

   PropertyPlaceholderAutoConfiguration#propertySourcesPlaceholderConfigurer matched:
      - @ConditionalOnMissingBean (types: org.springframework.context.support.PropertySourcesPlaceholderConfigurer; SearchStrategy: current) did not find any beans (OnBeanCondition)

   RestClientAutoConfiguration matched:
      - @ConditionalOnClass found required class 'org.springframework.web.client.RestClient' (OnClassCondition)
      - AnyNestedCondition 1 matched 1 did not; NestedCondition on NotReactiveWebApplicationOrVirtualThreadsExecutorEnabledCondition.VirtualThreadsExecutorEnabled found non-matching nested conditions @ConditionalOnThreading did not find VIRTUAL; NestedCondition on NotReactiveWebApplicationOrVirtualThreadsExecutorEnabledCondition.NotReactiveWebApplication NoneNestedConditions 0 matched 1 did not; NestedCondition on NotReactiveWebApplicationCondition.ReactiveWebApplication did not find reactive web application classes (NotReactiveWebApplicationOrVirtualThreadsExecutorEnabledCondition)

   RestClientAutoConfiguration#httpMessageConvertersRestClientCustomizer matched:
      - @ConditionalOnMissingBean (types: org.springframework.boot.autoconfigure.web.client.HttpMessageConvertersRestClientCustomizer; SearchStrategy: all) did not find any beans (OnBeanCondition)

   RestClientAutoConfiguration#restClientBuilder matched:
      - @ConditionalOnMissingBean (types: org.springframework.web.client.RestClient$Builder; SearchStrategy: all) did not find any beans (OnBeanCondition)

   RestClientAutoConfiguration#restClientBuilderConfigurer matched:
      - @ConditionalOnMissingBean (types: org.springframework.boot.autoconfigure.web.client.RestClientBuilderConfigurer; SearchStrategy: all) did not find any beans (OnBeanCondition)

   RestClientAutoConfiguration#restClientSsl matched:
      - @ConditionalOnBean (types: org.springframework.boot.ssl.SslBundles; SearchStrategy: all) found bean 'sslBundleRegistry'; @ConditionalOnMissingBean (types: org.springframework.boot.autoconfigure.web.client.RestClientSsl; SearchStrategy: all) did not find any beans (OnBeanCondition)

   RestTemplateAutoConfiguration matched:
      - @ConditionalOnClass found required class 'org.springframework.web.client.RestTemplate' (OnClassCondition)
      - NoneNestedConditions 0 matched 1 did not; NestedCondition on NotReactiveWebApplicationCondition.ReactiveWebApplication did not find reactive web application classes (NotReactiveWebApplicationCondition)

   RestTemplateAutoConfiguration#restTemplateBuilder matched:
      - @ConditionalOnMissingBean (types: org.springframework.boot.web.client.RestTemplateBuilder; SearchStrategy: all) did not find any beans (OnBeanCondition)

   SecurityAutoConfiguration matched:
      - @ConditionalOnClass found required class 'org.springframework.security.authentication.DefaultAuthenticationEventPublisher' (OnClassCondition)

   SecurityAutoConfiguration#authenticationEventPublisher matched:
      - @ConditionalOnMissingBean (types: org.springframework.security.authentication.AuthenticationEventPublisher; SearchStrategy: all) did not find any beans (OnBeanCondition)

   SecurityFilterAutoConfiguration matched:
      - @ConditionalOnClass found required classes 'org.springframework.security.web.context.AbstractSecurityWebApplicationInitializer', 'org.springframework.security.config.http.SessionCreationPolicy' (OnClassCondition)
      - found 'session' scope (OnWebApplicationCondition)

   SecurityFilterAutoConfiguration#securityFilterChainRegistration matched:
      - @ConditionalOnBean (names: springSecurityFilterChain; SearchStrategy: all) found bean 'springSecurityFilterChain' (OnBeanCondition)

   ServletWebServerFactoryAutoConfiguration matched:
      - @ConditionalOnClass found required class 'jakarta.servlet.ServletRequest' (OnClassCondition)
      - found 'session' scope (OnWebApplicationCondition)

   ServletWebServerFactoryAutoConfiguration#tomcatServletWebServerFactoryCustomizer matched:
      - @ConditionalOnClass found required class 'org.apache.catalina.startup.Tomcat' (OnClassCondition)

   ServletWebServerFactoryConfiguration.EmbeddedTomcat matched:
      - @ConditionalOnClass found required classes 'jakarta.servlet.Servlet', 'org.apache.catalina.startup.Tomcat', 'org.apache.coyote.UpgradeProtocol' (OnClassCondition)
      - @ConditionalOnMissingBean (types: org.springframework.boot.web.servlet.server.ServletWebServerFactory; SearchStrategy: current) did not find any beans (OnBeanCondition)

   SimpleCacheConfiguration matched:
      - Cache org.springframework.boot.autoconfigure.cache.SimpleCacheConfiguration automatic cache type (CacheCondition)

   SpringBootWebSecurityConfiguration matched:
      - found 'session' scope (OnWebApplicationCondition)

   SpringBootWebSecurityConfiguration.WebSecurityEnablerConfiguration matched:
      - @ConditionalOnClass found required class 'org.springframework.security.config.annotation.web.configuration.EnableWebSecurity' (OnClassCondition)
      - @ConditionalOnMissingBean (names: springSecurityFilterChain; SearchStrategy: all) did not find any beans (OnBeanCondition)

   SpringDataWebAutoConfiguration matched:
      - @ConditionalOnClass found required classes 'org.springframework.data.web.PageableHandlerMethodArgumentResolver', 'org.springframework.web.servlet.config.annotation.WebMvcConfigurer' (OnClassCondition)
      - found 'session' scope (OnWebApplicationCondition)
      - @ConditionalOnMissingBean (types: org.springframework.data.web.PageableHandlerMethodArgumentResolver; SearchStrategy: all) did not find any beans (OnBeanCondition)

   SpringDataWebAutoConfiguration#pageableCustomizer matched:
      - @ConditionalOnMissingBean (types: org.springframework.data.web.config.PageableHandlerMethodArgumentResolverCustomizer; SearchStrategy: all) did not find any beans (OnBeanCondition)

   SpringDataWebAutoConfiguration#sortCustomizer matched:
      - @ConditionalOnMissingBean (types: org.springframework.data.web.config.SortHandlerMethodArgumentResolverCustomizer; SearchStrategy: all) did not find any beans (OnBeanCondition)

   SpringDataWebAutoConfiguration#springDataWebSettings matched:
      - @ConditionalOnMissingBean (types: org.springframework.data.web.config.SpringDataWebSettings; SearchStrategy: all) did not find any beans (OnBeanCondition)

   SpringDocConfigProperties matched:
      - @ConditionalOnProperty (springdoc.api-docs.enabled) matched (OnPropertyCondition)
      - @ConditionalOnBean (types: org.springdoc.core.configuration.SpringDocConfiguration; SearchStrategy: all) found bean 'org.springdoc.core.configuration.SpringDocConfiguration' (OnBeanCondition)

   SpringDocConfiguration matched:
      - @ConditionalOnWebApplication (required) found 'session' scope (OnWebApplicationCondition)
      - @ConditionalOnProperty (springdoc.api-docs.enabled) matched (OnPropertyCondition)

   SpringDocConfiguration#fileSupportConverter matched:
      - @ConditionalOnMissingBean (types: org.springdoc.core.converters.FileSupportConverter; SearchStrategy: all) did not find any beans (OnBeanCondition)

   SpringDocConfiguration#globalOpenApiCustomizer matched:
      - @ConditionalOnMissingBean (types: org.springdoc.core.customizers.GlobalOpenApiCustomizer; SearchStrategy: all) did not find any beans (OnBeanCondition)

   SpringDocConfiguration#openAPIBuilder matched:
      - @ConditionalOnMissingBean (types: org.springdoc.core.service.OpenAPIService; SearchStrategy: all) did not find any beans (OnBeanCondition)

   SpringDocConfiguration#operationBuilder matched:
      - @ConditionalOnMissingBean (types: org.springdoc.core.service.OperationService; SearchStrategy: all) did not find any beans (OnBeanCondition)

   SpringDocConfiguration#parameterBuilder matched:
      - @ConditionalOnMissingBean (types: org.springdoc.core.service.GenericParameterService; SearchStrategy: all) did not find any beans (OnBeanCondition)

   SpringDocConfiguration#parameterObjectNamingStrategyCustomizer matched:
      - @ConditionalOnMissingBean (types: org.springdoc.core.customizers.ParameterObjectNamingStrategyCustomizer; SearchStrategy: all) did not find any beans (OnBeanCondition)

   SpringDocConfiguration#polymorphicModelConverter matched:
      - @ConditionalOnProperty (springdoc.model-converters.polymorphic-converter.enabled) matched (OnPropertyCondition)
      - @ConditionalOnMissingBean (types: org.springdoc.core.converters.PolymorphicModelConverter; SearchStrategy: all) did not find any beans (OnBeanCondition)

   SpringDocConfiguration#requestBodyBuilder matched:
      - @ConditionalOnMissingBean (types: org.springdoc.core.service.RequestBodyService; SearchStrategy: all) did not find any beans (OnBeanCondition)

   SpringDocConfiguration#responseSupportConverter matched:
      - @ConditionalOnMissingBean (types: org.springdoc.core.converters.ResponseSupportConverter; SearchStrategy: all) did not find any beans (OnBeanCondition)

   SpringDocConfiguration#schemaPropertyDeprecatingConverter matched:
      - @ConditionalOnProperty (springdoc.model-converters.deprecating-converter.enabled) matched (OnPropertyCondition)
      - @ConditionalOnMissingBean (types: org.springdoc.core.converters.SchemaPropertyDeprecatingConverter; SearchStrategy: all) did not find any beans (OnBeanCondition)

   SpringDocConfiguration#securityParser matched:
      - @ConditionalOnMissingBean (types: org.springdoc.core.service.SecurityService; SearchStrategy: all) did not find any beans (OnBeanCondition)

   SpringDocConfiguration#springDocCustomizers matched:
      - @ConditionalOnMissingBean (types: org.springdoc.core.customizers.SpringDocCustomizers; SearchStrategy: all) did not find any beans (OnBeanCondition)

   SpringDocConfiguration#springDocProviders matched:
      - @ConditionalOnMissingBean (types: org.springdoc.core.providers.SpringDocProviders; SearchStrategy: all) did not find any beans (OnBeanCondition)

   SpringDocConfiguration#springdocObjectMapperProvider matched:
      - @ConditionalOnMissingBean (types: org.springdoc.core.providers.ObjectMapperProvider; SearchStrategy: all) did not find any beans (OnBeanCondition)

   SpringDocConfiguration.QuerydslProvider matched:
      - @ConditionalOnClass found required class 'org.springframework.data.querydsl.binding.QuerydslBindingsFactory' (OnClassCondition)

   SpringDocConfiguration.QuerydslProvider#queryDslQuerydslPredicateOperationCustomizer matched:
      - @ConditionalOnMissingBean (types: org.springdoc.core.customizers.QuerydslPredicateOperationCustomizer; SearchStrategy: all) did not find any beans (OnBeanCondition)

   SpringDocConfiguration.SpringDocSpringDataWebPropertiesProvider matched:
      - @ConditionalOnClass found required class 'org.springframework.boot.autoconfigure.data.web.SpringDataWebProperties' (OnClassCondition)

   SpringDocConfiguration.SpringDocSpringDataWebPropertiesProvider#springDataWebPropertiesProvider matched:
      - @ConditionalOnMissingBean (types: org.springdoc.core.providers.SpringDataWebPropertiesProvider; SearchStrategy: all) did not find any beans (OnBeanCondition)

   SpringDocConfiguration.WebConversionServiceConfiguration matched:
      - @ConditionalOnClass found required class 'org.springframework.boot.autoconfigure.web.format.WebConversionService' (OnClassCondition)

   SpringDocPageableConfiguration matched:
      - @ConditionalOnClass found required class 'org.springframework.data.domain.Pageable' (OnClassCondition)
      - @ConditionalOnWebApplication (required) found 'session' scope (OnWebApplicationCondition)
      - @ConditionalOnProperty (springdoc.api-docs.enabled) matched (OnPropertyCondition)
      - @ConditionalOnBean (types: org.springdoc.core.configuration.SpringDocConfiguration; SearchStrategy: all) found bean 'org.springdoc.core.configuration.SpringDocConfiguration' (OnBeanCondition)

   SpringDocPageableConfiguration#dataRestDelegatingMethodParameterCustomizer matched:
      - @ConditionalOnMissingBean (types: org.springdoc.core.customizers.DataRestDelegatingMethodParameterCustomizer; SearchStrategy: all) did not find any beans (OnBeanCondition)

   SpringDocPageableConfiguration#pageOpenAPIConverter matched:
      - @ConditionalOnClass found required classes 'org.springframework.data.web.PagedModel', 'org.springframework.data.web.config.SpringDataWebSettings' (OnClassCondition)
      - @ConditionalOnMissingBean (types: org.springdoc.core.converters.PageOpenAPIConverter; SearchStrategy: all) did not find any beans (OnBeanCondition)

   SpringDocPageableConfiguration#pageableOpenAPIConverter matched:
      - @ConditionalOnProperty (springdoc.model-converters.pageable-converter.enabled) matched (OnPropertyCondition)
      - @ConditionalOnMissingBean (types: org.springdoc.core.converters.PageableOpenAPIConverter; SearchStrategy: all) did not find any beans (OnBeanCondition)

   SpringDocSecurityConfiguration matched:
      - @ConditionalOnClass found required class 'org.springframework.security.web.SecurityFilterChain' (OnClassCondition)
      - @ConditionalOnWebApplication (required) found 'session' scope (OnWebApplicationCondition)
      - @ConditionalOnExpression (#{${springdoc.api-docs.enabled:true} and ${springdoc.enable-spring-security:true}}) resulted in true (OnExpressionCondition)
      - @ConditionalOnBean (types: org.springdoc.core.configuration.SpringDocConfiguration; SearchStrategy: all) found bean 'org.springdoc.core.configuration.SpringDocConfiguration' (OnBeanCondition)

   SpringDocSecurityConfiguration.SpringSecurityLoginEndpointConfiguration matched:
      - @ConditionalOnClass found required class 'jakarta.servlet.Filter' (OnClassCondition)

   SpringDocSortConfiguration matched:
      - @ConditionalOnClass found required class 'org.springframework.data.domain.Sort' (OnClassCondition)
      - @ConditionalOnWebApplication (required) found 'session' scope (OnWebApplicationCondition)
      - @ConditionalOnProperty (springdoc.api-docs.enabled) matched (OnPropertyCondition)
      - @ConditionalOnBean (types: org.springdoc.core.configuration.SpringDocConfiguration; SearchStrategy: all) found bean 'org.springdoc.core.configuration.SpringDocConfiguration' (OnBeanCondition)

   SpringDocSortConfiguration#sortOpenAPIConverter matched:
      - @ConditionalOnProperty (springdoc.sort-converter.enabled) matched (OnPropertyCondition)
      - @ConditionalOnMissingBean (types: org.springdoc.core.converters.SortOpenAPIConverter; SearchStrategy: all) did not find any beans (OnBeanCondition)

   SpringDocUIConfiguration matched:
      - @ConditionalOnWebApplication (required) found 'session' scope (OnWebApplicationCondition)
      - @ConditionalOnBean (types: org.springdoc.core.configuration.SpringDocConfiguration; SearchStrategy: all) found bean 'org.springdoc.core.configuration.SpringDocConfiguration' (OnBeanCondition)

   SpringDocWebMvcConfiguration matched:
      - found 'session' scope (OnWebApplicationCondition)
      - @ConditionalOnProperty (springdoc.api-docs.enabled) matched (OnPropertyCondition)
      - @ConditionalOnBean (types: org.springdoc.core.configuration.SpringDocConfiguration; SearchStrategy: all) found bean 'org.springdoc.core.configuration.SpringDocConfiguration' (OnBeanCondition)

   SpringDocWebMvcConfiguration#openApiResource matched:
      - @ConditionalOnExpression (#{(${springdoc.use-management-port:false} == false ) and ${springdoc.enable-default-api-docs:true}}) resulted in true (OnExpressionCondition)
      - @ConditionalOnMissingBean (types: org.springdoc.webmvc.api.OpenApiWebMvcResource; SearchStrategy: all) did not find any beans (OnBeanCondition)

   SpringDocWebMvcConfiguration#requestBuilder matched:
      - @ConditionalOnMissingBean (types: org.springdoc.webmvc.core.service.RequestService; SearchStrategy: all) did not find any beans (OnBeanCondition)

   SpringDocWebMvcConfiguration#responseBuilder matched:
      - @ConditionalOnMissingBean (types: org.springdoc.core.service.GenericResponseService; SearchStrategy: all) did not find any beans (OnBeanCondition)

   SpringDocWebMvcConfiguration#springWebProvider matched:
      - @ConditionalOnMissingBean (types: org.springdoc.core.providers.SpringWebProvider; SearchStrategy: all) did not find any beans (OnBeanCondition)

   SpringDocWebMvcConfiguration.SpringDocWebMvcRouterConfiguration matched:
      - @ConditionalOnClass found required class 'org.springframework.web.servlet.function.RouterFunction' (OnClassCondition)

   SpringDocWebMvcConfiguration.SpringDocWebMvcRouterConfiguration#routerFunctionProvider matched:
      - @ConditionalOnMissingBean (types: org.springdoc.webmvc.core.providers.RouterFunctionWebMvcProvider; SearchStrategy: all) did not find any beans (OnBeanCondition)

   SqlInitializationAutoConfiguration matched:
      - @ConditionalOnBooleanProperty (spring.sql.init.enabled=true) matched (OnPropertyCondition)
      - NoneNestedConditions 0 matched 1 did not; NestedCondition on SqlInitializationAutoConfiguration.SqlInitializationModeCondition.ModeIsNever @ConditionalOnProperty (spring.sql.init.mode=never) did not find property 'spring.sql.init.mode' (SqlInitializationAutoConfiguration.SqlInitializationModeCondition)

   SslAutoConfiguration#sslBundleRegistry matched:
      - @ConditionalOnMissingBean (types: org.springframework.boot.ssl.SslBundleRegistry,org.springframework.boot.ssl.SslBundles; SearchStrategy: all) did not find any beans (OnBeanCondition)

   SwaggerConfig matched:
      - found 'session' scope (OnWebApplicationCondition)
      - @ConditionalOnProperty (springdoc.swagger-ui.enabled) matched (OnPropertyCondition)
      - @ConditionalOnBean (types: org.springdoc.core.configuration.SpringDocConfiguration; SearchStrategy: all) found bean 'org.springdoc.core.configuration.SpringDocConfiguration' (OnBeanCondition)

   SwaggerConfig#indexPageTransformer matched:
      - @ConditionalOnMissingBean (types: org.springdoc.webmvc.ui.SwaggerIndexTransformer; SearchStrategy: all) did not find any beans (OnBeanCondition)

   SwaggerConfig#swaggerConfigResource matched:
      - @ConditionalOnProperty (springdoc.use-management-port=false) matched (OnPropertyCondition)
      - @ConditionalOnMissingBean (types: org.springdoc.webmvc.ui.SwaggerConfigResource; SearchStrategy: all) did not find any beans (OnBeanCondition)

   SwaggerConfig#swaggerResourceResolver matched:
      - @ConditionalOnMissingBean (types: org.springdoc.webmvc.ui.SwaggerResourceResolver; SearchStrategy: all) did not find any beans (OnBeanCondition)

   SwaggerConfig#swaggerWebMvcConfigurer matched:
      - @ConditionalOnMissingBean (types: org.springdoc.webmvc.ui.SwaggerWebMvcConfigurer; SearchStrategy: all) did not find any beans (OnBeanCondition)

   SwaggerConfig#swaggerWelcome matched:
      - @ConditionalOnProperty (springdoc.use-management-port=false) matched (OnPropertyCondition)
      - @ConditionalOnMissingBean (types: org.springdoc.webmvc.ui.SwaggerWelcomeWebMvc; SearchStrategy: all) did not find any beans (OnBeanCondition)

   SwaggerUiConfigProperties matched:
      - @ConditionalOnProperty (springdoc.swagger-ui.enabled) matched (OnPropertyCondition)
      - @ConditionalOnBean (types: org.springdoc.core.configuration.SpringDocConfiguration; SearchStrategy: all) found bean 'org.springdoc.core.configuration.SpringDocConfiguration' (OnBeanCondition)

   SwaggerUiOAuthProperties matched:
      - @ConditionalOnProperty (springdoc.swagger-ui.enabled) matched (OnPropertyCondition)
      - @ConditionalOnBean (types: org.springdoc.core.configuration.SpringDocConfiguration; SearchStrategy: all) found bean 'org.springdoc.core.configuration.SpringDocConfiguration' (OnBeanCondition)

   TaskExecutionAutoConfiguration matched:
      - @ConditionalOnClass found required class 'org.springframework.scheduling.concurrent.ThreadPoolTaskExecutor' (OnClassCondition)

   TaskExecutorConfigurations.AsyncConfigurerConfiguration matched:
      - @ConditionalOnMissingBean (types: org.springframework.scheduling.annotation.AsyncConfigurer; SearchStrategy: all) did not find any beans (OnBeanCondition)

   TaskExecutorConfigurations.AsyncConfigurerConfiguration#applicationTaskExecutorAsyncConfigurer matched:
      - @ConditionalOnMissingBean (types: org.springframework.scheduling.annotation.AsyncConfigurer; SearchStrategy: all) did not find any beans (OnBeanCondition)

   TaskExecutorConfigurations.SimpleAsyncTaskExecutorBuilderConfiguration#simpleAsyncTaskExecutorBuilder matched:
      - @ConditionalOnMissingBean (types: org.springframework.boot.task.SimpleAsyncTaskExecutorBuilder; SearchStrategy: all) did not find any beans (OnBeanCondition)
      - @ConditionalOnThreading found PLATFORM (OnThreadingCondition)

   TaskExecutorConfigurations.TaskExecutorConfiguration matched:
      - AnyNestedCondition 1 matched 1 did not; NestedCondition on TaskExecutorConfigurations.OnExecutorCondition.ModelCondition @ConditionalOnProperty (spring.task.execution.mode=force) did not find property 'spring.task.execution.mode'; NestedCondition on TaskExecutorConfigurations.OnExecutorCondition.ExecutorBeanCondition @ConditionalOnMissingBean (types: java.util.concurrent.Executor; SearchStrategy: all) did not find any beans (TaskExecutorConfigurations.OnExecutorCondition)

   TaskExecutorConfigurations.TaskExecutorConfiguration#applicationTaskExecutor matched:
      - @ConditionalOnThreading found PLATFORM (OnThreadingCondition)

   TaskExecutorConfigurations.ThreadPoolTaskExecutorBuilderConfiguration#threadPoolTaskExecutorBuilder matched:
      - @ConditionalOnMissingBean (types: org.springframework.boot.task.ThreadPoolTaskExecutorBuilder; SearchStrategy: all) did not find any beans (OnBeanCondition)

   TaskSchedulingAutoConfiguration matched:
      - @ConditionalOnClass found required class 'org.springframework.scheduling.concurrent.ThreadPoolTaskScheduler' (OnClassCondition)

   TaskSchedulingConfigurations.SimpleAsyncTaskSchedulerBuilderConfiguration#simpleAsyncTaskSchedulerBuilder matched:
      - @ConditionalOnMissingBean (types: org.springframework.boot.task.SimpleAsyncTaskSchedulerBuilder; SearchStrategy: all) did not find any beans (OnBeanCondition)
      - @ConditionalOnThreading found PLATFORM (OnThreadingCondition)

   TaskSchedulingConfigurations.ThreadPoolTaskSchedulerBuilderConfiguration#threadPoolTaskSchedulerBuilder matched:
      - @ConditionalOnMissingBean (types: org.springframework.boot.task.ThreadPoolTaskSchedulerBuilder; SearchStrategy: all) did not find any beans (OnBeanCondition)

   TransactionAutoConfiguration matched:
      - @ConditionalOnClass found required class 'org.springframework.transaction.PlatformTransactionManager' (OnClassCondition)

   TransactionAutoConfiguration.EnableTransactionManagementConfiguration matched:
      - @ConditionalOnBean (types: org.springframework.transaction.TransactionManager; SearchStrategy: all) found bean 'transactionManager'; @ConditionalOnMissingBean (types: org.springframework.transaction.annotation.AbstractTransactionManagementConfiguration; SearchStrategy: all) did not find any beans (OnBeanCondition)

   TransactionAutoConfiguration.EnableTransactionManagementConfiguration.CglibAutoProxyConfiguration matched:
      - @ConditionalOnBooleanProperty (spring.aop.proxy-target-class=true) matched (OnPropertyCondition)

   TransactionAutoConfiguration.TransactionTemplateConfiguration matched:
      - @ConditionalOnSingleCandidate (types: org.springframework.transaction.PlatformTransactionManager; SearchStrategy: all) found a single bean 'transactionManager' (OnBeanCondition)

   TransactionAutoConfiguration.TransactionTemplateConfiguration#transactionTemplate matched:
      - @ConditionalOnMissingBean (types: org.springframework.transaction.support.TransactionOperations; SearchStrategy: all) did not find any beans (OnBeanCondition)

   TransactionManagerCustomizationAutoConfiguration matched:
      - @ConditionalOnClass found required class 'org.springframework.transaction.PlatformTransactionManager' (OnClassCondition)

   TransactionManagerCustomizationAutoConfiguration#platformTransactionManagerCustomizers matched:
      - @ConditionalOnMissingBean (types: org.springframework.boot.autoconfigure.transaction.TransactionManagerCustomizers; SearchStrategy: all) did not find any beans (OnBeanCondition)

   UserDetailsServiceAutoConfiguration matched:
      - @ConditionalOnClass found required class 'org.springframework.security.authentication.AuthenticationManager' (OnClassCondition)
      - found 'session' scope (OnWebApplicationCondition)
      - AnyNestedCondition 1 matched 2 did not; NestedCondition on UserDetailsServiceAutoConfiguration.MissingAlternativeOrUserPropertiesConfigured.PasswordConfigured @ConditionalOnProperty (spring.security.user.password) did not find property 'spring.security.user.password'; NestedCondition on UserDetailsServiceAutoConfiguration.MissingAlternativeOrUserPropertiesConfigured.NameConfigured @ConditionalOnProperty (spring.security.user.name) did not find property 'spring.security.user.name'; NestedCondition on UserDetailsServiceAutoConfiguration.MissingAlternativeOrUserPropertiesConfigured.MissingAlternative @ConditionalOnMissingClass did not find unwanted classes 'org.springframework.security.oauth2.client.registration.ClientRegistrationRepository', 'org.springframework.security.oauth2.server.resource.introspection.OpaqueTokenIntrospector', 'org.springframework.security.saml2.provider.service.registration.RelyingPartyRegistrationRepository' (UserDetailsServiceAutoConfiguration.MissingAlternativeOrUserPropertiesConfigured)
      - @ConditionalOnBean (types: org.springframework.security.config.ObjectPostProcessor; SearchStrategy: all) found beans 'objectPostProcessor', 'webAuthorizationManagerPostProcessor', 'filterChainDecoratorPostProcessor', 'authenticationManagerPostProcessor'; @ConditionalOnMissingBean (types: org.springframework.security.authentication.AuthenticationManager,org.springframework.security.authentication.AuthenticationProvider,org.springframework.security.core.userdetails.UserDetailsService,org.springframework.security.authentication.AuthenticationManagerResolver,?; SearchStrategy: all) did not find any beans (OnBeanCondition)

   ValidationAutoConfiguration matched:
      - @ConditionalOnClass found required class 'jakarta.validation.executable.ExecutableValidator' (OnClassCondition)
      - @ConditionalOnResource found location classpath:META-INF/services/jakarta.validation.spi.ValidationProvider (OnResourceCondition)

   ValidationAutoConfiguration#defaultValidator matched:
      - @ConditionalOnMissingBean (types: jakarta.validation.Validator; SearchStrategy: all) did not find any beans (OnBeanCondition)

   ValidationAutoConfiguration#methodValidationPostProcessor matched:
      - @ConditionalOnMissingBean (types: org.springframework.validation.beanvalidation.MethodValidationPostProcessor; SearchStrategy: current) did not find any beans (OnBeanCondition)

   WebMvcAutoConfiguration matched:
      - @ConditionalOnClass found required classes 'jakarta.servlet.Servlet', 'org.springframework.web.servlet.DispatcherServlet', 'org.springframework.web.servlet.config.annotation.WebMvcConfigurer' (OnClassCondition)
      - found 'session' scope (OnWebApplicationCondition)
      - @ConditionalOnMissingBean (types: org.springframework.web.servlet.config.annotation.WebMvcConfigurationSupport; SearchStrategy: all) did not find any beans (OnBeanCondition)

   WebMvcAutoConfiguration#formContentFilter matched:
      - @ConditionalOnBooleanProperty (spring.mvc.formcontent.filter.enabled=true) matched (OnPropertyCondition)
      - @ConditionalOnMissingBean (types: org.springframework.web.filter.FormContentFilter; SearchStrategy: all) did not find any beans (OnBeanCondition)

   WebMvcAutoConfiguration.EnableWebMvcConfiguration#flashMapManager matched:
      - @ConditionalOnMissingBean (names: flashMapManager; SearchStrategy: all) did not find any beans (OnBeanCondition)

   WebMvcAutoConfiguration.EnableWebMvcConfiguration#localeResolver matched:
      - @ConditionalOnMissingBean (names: localeResolver; SearchStrategy: all) did not find any beans (OnBeanCondition)

   WebMvcAutoConfiguration.EnableWebMvcConfiguration#themeResolver matched:
      - @ConditionalOnMissingBean (names: themeResolver; SearchStrategy: all) did not find any beans (OnBeanCondition)

   WebMvcAutoConfiguration.EnableWebMvcConfiguration#viewNameTranslator matched:
      - @ConditionalOnMissingBean (names: viewNameTranslator; SearchStrategy: all) did not find any beans (OnBeanCondition)

   WebMvcAutoConfiguration.ResourceChainCustomizerConfiguration matched:
      - @ConditionalOnEnabledResourceChain found class org.webjars.WebJarVersionLocator (OnEnabledResourceChainCondition)

   WebMvcAutoConfiguration.WebMvcAutoConfigurationAdapter#defaultViewResolver matched:
      - @ConditionalOnMissingBean (types: org.springframework.web.servlet.view.InternalResourceViewResolver; SearchStrategy: all) did not find any beans (OnBeanCondition)

   WebMvcAutoConfiguration.WebMvcAutoConfigurationAdapter#requestContextFilter matched:
      - @ConditionalOnMissingBean (types: org.springframework.web.context.request.RequestContextListener,org.springframework.web.filter.RequestContextFilter; SearchStrategy: all) did not find any beans (OnBeanCondition)

   WebMvcAutoConfiguration.WebMvcAutoConfigurationAdapter#viewResolver matched:
      - @ConditionalOnBean (types: org.springframework.web.servlet.ViewResolver; SearchStrategy: all) found beans 'defaultViewResolver', 'beanNameViewResolver', 'mvcViewResolver'; @ConditionalOnMissingBean (names: viewResolver types: org.springframework.web.servlet.view.ContentNegotiatingViewResolver; SearchStrategy: all) did not find any beans (OnBeanCondition)

   WebSocketServletAutoConfiguration matched:
      - @ConditionalOnClass found required classes 'jakarta.servlet.Servlet', 'jakarta.websocket.server.ServerContainer' (OnClassCondition)
      - found 'session' scope (OnWebApplicationCondition)

   WebSocketServletAutoConfiguration.TomcatWebSocketConfiguration matched:
      - @ConditionalOnClass found required classes 'org.apache.catalina.startup.Tomcat', 'org.apache.tomcat.websocket.server.WsSci' (OnClassCondition)

   WebSocketServletAutoConfiguration.TomcatWebSocketConfiguration#websocketServletWebServerCustomizer matched:
      - @ConditionalOnMissingBean (names: websocketServletWebServerCustomizer; SearchStrategy: all) did not find any beans (OnBeanCondition)


Negative matches:
-----------------

   ActiveMQAutoConfiguration:
      Did not match:
         - @ConditionalOnClass did not find required class 'jakarta.jms.ConnectionFactory' (OnClassCondition)

   AopAutoConfiguration.AspectJAutoProxyingConfiguration.JdkDynamicAutoProxyConfiguration:
      Did not match:
         - @ConditionalOnBooleanProperty (spring.aop.proxy-target-class=false) did not find property 'spring.aop.proxy-target-class' (OnPropertyCondition)

   AopAutoConfiguration.ClassProxyingConfiguration:
      Did not match:
         - @ConditionalOnMissingClass found unwanted class 'org.aspectj.weaver.Advice' (OnClassCondition)

   ArtemisAutoConfiguration:
      Did not match:
         - @ConditionalOnClass did not find required class 'jakarta.jms.ConnectionFactory' (OnClassCondition)

   BatchAutoConfiguration:
      Did not match:
         - @ConditionalOnClass did not find required class 'org.springframework.batch.core.launch.JobLauncher' (OnClassCondition)

   Cache2kCacheConfiguration:
      Did not match:
         - @ConditionalOnClass did not find required class 'org.cache2k.Cache2kBuilder' (OnClassCondition)

   CacheAutoConfiguration:
      Did not match:
         - @ConditionalOnBean (types: org.springframework.cache.interceptor.CacheAspectSupport; SearchStrategy: all) did not find any beans of type org.springframework.cache.interceptor.CacheAspectSupport (OnBeanCondition)
      Matched:
         - @ConditionalOnClass found required class 'org.springframework.cache.CacheManager' (OnClassCondition)

   CacheAutoConfiguration.CacheManagerEntityManagerFactoryDependsOnPostProcessor:
      Did not match:
         - Ancestor org.springframework.boot.autoconfigure.cache.CacheAutoConfiguration did not match (ConditionEvaluationReport.AncestorsMatchedCondition)
      Matched:
         - @ConditionalOnClass found required class 'org.springframework.orm.jpa.LocalContainerEntityManagerFactoryBean' (OnClassCondition)

   CaffeineCacheConfiguration:
      Did not match:
         - @ConditionalOnClass did not find required class 'com.github.benmanes.caffeine.cache.Caffeine' (OnClassCondition)

   CassandraAutoConfiguration:
      Did not match:
         - @ConditionalOnClass did not find required class 'com.datastax.oss.driver.api.core.CqlSession' (OnClassCondition)

   CassandraDataAutoConfiguration:
      Did not match:
         - @ConditionalOnClass did not find required class 'com.datastax.oss.driver.api.core.CqlSession' (OnClassCondition)

   CassandraReactiveDataAutoConfiguration:
      Did not match:
         - @ConditionalOnClass did not find required class 'com.datastax.oss.driver.api.core.CqlSession' (OnClassCondition)

   CassandraReactiveRepositoriesAutoConfiguration:
      Did not match:
         - @ConditionalOnClass did not find required class 'org.springframework.data.cassandra.ReactiveSession' (OnClassCondition)

   CassandraRepositoriesAutoConfiguration:
      Did not match:
         - @ConditionalOnClass did not find required class 'com.datastax.oss.driver.api.core.CqlSession' (OnClassCondition)

   org.springframework.boot.autoconfigure.http.client.reactive.ClientHttpConnectorAutoConfiguration:
      Did not match:
         - @ConditionalOnClass did not find required class 'reactor.core.publisher.Mono' (OnClassCondition)

   org.springframework.boot.autoconfigure.web.reactive.function.client.ClientHttpConnectorAutoConfiguration:
      Did not match:
         - @ConditionalOnClass did not find required class 'org.springframework.web.reactive.function.client.WebClient' (OnClassCondition)

   CodecsAutoConfiguration:
      Did not match:
         - @ConditionalOnClass did not find required class 'org.springframework.web.reactive.function.client.WebClient' (OnClassCondition)

   CouchbaseAutoConfiguration:
      Did not match:
         - @ConditionalOnClass did not find required class 'com.couchbase.client.java.Cluster' (OnClassCondition)

   CouchbaseCacheConfiguration:
      Did not match:
         - @ConditionalOnClass did not find required class 'com.couchbase.client.java.Cluster' (OnClassCondition)

   CouchbaseDataAutoConfiguration:
      Did not match:
         - @ConditionalOnClass did not find required class 'com.couchbase.client.java.Bucket' (OnClassCondition)

   CouchbaseReactiveDataAutoConfiguration:
      Did not match:
         - @ConditionalOnClass did not find required class 'com.couchbase.client.java.Cluster' (OnClassCondition)

   CouchbaseReactiveRepositoriesAutoConfiguration:
      Did not match:
         - @ConditionalOnClass did not find required class 'com.couchbase.client.java.Cluster' (OnClassCondition)

   CouchbaseRepositoriesAutoConfiguration:
      Did not match:
         - @ConditionalOnClass did not find required class 'com.couchbase.client.java.Bucket' (OnClassCondition)

   DataSourceAutoConfiguration.EmbeddedDatabaseConfiguration:
      Did not match:
         - EmbeddedDataSource spring.datasource.url is set (DataSourceAutoConfiguration.EmbeddedDatabaseCondition)

   DataSourceCheckpointRestoreConfiguration:
      Did not match:
         - @ConditionalOnClass did not find required class 'org.crac.Resource' (OnClassCondition)

   DataSourceConfiguration.Dbcp2:
      Did not match:
         - @ConditionalOnClass did not find required class 'org.apache.commons.dbcp2.BasicDataSource' (OnClassCondition)

   DataSourceConfiguration.Generic:
      Did not match:
         - @ConditionalOnProperty (spring.datasource.type) did not find property 'spring.datasource.type' (OnPropertyCondition)

   DataSourceConfiguration.OracleUcp:
      Did not match:
         - @ConditionalOnClass did not find required classes 'oracle.ucp.jdbc.PoolDataSourceImpl', 'oracle.jdbc.OracleConnection' (OnClassCondition)

   DataSourceConfiguration.Tomcat:
      Did not match:
         - @ConditionalOnClass did not find required class 'org.apache.tomcat.jdbc.pool.DataSource' (OnClassCondition)

   DataSourceJmxConfiguration:
      Did not match:
         - @ConditionalOnBooleanProperty (spring.jmx.enabled=true) did not find property 'spring.jmx.enabled' (OnPropertyCondition)

   DataSourcePoolMetadataProvidersConfiguration.CommonsDbcp2PoolDataSourceMetadataProviderConfiguration:
      Did not match:
         - @ConditionalOnClass did not find required class 'org.apache.commons.dbcp2.BasicDataSource' (OnClassCondition)

   DataSourcePoolMetadataProvidersConfiguration.OracleUcpPoolDataSourceMetadataProviderConfiguration:
      Did not match:
         - @ConditionalOnClass did not find required classes 'oracle.ucp.jdbc.PoolDataSource', 'oracle.jdbc.OracleConnection' (OnClassCondition)

   DataSourcePoolMetadataProvidersConfiguration.TomcatDataSourcePoolMetadataProviderConfiguration:
      Did not match:
         - @ConditionalOnClass did not find required class 'org.apache.tomcat.jdbc.pool.DataSource' (OnClassCondition)

   DataSourceTransactionManagerAutoConfiguration.JdbcTransactionManagerConfiguration#transactionManager:
      Did not match:
         - @ConditionalOnMissingBean (types: org.springframework.transaction.TransactionManager; SearchStrategy: all) found beans of type 'org.springframework.transaction.TransactionManager' transactionManager (OnBeanCondition)

   DispatcherServletAutoConfiguration.DispatcherServletConfiguration#multipartResolver:
      Did not match:
         - @ConditionalOnBean (types: org.springframework.web.multipart.MultipartResolver; SearchStrategy: all) did not find any beans of type org.springframework.web.multipart.MultipartResolver (OnBeanCondition)

   ElasticsearchClientAutoConfiguration:
      Did not match:
         - @ConditionalOnClass did not find required class 'co.elastic.clients.elasticsearch.ElasticsearchClient' (OnClassCondition)

   ElasticsearchDataAutoConfiguration:
      Did not match:
         - @ConditionalOnClass did not find required class 'org.springframework.data.elasticsearch.client.elc.ElasticsearchTemplate' (OnClassCondition)

   ElasticsearchRepositoriesAutoConfiguration:
      Did not match:
         - @ConditionalOnClass did not find required class 'org.springframework.data.elasticsearch.repository.ElasticsearchRepository' (OnClassCondition)

   ElasticsearchRestClientAutoConfiguration:
      Did not match:
         - @ConditionalOnClass did not find required class 'org.elasticsearch.client.RestClientBuilder' (OnClassCondition)

   EmbeddedLdapAutoConfiguration:
      Did not match:
         - @ConditionalOnClass did not find required class 'com.unboundid.ldap.listener.InMemoryDirectoryServer' (OnClassCondition)

   EmbeddedWebServerFactoryCustomizerAutoConfiguration.JettyWebServerFactoryCustomizerConfiguration:
      Did not match:
         - @ConditionalOnClass did not find required classes 'org.eclipse.jetty.server.Server', 'org.eclipse.jetty.util.Loader', 'org.eclipse.jetty.ee10.webapp.WebAppContext' (OnClassCondition)

   EmbeddedWebServerFactoryCustomizerAutoConfiguration.NettyWebServerFactoryCustomizerConfiguration:
      Did not match:
         - @ConditionalOnClass did not find required class 'reactor.netty.http.server.HttpServer' (OnClassCondition)

   EmbeddedWebServerFactoryCustomizerAutoConfiguration.TomcatWebServerFactoryCustomizerConfiguration#tomcatVirtualThreadsProtocolHandlerCustomizer:
      Did not match:
         - @ConditionalOnThreading did not find VIRTUAL (OnThreadingCondition)

   EmbeddedWebServerFactoryCustomizerAutoConfiguration.UndertowWebServerFactoryCustomizerConfiguration:
      Did not match:
         - @ConditionalOnClass did not find required classes 'io.undertow.Undertow', 'org.xnio.SslClientAuthMode' (OnClassCondition)

   ErrorWebFluxAutoConfiguration:
      Did not match:
         - @ConditionalOnClass did not find required class 'org.springframework.web.reactive.config.WebFluxConfigurer' (OnClassCondition)

   FlywayAutoConfiguration:
      Did not match:
         - @ConditionalOnClass did not find required class 'org.flywaydb.core.Flyway' (OnClassCondition)

   FreeMarkerAutoConfiguration:
      Did not match:
         - @ConditionalOnClass did not find required class 'freemarker.template.Configuration' (OnClassCondition)

   GraphQlAutoConfiguration:
      Did not match:
         - @ConditionalOnClass did not find required class 'graphql.GraphQL' (OnClassCondition)

   GraphQlQueryByExampleAutoConfiguration:
      Did not match:
         - @ConditionalOnClass did not find required class 'graphql.GraphQL' (OnClassCondition)

   GraphQlQuerydslAutoConfiguration:
      Did not match:
         - @ConditionalOnClass did not find required class 'com.querydsl.core.Query' (OnClassCondition)

   GraphQlRSocketAutoConfiguration:
      Did not match:
         - @ConditionalOnClass did not find required class 'graphql.GraphQL' (OnClassCondition)

   GraphQlReactiveQueryByExampleAutoConfiguration:
      Did not match:
         - @ConditionalOnClass did not find required class 'graphql.GraphQL' (OnClassCondition)

   GraphQlReactiveQuerydslAutoConfiguration:
      Did not match:
         - @ConditionalOnClass did not find required class 'com.querydsl.core.Query' (OnClassCondition)

   GraphQlWebFluxAutoConfiguration:
      Did not match:
         - @ConditionalOnClass did not find required class 'graphql.GraphQL' (OnClassCondition)

   GraphQlWebFluxSecurityAutoConfiguration:
      Did not match:
         - @ConditionalOnClass did not find required class 'graphql.GraphQL' (OnClassCondition)

   GraphQlWebMvcAutoConfiguration:
      Did not match:
         - @ConditionalOnClass did not find required class 'graphql.GraphQL' (OnClassCondition)

   GraphQlWebMvcSecurityAutoConfiguration:
      Did not match:
         - @ConditionalOnClass did not find required class 'graphql.GraphQL' (OnClassCondition)

   GroovyTemplateAutoConfiguration:
      Did not match:
         - @ConditionalOnClass did not find required class 'groovy.text.markup.MarkupTemplateEngine' (OnClassCondition)

   GsonAutoConfiguration:
      Did not match:
         - @ConditionalOnClass did not find required class 'com.google.gson.Gson' (OnClassCondition)

   GsonHttpMessageConvertersConfiguration:
      Did not match:
         - @ConditionalOnClass did not find required class 'com.google.gson.Gson' (OnClassCondition)

   H2ConsoleAutoConfiguration:
      Did not match:
         - @ConditionalOnClass did not find required class 'org.h2.server.web.JakartaWebServlet' (OnClassCondition)

   HazelcastAutoConfiguration:
      Did not match:
         - @ConditionalOnClass did not find required class 'com.hazelcast.core.HazelcastInstance' (OnClassCondition)

   HazelcastCacheConfiguration:
      Did not match:
         - @ConditionalOnClass did not find required class 'com.hazelcast.core.HazelcastInstance' (OnClassCondition)

   HazelcastJpaDependencyAutoConfiguration:
      Did not match:
         - @ConditionalOnClass did not find required class 'com.hazelcast.core.HazelcastInstance' (OnClassCondition)

   HttpHandlerAutoConfiguration:
      Did not match:
         - @ConditionalOnClass did not find required class 'org.springframework.web.reactive.DispatcherHandler' (OnClassCondition)

   HypermediaAutoConfiguration:
      Did not match:
         - @ConditionalOnClass did not find required class 'org.springframework.hateoas.EntityModel' (OnClassCondition)

   InfinispanCacheConfiguration:
      Did not match:
         - @ConditionalOnClass did not find required class 'org.infinispan.spring.embedded.provider.SpringEmbeddedCacheManager' (OnClassCondition)

   IntegrationAutoConfiguration:
      Did not match:
         - @ConditionalOnClass did not find required class 'org.springframework.integration.config.EnableIntegration' (OnClassCondition)

   JCacheCacheConfiguration:
      Did not match:
         - @ConditionalOnClass did not find required class 'javax.cache.Caching' (OnClassCondition)

   JacksonHttpMessageConvertersConfiguration.MappingJackson2XmlHttpMessageConverterConfiguration:
      Did not match:
         - @ConditionalOnClass did not find required class 'com.fasterxml.jackson.dataformat.xml.XmlMapper' (OnClassCondition)

   JdbcRepositoriesAutoConfiguration:
      Did not match:
         - @ConditionalOnClass did not find required class 'org.springframework.data.jdbc.repository.config.AbstractJdbcConfiguration' (OnClassCondition)

   JerseyAutoConfiguration:
      Did not match:
         - @ConditionalOnClass did not find required class 'org.glassfish.jersey.server.spring.SpringComponentProvider' (OnClassCondition)

   JmsAutoConfiguration:
      Did not match:
         - @ConditionalOnClass did not find required class 'jakarta.jms.Message' (OnClassCondition)

   JmxAutoConfiguration:
      Did not match:
         - @ConditionalOnBooleanProperty (spring.jmx.enabled=true) did not find property 'spring.jmx.enabled' (OnPropertyCondition)
      Matched:
         - @ConditionalOnClass found required class 'org.springframework.jmx.export.MBeanExporter' (OnClassCondition)

   JndiConnectionFactoryAutoConfiguration:
      Did not match:
         - @ConditionalOnClass did not find required class 'org.springframework.jms.core.JmsTemplate' (OnClassCondition)

   JndiDataSourceAutoConfiguration:
      Did not match:
         - @ConditionalOnProperty (spring.datasource.jndi-name) did not find property 'spring.datasource.jndi-name' (OnPropertyCondition)
      Matched:
         - @ConditionalOnClass found required classes 'javax.sql.DataSource', 'org.springframework.jdbc.datasource.embedded.EmbeddedDatabaseType' (OnClassCondition)

   JndiJtaConfiguration:
      Did not match:
         - @ConditionalOnJndi JNDI environment is not available (OnJndiCondition)
      Matched:
         - @ConditionalOnClass found required class 'org.springframework.transaction.jta.JtaTransactionManager' (OnClassCondition)

   JooqAutoConfiguration:
      Did not match:
         - @ConditionalOnClass did not find required class 'org.jooq.DSLContext' (OnClassCondition)

   JpaRepositoriesAutoConfiguration#entityManagerFactoryBootstrapExecutorCustomizer:
      Did not match:
         - AnyNestedCondition 0 matched 2 did not; NestedCondition on JpaRepositoriesAutoConfiguration.BootstrapExecutorCondition.LazyBootstrapMode @ConditionalOnProperty (spring.data.jpa.repositories.bootstrap-mode=lazy) did not find property 'spring.data.jpa.repositories.bootstrap-mode'; NestedCondition on JpaRepositoriesAutoConfiguration.BootstrapExecutorCondition.DeferredBootstrapMode @ConditionalOnProperty (spring.data.jpa.repositories.bootstrap-mode=deferred) did not find property 'spring.data.jpa.repositories.bootstrap-mode' (JpaRepositoriesAutoConfiguration.BootstrapExecutorCondition)

   JsonbAutoConfiguration:
      Did not match:
         - @ConditionalOnClass did not find required class 'jakarta.json.bind.Jsonb' (OnClassCondition)

   JsonbHttpMessageConvertersConfiguration:
      Did not match:
         - @ConditionalOnClass did not find required class 'jakarta.json.bind.Jsonb' (OnClassCondition)

   KafkaAutoConfiguration:
      Did not match:
         - @ConditionalOnClass did not find required class 'org.springframework.kafka.core.KafkaTemplate' (OnClassCondition)

   LdapAutoConfiguration:
      Did not match:
         - @ConditionalOnClass did not find required class 'org.springframework.ldap.core.ContextSource' (OnClassCondition)

   LdapRepositoriesAutoConfiguration:
      Did not match:
         - @ConditionalOnClass did not find required class 'org.springframework.data.ldap.repository.LdapRepository' (OnClassCondition)

   LiquibaseAutoConfiguration:
      Did not match:
         - @ConditionalOnClass did not find required class 'liquibase.change.DatabaseChange' (OnClassCondition)

   MailSenderAutoConfiguration:
      Did not match:
         - @ConditionalOnClass did not find required class 'jakarta.mail.internet.MimeMessage' (OnClassCondition)

   MailSenderValidatorAutoConfiguration:
      Did not match:
         - @ConditionalOnSingleCandidate did not find required type 'org.springframework.mail.javamail.JavaMailSenderImpl' (OnBeanCondition)

   MessageSourceAutoConfiguration:
      Did not match:
         - ResourceBundle did not find bundle with basename messages (MessageSourceAutoConfiguration.ResourceBundleCondition)

   MongoAutoConfiguration:
      Did not match:
         - @ConditionalOnClass did not find required class 'com.mongodb.client.MongoClient' (OnClassCondition)

   MongoDataAutoConfiguration:
      Did not match:
         - @ConditionalOnClass did not find required class 'com.mongodb.client.MongoClient' (OnClassCondition)

   MongoReactiveAutoConfiguration:
      Did not match:
         - @ConditionalOnClass did not find required class 'com.mongodb.reactivestreams.client.MongoClient' (OnClassCondition)

   MongoReactiveDataAutoConfiguration:
      Did not match:
         - @ConditionalOnClass did not find required class 'com.mongodb.reactivestreams.client.MongoClient' (OnClassCondition)

   MongoReactiveRepositoriesAutoConfiguration:
      Did not match:
         - @ConditionalOnClass did not find required class 'com.mongodb.reactivestreams.client.MongoClient' (OnClassCondition)

   MongoRepositoriesAutoConfiguration:
      Did not match:
         - @ConditionalOnClass did not find required class 'com.mongodb.client.MongoClient' (OnClassCondition)

   MultipleOpenApiSupportConfiguration:
      Did not match:
         - AnyNestedCondition 0 matched 2 did not; NestedCondition on MultipleOpenApiSupportCondition.OnActuatorDifferentPort @ConditionalOnProperty (springdoc.show-actuator) did not find property 'springdoc.show-actuator'; NestedCondition on MultipleOpenApiSupportCondition.OnMultipleOpenApiSupportCondition AnyNestedCondition 0 matched 3 did not; NestedCondition on MultipleOpenApiGroupsCondition.OnListGroupedOpenApiBean @ConditionalOnBean (types: org.springdoc.core.models.GroupedOpenApi; SearchStrategy: all) did not find any beans of type org.springdoc.core.models.GroupedOpenApi; NestedCondition on MultipleOpenApiGroupsCondition.OnGroupConfigProperty @ConditionalOnProperty (springdoc.group-configs[0].group) did not find property 'springdoc.group-configs[0].group'; NestedCondition on MultipleOpenApiGroupsCondition.OnGroupedOpenApiBean @ConditionalOnBean (types: org.springdoc.core.models.GroupedOpenApi; SearchStrategy: all) did not find any beans of type org.springdoc.core.models.GroupedOpenApi (MultipleOpenApiSupportCondition)
      Matched:
         - found 'session' scope (OnWebApplicationCondition)
         - @ConditionalOnProperty (springdoc.api-docs.enabled) matched (OnPropertyCondition)

   MultipleOpenApiSupportConfiguration.SpringDocWebMvcActuatorDifferentConfiguration:
      Did not match:
         - @ConditionalOnClass did not find required class 'org.springframework.boot.actuate.endpoint.web.servlet.WebMvcEndpointHandlerMapping' (OnClassCondition)
         - Ancestor org.springdoc.webmvc.core.configuration.MultipleOpenApiSupportConfiguration did not match (ConditionEvaluationReport.AncestorsMatchedCondition)

   MustacheAutoConfiguration:
      Did not match:
         - @ConditionalOnClass did not find required class 'com.samskivert.mustache.Mustache' (OnClassCondition)

   Neo4jAutoConfiguration:
      Did not match:
         - @ConditionalOnClass did not find required class 'org.neo4j.driver.Driver' (OnClassCondition)

   Neo4jDataAutoConfiguration:
      Did not match:
         - @ConditionalOnClass did not find required class 'org.neo4j.driver.Driver' (OnClassCondition)

   Neo4jReactiveDataAutoConfiguration:
      Did not match:
         - @ConditionalOnClass did not find required class 'org.neo4j.driver.Driver' (OnClassCondition)

   Neo4jReactiveRepositoriesAutoConfiguration:
      Did not match:
         - @ConditionalOnClass did not find required class 'org.neo4j.driver.Driver' (OnClassCondition)

   Neo4jRepositoriesAutoConfiguration:
      Did not match:
         - @ConditionalOnClass did not find required class 'org.neo4j.driver.Driver' (OnClassCondition)

   NettyAutoConfiguration:
      Did not match:
         - @ConditionalOnClass did not find required class 'io.netty.util.NettyRuntime' (OnClassCondition)

   OAuth2AuthorizationServerAutoConfiguration:
      Did not match:
         - @ConditionalOnClass did not find required class 'org.springframework.security.oauth2.server.authorization.OAuth2Authorization' (OnClassCondition)

   OAuth2AuthorizationServerJwtAutoConfiguration:
      Did not match:
         - @ConditionalOnClass did not find required class 'com.nimbusds.jose.jwk.source.JWKSource' (OnClassCondition)

   OAuth2ClientAutoConfiguration:
      Did not match:
         - @ConditionalOnClass did not find required class 'org.springframework.security.oauth2.client.registration.ClientRegistration' (OnClassCondition)

   OAuth2ClientWebSecurityAutoConfiguration:
      Did not match:
         - @ConditionalOnClass did not find required class 'org.springframework.security.oauth2.client.web.OAuth2AuthorizedClientRepository' (OnClassCondition)

   OAuth2ResourceServerAutoConfiguration:
      Did not match:
         - @ConditionalOnClass did not find required class 'org.springframework.security.oauth2.server.resource.authentication.BearerTokenAuthenticationToken' (OnClassCondition)

   ProjectInfoAutoConfiguration#buildProperties:
      Did not match:
         - @ConditionalOnResource did not find resource '${spring.info.build.location:classpath:META-INF/build-info.properties}' (OnResourceCondition)

   ProjectInfoAutoConfiguration#gitProperties:
      Did not match:
         - GitResource did not find git info at classpath:git.properties (ProjectInfoAutoConfiguration.GitResourceAvailableCondition)

   PulsarAutoConfiguration:
      Did not match:
         - @ConditionalOnClass did not find required class 'org.apache.pulsar.client.api.PulsarClient' (OnClassCondition)

   PulsarReactiveAutoConfiguration:
      Did not match:
         - @ConditionalOnClass did not find required class 'org.apache.pulsar.client.api.PulsarClient' (OnClassCondition)

   QuartzAutoConfiguration:
      Did not match:
         - @ConditionalOnClass did not find required class 'org.quartz.Scheduler' (OnClassCondition)

   R2dbcAutoConfiguration:
      Did not match:
         - @ConditionalOnClass did not find required class 'io.r2dbc.spi.ConnectionFactory' (OnClassCondition)

   R2dbcDataAutoConfiguration:
      Did not match:
         - @ConditionalOnClass did not find required class 'org.springframework.data.r2dbc.core.R2dbcEntityTemplate' (OnClassCondition)

   R2dbcInitializationConfiguration:
      Did not match:
         - @ConditionalOnClass did not find required classes 'io.r2dbc.spi.ConnectionFactory', 'org.springframework.r2dbc.connection.init.DatabasePopulator' (OnClassCondition)

   R2dbcProxyAutoConfiguration:
      Did not match:
         - @ConditionalOnClass did not find required class 'io.r2dbc.proxy.ProxyConnectionFactory' (OnClassCondition)

   R2dbcRepositoriesAutoConfiguration:
      Did not match:
         - @ConditionalOnClass did not find required class 'io.r2dbc.spi.ConnectionFactory' (OnClassCondition)

   R2dbcTransactionManagerAutoConfiguration:
      Did not match:
         - @ConditionalOnClass did not find required class 'org.springframework.r2dbc.connection.R2dbcTransactionManager' (OnClassCondition)

   RSocketGraphQlClientAutoConfiguration:
      Did not match:
         - @ConditionalOnClass did not find required class 'graphql.GraphQL' (OnClassCondition)

   RSocketMessagingAutoConfiguration:
      Did not match:
         - @ConditionalOnClass did not find required class 'io.rsocket.RSocket' (OnClassCondition)

   RSocketRequesterAutoConfiguration:
      Did not match:
         - @ConditionalOnClass did not find required class 'io.rsocket.RSocket' (OnClassCondition)

   RSocketSecurityAutoConfiguration:
      Did not match:
         - @ConditionalOnClass did not find required class 'org.springframework.security.rsocket.core.SecuritySocketAcceptorInterceptor' (OnClassCondition)

   RSocketServerAutoConfiguration:
      Did not match:
         - @ConditionalOnClass did not find required class 'io.rsocket.core.RSocketServer' (OnClassCondition)

   RSocketStrategiesAutoConfiguration:
      Did not match:
         - @ConditionalOnClass did not find required class 'io.netty.buffer.PooledByteBufAllocator' (OnClassCondition)

   RabbitAutoConfiguration:
      Did not match:
         - @ConditionalOnClass did not find required class 'com.rabbitmq.client.Channel' (OnClassCondition)

   ReactiveElasticsearchClientAutoConfiguration:
      Did not match:
         - @ConditionalOnClass did not find required class 'co.elastic.clients.transport.ElasticsearchTransport' (OnClassCondition)

   ReactiveElasticsearchRepositoriesAutoConfiguration:
      Did not match:
         - @ConditionalOnClass did not find required class 'reactor.core.publisher.Mono' (OnClassCondition)

   ReactiveMultipartAutoConfiguration:
      Did not match:
         - @ConditionalOnClass did not find required class 'org.springframework.web.reactive.config.WebFluxConfigurer' (OnClassCondition)

   ReactiveOAuth2ClientAutoConfiguration:
      Did not match:
         - @ConditionalOnClass did not find required class 'reactor.core.publisher.Flux' (OnClassCondition)

   ReactiveOAuth2ClientWebSecurityAutoConfiguration:
      Did not match:
         - @ConditionalOnClass did not find required class 'reactor.core.publisher.Flux' (OnClassCondition)

   ReactiveOAuth2ResourceServerAutoConfiguration:
      Did not match:
         - @ConditionalOnWebApplication did not find reactive web application classes (OnWebApplicationCondition)

   ReactiveSecurityAutoConfiguration:
      Did not match:
         - @ConditionalOnClass did not find required class 'reactor.core.publisher.Flux' (OnClassCondition)

   ReactiveUserDetailsServiceAutoConfiguration:
      Did not match:
         - AnyNestedCondition 0 matched 2 did not; NestedCondition on ReactiveUserDetailsServiceAutoConfiguration.RSocketEnabledOrReactiveWebApplication.ReactiveWebApplicationCondition did not find reactive web application classes; NestedCondition on ReactiveUserDetailsServiceAutoConfiguration.RSocketEnabledOrReactiveWebApplication.RSocketSecurityEnabledCondition @ConditionalOnBean (types: ?; SearchStrategy: all) did not find any beans of type ? (ReactiveUserDetailsServiceAutoConfiguration.RSocketEnabledOrReactiveWebApplication)
      Matched:
         - @ConditionalOnClass found required class 'org.springframework.security.authentication.ReactiveAuthenticationManager' (OnClassCondition)
         - AnyNestedCondition 1 matched 2 did not; NestedCondition on ReactiveUserDetailsServiceAutoConfiguration.MissingAlternativeOrUserPropertiesConfigured.PasswordConfigured @ConditionalOnProperty (spring.security.user.password) did not find property 'spring.security.user.password'; NestedCondition on ReactiveUserDetailsServiceAutoConfiguration.MissingAlternativeOrUserPropertiesConfigured.NameConfigured @ConditionalOnProperty (spring.security.user.name) did not find property 'spring.security.user.name'; NestedCondition on ReactiveUserDetailsServiceAutoConfiguration.MissingAlternativeOrUserPropertiesConfigured.MissingAlternative @ConditionalOnMissingClass did not find unwanted classes 'org.springframework.security.oauth2.client.registration.ClientRegistrationRepository', 'org.springframework.security.oauth2.server.resource.introspection.ReactiveOpaqueTokenIntrospector' (ReactiveUserDetailsServiceAutoConfiguration.MissingAlternativeOrUserPropertiesConfigured)

   ReactiveWebServerFactoryAutoConfiguration:
      Did not match:
         - @ConditionalOnWebApplication did not find reactive web application classes (OnWebApplicationCondition)

   ReactorAutoConfiguration:
      Did not match:
         - @ConditionalOnClass did not find required class 'reactor.core.publisher.Hooks' (OnClassCondition)

   RedisAutoConfiguration:
      Did not match:
         - @ConditionalOnClass did not find required class 'org.springframework.data.redis.core.RedisOperations' (OnClassCondition)

   RedisCacheConfiguration:
      Did not match:
         - @ConditionalOnClass did not find required class 'org.springframework.data.redis.connection.RedisConnectionFactory' (OnClassCondition)

   RedisReactiveAutoConfiguration:
      Did not match:
         - @ConditionalOnClass did not find required class 'reactor.core.publisher.Flux' (OnClassCondition)

   RedisRepositoriesAutoConfiguration:
      Did not match:
         - @ConditionalOnClass did not find required class 'org.springframework.data.redis.repository.configuration.EnableRedisRepositories' (OnClassCondition)

   RepositoryRestMvcAutoConfiguration:
      Did not match:
         - @ConditionalOnClass did not find required class 'org.springframework.data.rest.webmvc.config.RepositoryRestMvcConfiguration' (OnClassCondition)

   Saml2RelyingPartyAutoConfiguration:
      Did not match:
         - @ConditionalOnClass did not find required class 'org.springframework.security.saml2.provider.service.registration.RelyingPartyRegistrationRepository' (OnClassCondition)

   SecurityDataConfiguration:
      Did not match:
         - @ConditionalOnClass did not find required class 'org.springframework.security.data.repository.query.SecurityEvaluationContextExtension' (OnClassCondition)

   SendGridAutoConfiguration:
      Did not match:
         - @ConditionalOnClass did not find required class 'com.sendgrid.SendGrid' (OnClassCondition)

   ServletWebServerFactoryAutoConfiguration.ForwardedHeaderFilterConfiguration:
      Did not match:
         - @ConditionalOnProperty (server.forward-headers-strategy=framework) did not find property 'server.forward-headers-strategy' (OnPropertyCondition)

   ServletWebServerFactoryConfiguration.EmbeddedJetty:
      Did not match:
         - @ConditionalOnClass did not find required classes 'org.eclipse.jetty.server.Server', 'org.eclipse.jetty.util.Loader', 'org.eclipse.jetty.ee10.webapp.WebAppContext' (OnClassCondition)

   ServletWebServerFactoryConfiguration.EmbeddedUndertow:
      Did not match:
         - @ConditionalOnClass did not find required classes 'io.undertow.Undertow', 'org.xnio.SslClientAuthMode' (OnClassCondition)

   SessionAutoConfiguration:
      Did not match:
         - @ConditionalOnClass did not find required class 'org.springframework.session.Session' (OnClassCondition)

   SpringApplicationAdminJmxAutoConfiguration:
      Did not match:
         - @ConditionalOnBooleanProperty (spring.application.admin.enabled=true) did not find property 'spring.application.admin.enabled' (OnPropertyCondition)

   SpringBootWebSecurityConfiguration.SecurityFilterChainConfiguration:
      Did not match:
         - AllNestedConditions 1 matched 1 did not; NestedCondition on DefaultWebSecurityCondition.Beans @ConditionalOnMissingBean (types: org.springframework.security.web.SecurityFilterChain; SearchStrategy: all) found beans of type 'org.springframework.security.web.SecurityFilterChain' filterChain; NestedCondition on DefaultWebSecurityCondition.Classes @ConditionalOnClass found required classes 'org.springframework.security.web.SecurityFilterChain', 'org.springframework.security.config.annotation.web.builders.HttpSecurity' (DefaultWebSecurityCondition)

   SpringDocConfiguration#propertiesResolverForSchema:
      Did not match:
         - @ConditionalOnProperty (springdoc.api-docs.resolve-schema-properties) did not find property 'springdoc.api-docs.resolve-schema-properties' (OnPropertyCondition)

   SpringDocConfiguration#propertyCustomizingConverter:
      Did not match:
         - @ConditionalOnBean (types: org.springdoc.core.customizers.PropertyCustomizer; SearchStrategy: all) did not find any beans of type org.springdoc.core.customizers.PropertyCustomizer (OnBeanCondition)

   SpringDocConfiguration#springdocBeanFactoryPostProcessor:
      Did not match:
         - AnyNestedCondition 0 matched 2 did not; NestedCondition on CacheOrGroupedOpenApiCondition.OnCacheDisabled found non-matching nested conditions @ConditionalOnProperty (springdoc.cache.disabled) did not find property 'springdoc.cache.disabled'; NestedCondition on CacheOrGroupedOpenApiCondition.OnMultipleOpenApiSupportCondition AnyNestedCondition 0 matched 2 did not; NestedCondition on MultipleOpenApiSupportCondition.OnActuatorDifferentPort @ConditionalOnProperty (springdoc.show-actuator) did not find property 'springdoc.show-actuator'; NestedCondition on MultipleOpenApiSupportCondition.OnMultipleOpenApiSupportCondition AnyNestedCondition 0 matched 3 did not; NestedCondition on MultipleOpenApiGroupsCondition.OnListGroupedOpenApiBean @ConditionalOnBean (types: org.springdoc.core.models.GroupedOpenApi; SearchStrategy: all) did not find any beans of type org.springdoc.core.models.GroupedOpenApi; NestedCondition on MultipleOpenApiGroupsCondition.OnGroupConfigProperty @ConditionalOnProperty (springdoc.group-configs[0].group) did not find property 'springdoc.group-configs[0].group'; NestedCondition on MultipleOpenApiGroupsCondition.OnGroupedOpenApiBean @ConditionalOnBean (types: org.springdoc.core.models.GroupedOpenApi; SearchStrategy: all) did not find any beans of type org.springdoc.core.models.GroupedOpenApi (CacheOrGroupedOpenApiCondition)
      Matched:
         - @ConditionalOnClass found required class 'org.springframework.boot.context.properties.bind.BindResult' (OnClassCondition)

   SpringDocConfiguration#springdocBeanFactoryPostProcessor2:
      Did not match:
         - @ConditionalOnMissingClass found unwanted class 'org.springframework.boot.context.properties.bind.BindResult' (OnClassCondition)

   SpringDocConfiguration.SpringDocActuatorConfiguration:
      Did not match:
         - @ConditionalOnClass did not find required class 'org.springframework.boot.actuate.autoconfigure.endpoint.web.WebEndpointProperties' (OnClassCondition)

   SpringDocConfiguration.SpringDocRepositoryRestConfiguration:
      Did not match:
         - @ConditionalOnClass did not find required class 'org.springframework.data.rest.core.config.RepositoryRestConfiguration' (OnClassCondition)

   SpringDocConfiguration.SpringDocWebFluxSupportConfiguration:
      Did not match:
         - @ConditionalOnClass did not find required class 'reactor.core.publisher.Flux' (OnClassCondition)

   SpringDocDataRestConfiguration:
      Did not match:
         - @ConditionalOnClass did not find required class 'org.springframework.data.rest.core.config.RepositoryRestConfiguration' (OnClassCondition)

   SpringDocFunctionCatalogConfiguration:
      Did not match:
         - @ConditionalOnClass did not find required class 'org.springframework.cloud.function.web.function.FunctionEndpointInitializer' (OnClassCondition)

   SpringDocGroovyConfiguration:
      Did not match:
         - @ConditionalOnClass did not find required class 'groovy.lang.MetaClass' (OnClassCondition)

   SpringDocHateoasConfiguration:
      Did not match:
         - @ConditionalOnClass did not find required class 'org.springframework.hateoas.server.LinkRelationProvider' (OnClassCondition)

   SpringDocJacksonKotlinModuleConfiguration:
      Did not match:
         - @ConditionalOnClass did not find required class 'com.fasterxml.jackson.module.kotlin.KotlinModule' (OnClassCondition)

   SpringDocJavadocConfiguration:
      Did not match:
         - @ConditionalOnClass did not find required class 'com.github.therapi.runtimejavadoc.CommentFormatter' (OnClassCondition)

   SpringDocKotlinConfiguration:
      Did not match:
         - @ConditionalOnClass did not find required class 'kotlin.coroutines.Continuation' (OnClassCondition)

   SpringDocKotlinxConfiguration:
      Did not match:
         - @ConditionalOnClass did not find required class 'kotlinx.coroutines.flow.Flow' (OnClassCondition)

   SpringDocSecurityConfiguration.SpringDocSecurityOAuth2ClientConfiguration:
      Did not match:
         - @ConditionalOnClass did not find required class 'org.springframework.security.oauth2.client.annotation.RegisteredOAuth2AuthorizedClient' (OnClassCondition)

   SpringDocSecurityConfiguration.SpringDocSecurityOAuth2Configuration:
      Did not match:
         - @ConditionalOnClass did not find required class 'org.springframework.security.oauth2.server.authorization.OAuth2AuthorizationService' (OnClassCondition)

   SpringDocSecurityConfiguration.SpringSecurityLoginEndpointConfiguration#springSecurityLoginEndpointCustomizer:
      Did not match:
         - @ConditionalOnProperty (springdoc.show-login-endpoint) did not find property 'springdoc.show-login-endpoint' (OnPropertyCondition)

   SpringDocSortConfiguration#dataRestDelegatingMethodParameterCustomizer:
      Did not match:
         - @ConditionalOnMissingBean (types: org.springdoc.core.customizers.DataRestDelegatingMethodParameterCustomizer; SearchStrategy: all) found beans of type 'org.springdoc.core.customizers.DataRestDelegatingMethodParameterCustomizer' dataRestDelegatingMethodParameterCustomizer (OnBeanCondition)

   SpringDocWebMvcConfiguration.SpringDocWebMvcActuatorConfiguration:
      Did not match:
         - @ConditionalOnClass did not find required class 'org.springframework.boot.actuate.endpoint.web.servlet.WebMvcEndpointHandlerMapping' (OnClassCondition)

   SwaggerConfig#springWebProvider:
      Did not match:
         - @ConditionalOnMissingBean (types: org.springdoc.core.providers.SpringWebProvider; SearchStrategy: all) found beans of type 'org.springdoc.core.providers.SpringWebProvider' springWebProvider (OnBeanCondition)

   SwaggerConfig#swaggerUiHome:
      Did not match:
         - @ConditionalOnProperty (springdoc.swagger-ui.use-root-path=true) did not find property 'springdoc.swagger-ui.use-root-path' (OnPropertyCondition)

   SwaggerConfig.SwaggerActuatorWelcomeConfiguration:
      Did not match:
         - @ConditionalOnClass did not find required class 'org.springframework.boot.actuate.endpoint.web.servlet.WebMvcEndpointHandlerMapping' (OnClassCondition)

   TaskExecutorConfigurations.SimpleAsyncTaskExecutorBuilderConfiguration#simpleAsyncTaskExecutorBuilderVirtualThreads:
      Did not match:
         - @ConditionalOnMissingBean (types: org.springframework.boot.task.SimpleAsyncTaskExecutorBuilder; SearchStrategy: all) found beans of type 'org.springframework.boot.task.SimpleAsyncTaskExecutorBuilder' simpleAsyncTaskExecutorBuilder (OnBeanCondition)

   TaskExecutorConfigurations.TaskExecutorConfiguration#applicationTaskExecutorVirtualThreads:
      Did not match:
         - @ConditionalOnThreading did not find VIRTUAL (OnThreadingCondition)

   TaskSchedulingAutoConfiguration#scheduledBeanLazyInitializationExcludeFilter:
      Did not match:
         - @ConditionalOnBean (names: org.springframework.context.annotation.internalScheduledAnnotationProcessor; SearchStrategy: all) did not find any beans named org.springframework.context.annotation.internalScheduledAnnotationProcessor (OnBeanCondition)

   TaskSchedulingConfigurations.SimpleAsyncTaskSchedulerBuilderConfiguration#simpleAsyncTaskSchedulerBuilderVirtualThreads:
      Did not match:
         - @ConditionalOnMissingBean (types: org.springframework.boot.task.SimpleAsyncTaskSchedulerBuilder; SearchStrategy: all) found beans of type 'org.springframework.boot.task.SimpleAsyncTaskSchedulerBuilder' simpleAsyncTaskSchedulerBuilder (OnBeanCondition)

   TaskSchedulingConfigurations.TaskSchedulerConfiguration:
      Did not match:
         - @ConditionalOnBean (names: org.springframework.context.annotation.internalScheduledAnnotationProcessor; SearchStrategy: all) did not find any beans named org.springframework.context.annotation.internalScheduledAnnotationProcessor (OnBeanCondition)

   ThymeleafAutoConfiguration:
      Did not match:
         - @ConditionalOnClass did not find required class 'org.thymeleaf.spring6.SpringTemplateEngine' (OnClassCondition)

   TransactionAutoConfiguration#transactionalOperator:
      Did not match:
         - @ConditionalOnSingleCandidate (types: org.springframework.transaction.ReactiveTransactionManager; SearchStrategy: all) did not find any beans (OnBeanCondition)

   TransactionAutoConfiguration.AspectJTransactionManagementConfiguration:
      Did not match:
         - @ConditionalOnBean (types: org.springframework.transaction.aspectj.AbstractTransactionAspect; SearchStrategy: all) did not find any beans of type org.springframework.transaction.aspectj.AbstractTransactionAspect (OnBeanCondition)

   TransactionAutoConfiguration.EnableTransactionManagementConfiguration.JdkDynamicAutoProxyConfiguration:
      Did not match:
         - @ConditionalOnBooleanProperty (spring.aop.proxy-target-class=false) did not find property 'spring.aop.proxy-target-class' (OnPropertyCondition)

   WebClientAutoConfiguration:
      Did not match:
         - @ConditionalOnClass did not find required class 'org.springframework.web.reactive.function.client.WebClient' (OnClassCondition)

   WebFluxAutoConfiguration:
      Did not match:
         - @ConditionalOnClass did not find required class 'org.springframework.web.reactive.config.WebFluxConfigurer' (OnClassCondition)

   WebMvcAutoConfiguration#hiddenHttpMethodFilter:
      Did not match:
         - @ConditionalOnBooleanProperty (spring.mvc.hiddenmethod.filter.enabled=true) did not find property 'spring.mvc.hiddenmethod.filter.enabled' (OnPropertyCondition)

   WebMvcAutoConfiguration.ProblemDetailsErrorHandlingConfiguration:
      Did not match:
         - @ConditionalOnBooleanProperty (spring.mvc.problemdetails.enabled=true) did not find property 'spring.mvc.problemdetails.enabled' (OnPropertyCondition)

   WebMvcAutoConfiguration.WebMvcAutoConfigurationAdapter#beanNameViewResolver:
      Did not match:
         - @ConditionalOnMissingBean (types: org.springframework.web.servlet.view.BeanNameViewResolver; SearchStrategy: all) found beans of type 'org.springframework.web.servlet.view.BeanNameViewResolver' beanNameViewResolver (OnBeanCondition)

   WebServiceTemplateAutoConfiguration:
      Did not match:
         - @ConditionalOnClass did not find required class 'org.springframework.oxm.Marshaller' (OnClassCondition)

   WebServicesAutoConfiguration:
      Did not match:
         - @ConditionalOnClass did not find required class 'org.springframework.ws.transport.http.MessageDispatcherServlet' (OnClassCondition)

   WebSessionIdResolverAutoConfiguration:
      Did not match:
         - @ConditionalOnClass did not find required class 'reactor.core.publisher.Mono' (OnClassCondition)

   WebSocketMessagingAutoConfiguration:
      Did not match:
         - @ConditionalOnClass did not find required class 'org.springframework.web.socket.config.annotation.WebSocketMessageBrokerConfigurer' (OnClassCondition)

   WebSocketReactiveAutoConfiguration:
      Did not match:
         - @ConditionalOnWebApplication did not find reactive web application classes (OnWebApplicationCondition)

   WebSocketServletAutoConfiguration.JettyWebSocketConfiguration:
      Did not match:
         - @ConditionalOnClass did not find required class 'org.eclipse.jetty.ee10.websocket.jakarta.server.config.JakartaWebSocketServletContainerInitializer' (OnClassCondition)

   WebSocketServletAutoConfiguration.UndertowWebSocketConfiguration:
      Did not match:
         - @ConditionalOnClass did not find required class 'io.undertow.websockets.jsr.Bootstrap' (OnClassCondition)

   XADataSourceAutoConfiguration:
      Did not match:
         - @ConditionalOnBean (types: org.springframework.boot.jdbc.XADataSourceWrapper; SearchStrategy: all) did not find any beans of type org.springframework.boot.jdbc.XADataSourceWrapper (OnBeanCondition)
      Matched:
         - @ConditionalOnClass found required classes 'javax.sql.DataSource', 'jakarta.transaction.TransactionManager', 'org.springframework.jdbc.datasource.embedded.EmbeddedDatabaseType' (OnClassCondition)


Exclusions:
-----------

    None


Unconditional classes:
----------------------

    org.springframework.boot.autoconfigure.context.ConfigurationPropertiesAutoConfiguration

    org.springframework.boot.autoconfigure.ssl.SslAutoConfiguration

    org.springframework.boot.autoconfigure.context.PropertyPlaceholderAutoConfiguration

    org.springframework.boot.autoconfigure.context.LifecycleAutoConfiguration

    org.springdoc.core.configuration.SpringDocSpecPropertiesConfiguration

    org.springframework.boot.autoconfigure.availability.ApplicationAvailabilityAutoConfiguration

    org.springframework.boot.autoconfigure.info.ProjectInfoAutoConfiguration



2025-11-07 21:49:38 INFO  [main] ProductApplication - Started ProductApplication in 12.752 seconds (process running for 14.662)
2025-11-07 21:49:38 DEBUG [main] ApplicationAvailabilityBean - Application availability state LivenessState changed to CORRECT
2025-11-07 21:49:38 DEBUG [main] ApplicationAvailabilityBean - Application availability state ReadinessState changed to ACCEPTING_TRAFFIC
2025-11-07 21:50:03 DEBUG [HikariPool-1:housekeeper] HikariPool - HikariPool-1 - Pool stats (total=10/10, idle=10/10, active=0, waiting=0)
2025-11-07 21:50:03 DEBUG [HikariPool-1:housekeeper] HikariPool - HikariPool-1 - Fill pool skipped, pool has sufficient level or currently being filled.
2025-11-07 21:50:33 DEBUG [HikariPool-1:housekeeper] HikariPool - HikariPool-1 - Pool stats (total=10/10, idle=10/10, active=0, waiting=0)
2025-11-07 21:50:33 DEBUG [HikariPool-1:housekeeper] HikariPool - HikariPool-1 - Fill pool skipped, pool has sufficient level or currently being filled.
2025-11-07 21:51:02 INFO  [http-nio-8080-exec-2] DispatcherServlet - Initializing Servlet 'dispatcherServlet'
2025-11-07 21:51:02 DEBUG [http-nio-8080-exec-2] DispatcherServlet - Detected StandardServletMultipartResolver
2025-11-07 21:51:02 DEBUG [http-nio-8080-exec-2] DispatcherServlet - Detected AcceptHeaderLocaleResolver
2025-11-07 21:51:02 DEBUG [http-nio-8080-exec-2] DispatcherServlet - Detected FixedThemeResolver
2025-11-07 21:51:02 DEBUG [http-nio-8080-exec-2] DispatcherServlet - Detected org.springframework.web.servlet.view.DefaultRequestToViewNameTranslator@17d5138
2025-11-07 21:51:02 DEBUG [http-nio-8080-exec-2] DispatcherServlet - Detected org.springframework.web.servlet.support.SessionFlashMapManager@1201c2f6
2025-11-07 21:51:02 DEBUG [http-nio-8080-exec-2] DispatcherServlet - enableLoggingRequestDetails='false': request parameters and headers will be masked to prevent unsafe logging of potentially sensitive data
2025-11-07 21:51:02 INFO  [http-nio-8080-exec-2] DispatcherServlet - Completed initialization in 2 ms
2025-11-07 21:51:02 DEBUG [http-nio-8080-exec-2] FilterChainProxy - Securing PUT /users/update
2025-11-07 21:51:02 DEBUG [http-nio-8080-exec-2] FilterChainProxy - Secured PUT /users/update
2025-11-07 21:51:02 DEBUG [http-nio-8080-exec-2] DispatcherServlet - PUT "/users/update", parameters={}
2025-11-07 21:51:02 DEBUG [http-nio-8080-exec-2] RequestMappingHandlerMapping - Mapped to com.codecraft.product.controller.UserController#updateUser(UserUpdateModel)
2025-11-07 21:51:02 DEBUG [http-nio-8080-exec-2] OpenEntityManagerInViewInterceptor - Opening JPA EntityManager in OpenEntityManagerInViewInterceptor
2025-11-07 21:51:02 DEBUG [http-nio-8080-exec-2] RequestResponseBodyMethodProcessor - Read "application/json;charset=UTF-8" to [com.codecraft.product.web.model.UserUpdateModel@3e817996]
2025-11-07 21:51:02 INFO  [http-nio-8080-exec-2] UserService - Actualizando usuario ID: 12 por procedimiento almacenado
2025-11-07 21:51:02 DEBUG [http-nio-8080-exec-2] SimpleJdbcCall - JdbcCall call not compiled before execution - invoking compile
2025-11-07 21:51:02 DEBUG [http-nio-8080-exec-2] DataSourceUtils - Fetching JDBC Connection from DataSource
2025-11-07 21:51:02 DEBUG [http-nio-8080-exec-2] CallMetaDataProviderFactory - Using org.springframework.jdbc.core.metadata.GenericCallMetaDataProvider
2025-11-07 21:51:02 DEBUG [http-nio-8080-exec-2] CallMetaDataProvider - Retrieving meta-data for null/null/usuariomod
2025-11-07 21:51:03 DEBUG [http-nio-8080-exec-2] CallMetaDataProvider - Retrieving column meta-data for procedure null/null/usuariomod
2025-11-07 21:51:03 DEBUG [http-nio-8080-exec-2] CallMetaDataProvider - Retrieved meta-data: p_usuarioId 1 4 INT true
2025-11-07 21:51:03 DEBUG [http-nio-8080-exec-2] CallMetaDataProvider - Retrieved meta-data: p_primerNombre 1 12 VARCHAR true
2025-11-07 21:51:03 DEBUG [http-nio-8080-exec-2] CallMetaDataProvider - Retrieved meta-data: p_apellidoPaterno 1 12 VARCHAR true
2025-11-07 21:51:03 DEBUG [http-nio-8080-exec-2] CallMetaDataProvider - Retrieved meta-data: p_apellidoMaterno 1 12 VARCHAR true
2025-11-07 21:51:03 DEBUG [http-nio-8080-exec-2] CallMetaDataProvider - Retrieved meta-data: p_fechaNacimiento 1 91 DATE true
2025-11-07 21:51:03 DEBUG [http-nio-8080-exec-2] CallMetaDataProvider - Retrieved meta-data: p_genero 1 1 CHAR true
2025-11-07 21:51:03 DEBUG [http-nio-8080-exec-2] CallMetaDataProvider - Retrieved meta-data: p_estadoNacimiento 1 12 VARCHAR true
2025-11-07 21:51:03 DEBUG [http-nio-8080-exec-2] CallMetaDataProvider - Retrieved meta-data: p_fechaActualizacion 1 93 DATETIME true
2025-11-07 21:51:03 DEBUG [http-nio-8080-exec-2] CallMetaDataContext - Added meta-data in parameter for 'p_usuarioid'
2025-11-07 21:51:03 DEBUG [http-nio-8080-exec-2] CallMetaDataContext - Added meta-data in parameter for 'p_primernombre'
2025-11-07 21:51:03 DEBUG [http-nio-8080-exec-2] CallMetaDataContext - Added meta-data in parameter for 'p_apellidopaterno'
2025-11-07 21:51:03 DEBUG [http-nio-8080-exec-2] CallMetaDataContext - Added meta-data in parameter for 'p_apellidomaterno'
2025-11-07 21:51:03 DEBUG [http-nio-8080-exec-2] CallMetaDataContext - Added meta-data in parameter for 'p_fechanacimiento'
2025-11-07 21:51:03 DEBUG [http-nio-8080-exec-2] CallMetaDataContext - Added meta-data in parameter for 'p_genero'
2025-11-07 21:51:03 DEBUG [http-nio-8080-exec-2] CallMetaDataContext - Added meta-data in parameter for 'p_estadonacimiento'
2025-11-07 21:51:03 DEBUG [http-nio-8080-exec-2] CallMetaDataContext - Added meta-data in parameter for 'p_fechaactualizacion'
2025-11-07 21:51:03 DEBUG [http-nio-8080-exec-2] SimpleJdbcCall - Compiled stored procedure. Call string is [{call usuariomod(?, ?, ?, ?, ?, ?, ?, ?)}]
2025-11-07 21:51:03 DEBUG [http-nio-8080-exec-2] SimpleJdbcCall - SqlCall for procedure [USUARIOMOD] compiled
2025-11-07 21:51:03 DEBUG [http-nio-8080-exec-2] CallMetaDataContext - Matching [p_estadoNacimiento, p_primerNombre, p_usuarioId, p_fechaActualizacion, p_fechaNacimiento, p_apellidoPaterno, p_genero, p_apellidoMaterno] with [p_primernombre, p_fechanacimiento, p_fechaactualizacion, p_apellidopaterno, p_apellidomaterno, p_genero, p_estadonacimiento, p_usuarioid]
2025-11-07 21:51:03 DEBUG [http-nio-8080-exec-2] CallMetaDataContext - Found match for [p_primernombre, p_fechanacimiento, p_fechaactualizacion, p_apellidopaterno, p_genero, p_apellidomaterno, p_estadonacimiento, p_usuarioid]
2025-11-07 21:51:03 DEBUG [http-nio-8080-exec-2] SimpleJdbcCall - The following parameters are used for call {call usuariomod(?, ?, ?, ?, ?, ?, ?, ?)} with {p_primernombre=Juan, p_fechanacimiento=1996-07-25, p_fechaactualizacion=2025-11-07 21:51:02.9687664, p_apellidopaterno=Perez, p_genero=H, p_apellidomaterno=Garcia, p_estadonacimiento=Cdmx, p_usuarioid=12}
2025-11-07 21:51:03 DEBUG [http-nio-8080-exec-2] SimpleJdbcCall - 1: p_usuarioid, SQL type 4, type name null, parameter class [org.springframework.jdbc.core.SqlParameter]
2025-11-07 21:51:03 DEBUG [http-nio-8080-exec-2] SimpleJdbcCall - 2: p_primernombre, SQL type 12, type name null, parameter class [org.springframework.jdbc.core.SqlParameter]
2025-11-07 21:51:03 DEBUG [http-nio-8080-exec-2] SimpleJdbcCall - 3: p_apellidopaterno, SQL type 12, type name null, parameter class [org.springframework.jdbc.core.SqlParameter]
2025-11-07 21:51:03 DEBUG [http-nio-8080-exec-2] SimpleJdbcCall - 4: p_apellidomaterno, SQL type 12, type name null, parameter class [org.springframework.jdbc.core.SqlParameter]
2025-11-07 21:51:03 DEBUG [http-nio-8080-exec-2] SimpleJdbcCall - 5: p_fechanacimiento, SQL type 91, type name null, parameter class [org.springframework.jdbc.core.SqlParameter]
2025-11-07 21:51:03 DEBUG [http-nio-8080-exec-2] SimpleJdbcCall - 6: p_genero, SQL type 1, type name null, parameter class [org.springframework.jdbc.core.SqlParameter]
2025-11-07 21:51:03 DEBUG [http-nio-8080-exec-2] SimpleJdbcCall - 7: p_estadonacimiento, SQL type 12, type name null, parameter class [org.springframework.jdbc.core.SqlParameter]
2025-11-07 21:51:03 DEBUG [http-nio-8080-exec-2] SimpleJdbcCall - 8: p_fechaactualizacion, SQL type 93, type name null, parameter class [org.springframework.jdbc.core.SqlParameter]
2025-11-07 21:51:03 DEBUG [http-nio-8080-exec-2] JdbcTemplate - Calling stored procedure [{call usuariomod(?, ?, ?, ?, ?, ?, ?, ?)}]
2025-11-07 21:51:03 DEBUG [http-nio-8080-exec-2] DataSourceUtils - Fetching JDBC Connection from DataSource
2025-11-07 21:51:03 DEBUG [http-nio-8080-exec-2] RequestResponseBodyMethodProcessor - Using 'application/json', given [*/*] and supported [application/json, application/*+json, application/yaml]
2025-11-07 21:51:03 DEBUG [http-nio-8080-exec-2] RequestResponseBodyMethodProcessor - Writing [com.codecraft.product.web.model.UserModel@25160518]
2025-11-07 21:51:03 DEBUG [http-nio-8080-exec-2] OpenEntityManagerInViewInterceptor - Closing JPA EntityManager in OpenEntityManagerInViewInterceptor
2025-11-07 21:51:03 DEBUG [http-nio-8080-exec-2] DispatcherServlet - Completed 200 OK
2025-11-07 21:51:03 DEBUG [http-nio-8080-exec-2] AnonymousAuthenticationFilter - Set SecurityContextHolder to anonymous SecurityContext
2025-11-07 21:51:03 DEBUG [HikariPool-1:housekeeper] HikariPool - HikariPool-1 - Pool stats (total=10/10, idle=10/10, active=0, waiting=0)
2025-11-07 21:51:03 DEBUG [HikariPool-1:housekeeper] HikariPool - HikariPool-1 - Fill pool skipped, pool has sufficient level or currently being filled.
2025-11-07 21:51:10 DEBUG [HikariPool-1:housekeeper] HikariPool - HikariPool-1 - keepalive: connection com.mysql.cj.jdbc.ConnectionImpl@1793d6a5 is alive
2025-11-07 21:51:14 DEBUG [HikariPool-1:housekeeper] HikariPool - HikariPool-1 - keepalive: connection com.mysql.cj.jdbc.ConnectionImpl@6468186d is alive
2025-11-07 21:51:20 DEBUG [HikariPool-1:housekeeper] HikariPool - HikariPool-1 - keepalive: connection com.mysql.cj.jdbc.ConnectionImpl@7c02b3cb is alive
2025-11-07 21:51:20 DEBUG [HikariPool-1:housekeeper] HikariPool - HikariPool-1 - keepalive: connection com.mysql.cj.jdbc.ConnectionImpl@1f905637 is alive
2025-11-07 21:51:23 DEBUG [HikariPool-1:housekeeper] HikariPool - HikariPool-1 - keepalive: connection com.mysql.cj.jdbc.ConnectionImpl@771e0bcc is alive
2025-11-07 21:51:23 DEBUG [HikariPool-1:housekeeper] HikariPool - HikariPool-1 - keepalive: connection com.mysql.cj.jdbc.ConnectionImpl@9813027 is alive
2025-11-07 21:51:24 DEBUG [HikariPool-1:housekeeper] HikariPool - HikariPool-1 - keepalive: connection com.mysql.cj.jdbc.ConnectionImpl@12334561 is alive
2025-11-07 21:51:25 DEBUG [HikariPool-1:housekeeper] HikariPool - HikariPool-1 - keepalive: connection com.mysql.cj.jdbc.ConnectionImpl@32830e11 is alive
2025-11-07 21:51:25 DEBUG [HikariPool-1:housekeeper] HikariPool - HikariPool-1 - keepalive: connection com.mysql.cj.jdbc.ConnectionImpl@44f8ee55 is alive
2025-11-07 21:51:29 DEBUG [HikariPool-1:housekeeper] HikariPool - HikariPool-1 - keepalive: connection com.mysql.cj.jdbc.ConnectionImpl@3db82764 is alive
2025-11-07 21:51:33 DEBUG [HikariPool-1:housekeeper] HikariPool - HikariPool-1 - Pool stats (total=10/10, idle=10/10, active=0, waiting=0)
2025-11-07 21:51:33 DEBUG [HikariPool-1:housekeeper] HikariPool - HikariPool-1 - Fill pool skipped, pool has sufficient level or currently being filled.
2025-11-07 21:51:35 DEBUG [http-nio-8080-exec-3] FilterChainProxy - Securing PUT /users/update
2025-11-07 21:51:35 DEBUG [http-nio-8080-exec-3] FilterChainProxy - Secured PUT /users/update
2025-11-07 21:51:35 DEBUG [http-nio-8080-exec-3] DispatcherServlet - PUT "/users/update", parameters={}
2025-11-07 21:51:35 DEBUG [http-nio-8080-exec-3] RequestMappingHandlerMapping - Mapped to com.codecraft.product.controller.UserController#updateUser(UserUpdateModel)
2025-11-07 21:51:35 DEBUG [http-nio-8080-exec-3] OpenEntityManagerInViewInterceptor - Opening JPA EntityManager in OpenEntityManagerInViewInterceptor
2025-11-07 21:51:35 DEBUG [http-nio-8080-exec-3] RequestResponseBodyMethodProcessor - Read "application/json;charset=UTF-8" to [com.codecraft.product.web.model.UserUpdateModel@7a27cdd7]
2025-11-07 21:51:35 INFO  [http-nio-8080-exec-3] UserService - Actualizando usuario ID: 1 por procedimiento almacenado
2025-11-07 21:51:35 DEBUG [http-nio-8080-exec-3] SimpleJdbcCall - JdbcCall call not compiled before execution - invoking compile
2025-11-07 21:51:35 DEBUG [http-nio-8080-exec-3] DataSourceUtils - Fetching JDBC Connection from DataSource
2025-11-07 21:51:35 DEBUG [http-nio-8080-exec-3] CallMetaDataProviderFactory - Using org.springframework.jdbc.core.metadata.GenericCallMetaDataProvider
2025-11-07 21:51:35 DEBUG [http-nio-8080-exec-3] CallMetaDataProvider - Retrieving meta-data for null/null/usuariomod
2025-11-07 21:51:35 DEBUG [http-nio-8080-exec-3] CallMetaDataProvider - Retrieving column meta-data for procedure null/null/usuariomod
2025-11-07 21:51:35 DEBUG [http-nio-8080-exec-3] CallMetaDataProvider - Retrieved meta-data: p_usuarioId 1 4 INT true
2025-11-07 21:51:35 DEBUG [http-nio-8080-exec-3] CallMetaDataProvider - Retrieved meta-data: p_primerNombre 1 12 VARCHAR true
2025-11-07 21:51:35 DEBUG [http-nio-8080-exec-3] CallMetaDataProvider - Retrieved meta-data: p_apellidoPaterno 1 12 VARCHAR true
2025-11-07 21:51:35 DEBUG [http-nio-8080-exec-3] CallMetaDataProvider - Retrieved meta-data: p_apellidoMaterno 1 12 VARCHAR true
2025-11-07 21:51:35 DEBUG [http-nio-8080-exec-3] CallMetaDataProvider - Retrieved meta-data: p_fechaNacimiento 1 91 DATE true
2025-11-07 21:51:35 DEBUG [http-nio-8080-exec-3] CallMetaDataProvider - Retrieved meta-data: p_genero 1 1 CHAR true
2025-11-07 21:51:35 DEBUG [http-nio-8080-exec-3] CallMetaDataProvider - Retrieved meta-data: p_estadoNacimiento 1 12 VARCHAR true
2025-11-07 21:51:35 DEBUG [http-nio-8080-exec-3] CallMetaDataProvider - Retrieved meta-data: p_fechaActualizacion 1 93 DATETIME true
2025-11-07 21:51:35 DEBUG [http-nio-8080-exec-3] CallMetaDataContext - Added meta-data in parameter for 'p_usuarioid'
2025-11-07 21:51:35 DEBUG [http-nio-8080-exec-3] CallMetaDataContext - Added meta-data in parameter for 'p_primernombre'
2025-11-07 21:51:35 DEBUG [http-nio-8080-exec-3] CallMetaDataContext - Added meta-data in parameter for 'p_apellidopaterno'
2025-11-07 21:51:35 DEBUG [http-nio-8080-exec-3] CallMetaDataContext - Added meta-data in parameter for 'p_apellidomaterno'
2025-11-07 21:51:35 DEBUG [http-nio-8080-exec-3] CallMetaDataContext - Added meta-data in parameter for 'p_fechanacimiento'
2025-11-07 21:51:35 DEBUG [http-nio-8080-exec-3] CallMetaDataContext - Added meta-data in parameter for 'p_genero'
2025-11-07 21:51:35 DEBUG [http-nio-8080-exec-3] CallMetaDataContext - Added meta-data in parameter for 'p_estadonacimiento'
2025-11-07 21:51:35 DEBUG [http-nio-8080-exec-3] CallMetaDataContext - Added meta-data in parameter for 'p_fechaactualizacion'
2025-11-07 21:51:35 DEBUG [http-nio-8080-exec-3] SimpleJdbcCall - Compiled stored procedure. Call string is [{call usuariomod(?, ?, ?, ?, ?, ?, ?, ?)}]
2025-11-07 21:51:35 DEBUG [http-nio-8080-exec-3] SimpleJdbcCall - SqlCall for procedure [USUARIOMOD] compiled
2025-11-07 21:51:35 DEBUG [http-nio-8080-exec-3] CallMetaDataContext - Matching [p_estadoNacimiento, p_primerNombre, p_usuarioId, p_fechaActualizacion, p_fechaNacimiento, p_apellidoPaterno, p_genero, p_apellidoMaterno] with [p_primernombre, p_fechanacimiento, p_fechaactualizacion, p_apellidopaterno, p_apellidomaterno, p_genero, p_estadonacimiento, p_usuarioid]
2025-11-07 21:51:35 DEBUG [http-nio-8080-exec-3] CallMetaDataContext - Found match for [p_primernombre, p_fechanacimiento, p_fechaactualizacion, p_apellidopaterno, p_genero, p_apellidomaterno, p_estadonacimiento, p_usuarioid]
2025-11-07 21:51:35 DEBUG [http-nio-8080-exec-3] SimpleJdbcCall - The following parameters are used for call {call usuariomod(?, ?, ?, ?, ?, ?, ?, ?)} with {p_primernombre=Juan, p_fechanacimiento=1996-07-25, p_fechaactualizacion=2025-11-07 21:51:35.1102646, p_apellidopaterno=Perez, p_genero=H, p_apellidomaterno=Garcia, p_estadonacimiento=Cdmx, p_usuarioid=1}
2025-11-07 21:51:35 DEBUG [http-nio-8080-exec-3] SimpleJdbcCall - 1: p_usuarioid, SQL type 4, type name null, parameter class [org.springframework.jdbc.core.SqlParameter]
2025-11-07 21:51:35 DEBUG [http-nio-8080-exec-3] SimpleJdbcCall - 2: p_primernombre, SQL type 12, type name null, parameter class [org.springframework.jdbc.core.SqlParameter]
2025-11-07 21:51:35 DEBUG [http-nio-8080-exec-3] SimpleJdbcCall - 3: p_apellidopaterno, SQL type 12, type name null, parameter class [org.springframework.jdbc.core.SqlParameter]
2025-11-07 21:51:35 DEBUG [http-nio-8080-exec-3] SimpleJdbcCall - 4: p_apellidomaterno, SQL type 12, type name null, parameter class [org.springframework.jdbc.core.SqlParameter]
2025-11-07 21:51:35 DEBUG [http-nio-8080-exec-3] SimpleJdbcCall - 5: p_fechanacimiento, SQL type 91, type name null, parameter class [org.springframework.jdbc.core.SqlParameter]
2025-11-07 21:51:35 DEBUG [http-nio-8080-exec-3] SimpleJdbcCall - 6: p_genero, SQL type 1, type name null, parameter class [org.springframework.jdbc.core.SqlParameter]
2025-11-07 21:51:35 DEBUG [http-nio-8080-exec-3] SimpleJdbcCall - 7: p_estadonacimiento, SQL type 12, type name null, parameter class [org.springframework.jdbc.core.SqlParameter]
2025-11-07 21:51:35 DEBUG [http-nio-8080-exec-3] SimpleJdbcCall - 8: p_fechaactualizacion, SQL type 93, type name null, parameter class [org.springframework.jdbc.core.SqlParameter]
2025-11-07 21:51:35 DEBUG [http-nio-8080-exec-3] JdbcTemplate - Calling stored procedure [{call usuariomod(?, ?, ?, ?, ?, ?, ?, ?)}]
2025-11-07 21:51:35 DEBUG [http-nio-8080-exec-3] DataSourceUtils - Fetching JDBC Connection from DataSource
2025-11-07 21:51:35 ERROR [http-nio-8080-exec-3] ProcedureResultAddConverter - Error en alta de entidad: 40401 - Usuario no encontrado
2025-11-07 21:51:35 DEBUG [http-nio-8080-exec-3] ExceptionHandlerExceptionResolver - Using @ExceptionHandler com.codecraft.product.exception.ProductExceptionHandler#handleResourceNotFound(ResourceNotFoundGlobalException)
2025-11-07 21:51:35 ERROR [http-nio-8080-exec-3] ProductExceptionHandler - Recurso no encontrado: Usuario no encontrado
2025-11-07 21:51:35 DEBUG [http-nio-8080-exec-3] HttpEntityMethodProcessor - Using 'application/json', given [*/*] and supported [application/json, application/*+json, application/yaml]
2025-11-07 21:51:35 DEBUG [http-nio-8080-exec-3] HttpEntityMethodProcessor - Writing [com.codecraft.product.exception.ErrorResponse@7782fdfa]
2025-11-07 21:51:35 DEBUG [http-nio-8080-exec-3] ExceptionHandlerExceptionResolver - Resolved [com.codecraft.product.exception.ResourceNotFoundGlobalException: Usuario no encontrado]
2025-11-07 21:51:35 DEBUG [http-nio-8080-exec-3] OpenEntityManagerInViewInterceptor - Closing JPA EntityManager in OpenEntityManagerInViewInterceptor
2025-11-07 21:51:35 DEBUG [http-nio-8080-exec-3] DispatcherServlet - Completed 404 NOT_FOUND
2025-11-07 21:51:35 DEBUG [http-nio-8080-exec-3] AnonymousAuthenticationFilter - Set SecurityContextHolder to anonymous SecurityContext
2025-11-07 21:52:03 DEBUG [HikariPool-1:housekeeper] HikariPool - HikariPool-1 - Pool stats (total=10/10, idle=10/10, active=0, waiting=0)
2025-11-07 21:52:03 DEBUG [HikariPool-1:housekeeper] HikariPool - HikariPool-1 - Fill pool skipped, pool has sufficient level or currently being filled.
2025-11-07 21:52:33 DEBUG [HikariPool-1:housekeeper] HikariPool - HikariPool-1 - Pool stats (total=10/10, idle=10/10, active=0, waiting=0)
2025-11-07 21:52:33 DEBUG [HikariPool-1:housekeeper] HikariPool - HikariPool-1 - Fill pool skipped, pool has sufficient level or currently being filled.
2025-11-07 21:52:47 DEBUG [HikariPool-1:housekeeper] HikariPool - HikariPool-1 - keepalive: connection com.mysql.cj.jdbc.ConnectionImpl@1793d6a5 is alive
2025-11-07 21:52:54 DEBUG [HikariPool-1:housekeeper] HikariPool - HikariPool-1 - keepalive: connection com.mysql.cj.jdbc.ConnectionImpl@6468186d is alive
2025-11-07 21:53:03 DEBUG [HikariPool-1:housekeeper] HikariPool - HikariPool-1 - Pool stats (total=10/10, idle=10/10, active=0, waiting=0)
2025-11-07 21:53:03 DEBUG [HikariPool-1:housekeeper] HikariPool - HikariPool-1 - Fill pool skipped, pool has sufficient level or currently being filled.
2025-11-07 21:53:06 DEBUG [HikariPool-1:housekeeper] HikariPool - HikariPool-1 - keepalive: connection com.mysql.cj.jdbc.ConnectionImpl@1f905637 is alive
2025-11-07 21:53:07 DEBUG [HikariPool-1:housekeeper] HikariPool - HikariPool-1 - keepalive: connection com.mysql.cj.jdbc.ConnectionImpl@7c02b3cb is alive
2025-11-07 21:53:13 DEBUG [HikariPool-1:housekeeper] HikariPool - HikariPool-1 - keepalive: connection com.mysql.cj.jdbc.ConnectionImpl@771e0bcc is alive
2025-11-07 21:53:13 DEBUG [HikariPool-1:housekeeper] HikariPool - HikariPool-1 - keepalive: connection com.mysql.cj.jdbc.ConnectionImpl@9813027 is alive
2025-11-07 21:53:16 DEBUG [HikariPool-1:housekeeper] HikariPool - HikariPool-1 - keepalive: connection com.mysql.cj.jdbc.ConnectionImpl@12334561 is alive
2025-11-07 21:53:17 DEBUG [HikariPool-1:housekeeper] HikariPool - HikariPool-1 - keepalive: connection com.mysql.cj.jdbc.ConnectionImpl@32830e11 is alive
2025-11-07 21:53:18 DEBUG [HikariPool-1:housekeeper] HikariPool - HikariPool-1 - keepalive: connection com.mysql.cj.jdbc.ConnectionImpl@44f8ee55 is alive
2025-11-07 21:53:25 DEBUG [HikariPool-1:housekeeper] HikariPool - HikariPool-1 - keepalive: connection com.mysql.cj.jdbc.ConnectionImpl@3db82764 is alive
2025-11-07 21:53:33 DEBUG [HikariPool-1:housekeeper] HikariPool - HikariPool-1 - Pool stats (total=10/10, idle=10/10, active=0, waiting=0)
2025-11-07 21:53:33 DEBUG [HikariPool-1:housekeeper] HikariPool - HikariPool-1 - Fill pool skipped, pool has sufficient level or currently being filled.
2025-11-07 21:54:03 DEBUG [HikariPool-1:housekeeper] HikariPool - HikariPool-1 - Pool stats (total=10/10, idle=10/10, active=0, waiting=0)
2025-11-07 21:54:03 DEBUG [HikariPool-1:housekeeper] HikariPool - HikariPool-1 - Fill pool skipped, pool has sufficient level or currently being filled.
2025-11-07 21:54:24 DEBUG [HikariPool-1:housekeeper] HikariPool - HikariPool-1 - keepalive: connection com.mysql.cj.jdbc.ConnectionImpl@1793d6a5 is alive
2025-11-07 21:54:33 DEBUG [HikariPool-1:housekeeper] HikariPool - HikariPool-1 - Pool stats (total=10/10, idle=10/10, active=0, waiting=0)
2025-11-07 21:54:33 DEBUG [HikariPool-1:housekeeper] HikariPool - HikariPool-1 - Fill pool skipped, pool has sufficient level or currently being filled.
2025-11-07 21:54:35 DEBUG [HikariPool-1:housekeeper] HikariPool - HikariPool-1 - keepalive: connection com.mysql.cj.jdbc.ConnectionImpl@6468186d is alive
2025-11-07 21:54:53 DEBUG [HikariPool-1:housekeeper] HikariPool - HikariPool-1 - keepalive: connection com.mysql.cj.jdbc.ConnectionImpl@1f905637 is alive
2025-11-07 21:54:54 DEBUG [HikariPool-1:housekeeper] HikariPool - HikariPool-1 - keepalive: connection com.mysql.cj.jdbc.ConnectionImpl@7c02b3cb is alive
2025-11-07 21:55:03 DEBUG [HikariPool-1:housekeeper] HikariPool - HikariPool-1 - Pool stats (total=10/10, idle=10/10, active=0, waiting=0)
2025-11-07 21:55:03 DEBUG [HikariPool-1:housekeeper] HikariPool - HikariPool-1 - Fill pool skipped, pool has sufficient level or currently being filled.
2025-11-07 21:55:03 DEBUG [HikariPool-1:housekeeper] HikariPool - HikariPool-1 - keepalive: connection com.mysql.cj.jdbc.ConnectionImpl@771e0bcc is alive
2025-11-07 21:55:03 DEBUG [HikariPool-1:housekeeper] HikariPool - HikariPool-1 - keepalive: connection com.mysql.cj.jdbc.ConnectionImpl@9813027 is alive
2025-11-07 21:55:07 DEBUG [HikariPool-1:housekeeper] HikariPool - HikariPool-1 - keepalive: connection com.mysql.cj.jdbc.ConnectionImpl@12334561 is alive
2025-11-07 21:55:10 DEBUG [HikariPool-1:housekeeper] HikariPool - HikariPool-1 - keepalive: connection com.mysql.cj.jdbc.ConnectionImpl@32830e11 is alive
2025-11-07 21:55:11 DEBUG [HikariPool-1:housekeeper] HikariPool - HikariPool-1 - keepalive: connection com.mysql.cj.jdbc.ConnectionImpl@44f8ee55 is alive
2025-11-07 21:55:21 DEBUG [HikariPool-1:housekeeper] HikariPool - HikariPool-1 - keepalive: connection com.mysql.cj.jdbc.ConnectionImpl@3db82764 is alive
2025-11-07 21:55:33 DEBUG [HikariPool-1:housekeeper] HikariPool - HikariPool-1 - Pool stats (total=10/10, idle=10/10, active=0, waiting=0)
2025-11-07 21:55:33 DEBUG [HikariPool-1:housekeeper] HikariPool - HikariPool-1 - Fill pool skipped, pool has sufficient level or currently being filled.
2025-11-07 21:56:01 DEBUG [HikariPool-1:housekeeper] HikariPool - HikariPool-1 - keepalive: connection com.mysql.cj.jdbc.ConnectionImpl@1793d6a5 is alive
2025-11-07 21:56:03 DEBUG [HikariPool-1:housekeeper] HikariPool - HikariPool-1 - Pool stats (total=10/10, idle=10/10, active=0, waiting=0)
2025-11-07 21:56:03 DEBUG [HikariPool-1:housekeeper] HikariPool - HikariPool-1 - Fill pool skipped, pool has sufficient level or currently being filled.
2025-11-07 21:56:16 DEBUG [HikariPool-1:housekeeper] HikariPool - HikariPool-1 - keepalive: connection com.mysql.cj.jdbc.ConnectionImpl@6468186d is alive
2025-11-07 21:56:33 DEBUG [HikariPool-1:housekeeper] HikariPool - HikariPool-1 - Pool stats (total=10/10, idle=10/10, active=0, waiting=0)
2025-11-07 21:56:33 DEBUG [HikariPool-1:housekeeper] HikariPool - HikariPool-1 - Fill pool skipped, pool has sufficient level or currently being filled.
2025-11-07 21:56:39 DEBUG [HikariPool-1:housekeeper] HikariPool - HikariPool-1 - keepalive: connection com.mysql.cj.jdbc.ConnectionImpl@1f905637 is alive
2025-11-07 21:56:41 DEBUG [HikariPool-1:housekeeper] HikariPool - HikariPool-1 - keepalive: connection com.mysql.cj.jdbc.ConnectionImpl@7c02b3cb is alive
2025-11-07 21:56:53 DEBUG [HikariPool-1:housekeeper] HikariPool - HikariPool-1 - keepalive: connection com.mysql.cj.jdbc.ConnectionImpl@771e0bcc is alive
2025-11-07 21:56:53 DEBUG [HikariPool-1:housekeeper] HikariPool - HikariPool-1 - keepalive: connection com.mysql.cj.jdbc.ConnectionImpl@9813027 is alive
2025-11-07 21:56:58 DEBUG [HikariPool-1:housekeeper] HikariPool - HikariPool-1 - keepalive: connection com.mysql.cj.jdbc.ConnectionImpl@12334561 is alive
2025-11-07 21:57:02 DEBUG [HikariPool-1:housekeeper] HikariPool - HikariPool-1 - keepalive: connection com.mysql.cj.jdbc.ConnectionImpl@32830e11 is alive
2025-11-07 21:57:03 DEBUG [HikariPool-1:housekeeper] HikariPool - HikariPool-1 - Pool stats (total=10/10, idle=10/10, active=0, waiting=0)
2025-11-07 21:57:03 DEBUG [HikariPool-1:housekeeper] HikariPool - HikariPool-1 - Fill pool skipped, pool has sufficient level or currently being filled.
2025-11-07 21:57:03 DEBUG [HikariPool-1:housekeeper] HikariPool - HikariPool-1 - keepalive: connection com.mysql.cj.jdbc.ConnectionImpl@44f8ee55 is alive
2025-11-07 21:57:17 DEBUG [HikariPool-1:housekeeper] HikariPool - HikariPool-1 - keepalive: connection com.mysql.cj.jdbc.ConnectionImpl@3db82764 is alive
2025-11-07 21:57:33 DEBUG [HikariPool-1:housekeeper] HikariPool - HikariPool-1 - Pool stats (total=10/10, idle=10/10, active=0, waiting=0)
2025-11-07 21:57:33 DEBUG [HikariPool-1:housekeeper] HikariPool - HikariPool-1 - Fill pool skipped, pool has sufficient level or currently being filled.
2025-11-07 21:57:38 DEBUG [HikariPool-1:housekeeper] HikariPool - HikariPool-1 - keepalive: connection com.mysql.cj.jdbc.ConnectionImpl@1793d6a5 is alive
2025-11-07 21:57:57 DEBUG [HikariPool-1:housekeeper] HikariPool - HikariPool-1 - keepalive: connection com.mysql.cj.jdbc.ConnectionImpl@6468186d is alive
2025-11-07 21:58:03 DEBUG [HikariPool-1:housekeeper] HikariPool - HikariPool-1 - Pool stats (total=10/10, idle=10/10, active=0, waiting=0)
2025-11-07 21:58:03 DEBUG [HikariPool-1:housekeeper] HikariPool - HikariPool-1 - Fill pool skipped, pool has sufficient level or currently being filled.
2025-11-07 21:58:26 DEBUG [HikariPool-1:housekeeper] HikariPool - HikariPool-1 - keepalive: connection com.mysql.cj.jdbc.ConnectionImpl@1f905637 is alive
2025-11-07 21:58:28 DEBUG [HikariPool-1:housekeeper] HikariPool - HikariPool-1 - keepalive: connection com.mysql.cj.jdbc.ConnectionImpl@7c02b3cb is alive
2025-11-07 21:58:33 DEBUG [HikariPool-1:housekeeper] HikariPool - HikariPool-1 - Pool stats (total=10/10, idle=10/10, active=0, waiting=0)
2025-11-07 21:58:33 DEBUG [HikariPool-1:housekeeper] HikariPool - HikariPool-1 - Fill pool skipped, pool has sufficient level or currently being filled.
2025-11-07 21:58:43 DEBUG [HikariPool-1:housekeeper] HikariPool - HikariPool-1 - keepalive: connection com.mysql.cj.jdbc.ConnectionImpl@771e0bcc is alive
2025-11-07 21:58:43 DEBUG [HikariPool-1:housekeeper] HikariPool - HikariPool-1 - keepalive: connection com.mysql.cj.jdbc.ConnectionImpl@9813027 is alive
2025-11-07 21:58:50 DEBUG [HikariPool-1:housekeeper] HikariPool - HikariPool-1 - keepalive: connection com.mysql.cj.jdbc.ConnectionImpl@12334561 is alive
2025-11-07 21:58:54 DEBUG [HikariPool-1:housekeeper] HikariPool - HikariPool-1 - keepalive: connection com.mysql.cj.jdbc.ConnectionImpl@32830e11 is alive
2025-11-07 21:58:56 DEBUG [HikariPool-1:housekeeper] HikariPool - HikariPool-1 - keepalive: connection com.mysql.cj.jdbc.ConnectionImpl@44f8ee55 is alive
2025-11-07 21:59:03 DEBUG [HikariPool-1:housekeeper] HikariPool - HikariPool-1 - Pool stats (total=10/10, idle=10/10, active=0, waiting=0)
2025-11-07 21:59:03 DEBUG [HikariPool-1:housekeeper] HikariPool - HikariPool-1 - Fill pool skipped, pool has sufficient level or currently being filled.
2025-11-07 21:59:13 DEBUG [HikariPool-1:housekeeper] HikariPool - HikariPool-1 - keepalive: connection com.mysql.cj.jdbc.ConnectionImpl@3db82764 is alive
2025-11-07 21:59:15 DEBUG [HikariPool-1:housekeeper] HikariPool - HikariPool-1 - keepalive: connection com.mysql.cj.jdbc.ConnectionImpl@1793d6a5 is alive
2025-11-07 21:59:33 DEBUG [HikariPool-1:housekeeper] HikariPool - HikariPool-1 - Pool stats (total=10/10, idle=10/10, active=0, waiting=0)
2025-11-07 21:59:33 DEBUG [HikariPool-1:housekeeper] HikariPool - HikariPool-1 - Fill pool skipped, pool has sufficient level or currently being filled.
2025-11-07 21:59:37 DEBUG [HikariPool-1:housekeeper] HikariPool - HikariPool-1 - keepalive: connection com.mysql.cj.jdbc.ConnectionImpl@6468186d is alive
